Book Name,Author,Rating,Rating_Filled,Number of Reviews,Log Reviews,Price,Description,Genre,Ranks and Genre,Audible Rank,Listening Time,Listening Time Minutes,Data_Source,Has_Description,Has_Genre,Has_Listening_Time,Book_Name_Key,Author_Key,Review_Group
The Fish Who Found the Sea,Alan Watts,5.0,5.0,30.0,3.4339872044851463,258.0,Unknown,Unknown,Unknown,,Unknown,,Catalog Only,0,0,0,the fish who found the sea,alan watts,0-50
Stop Making Sense: The Art of Inspiring Anybody,Michael J. Fanuele,5.0,5.0,28.0,3.367295829986474,844.0,Unknown,Unknown,Unknown,,Unknown,,Catalog Only,0,0,0,stop making sense: the art of inspiring anybody,michael j. fanuele,0-50
The Book of Esports: The Definitive Guide to Competitive Video Games,William Collis,5.0,5.0,25.0,3.258096538021482,586.0,Unknown,Unknown,Unknown,,Unknown,,Catalog Only,0,0,0,the book of esports: the definitive guide to competitive video games,william collis,0-50
The Master Key System Audiobook - All 28 Parts,Charles F. Haanel,5.0,5.0,21.0,3.091042453358316,668.0,Unknown,Unknown,Unknown,,Unknown,,Catalog Only,0,0,0,the master key system audiobook - all 28 parts,charles f. haanel,0-50
"Energy Healing for Trauma, Stress & Chronic Illness: Uncover & Transform the Subtle Energies that Are Causing Your Greatest Hardships",Cyndi Dale,5.0,5.0,17.0,2.8903717578961645,703.0,"Combining insights from mainstream science, psychology, and subtle healing modalities, this book provides a truly holistic approach to recovery. Renowned author and spiritual healer Cyndi Dale shares an impressive array of techniques for resolving challenging energetic and spiritual issues. Trauma and pain caused by environmental, physical, psychological, and spiritual forces can have major effects on every aspect of your life. Join Cyndi as she shows how to align with spirit guides, work with the chakras, locate hidden inner wounds, release other peoples' energies, and much more. You will also discover information related to the vagus nerve, mast cells, epigenetics, psychoneuroimmunology, and transgenerational inheritance so that you will have a deep understanding of the physical processes that are affected by energetic and emotional trauma.",Chakras | Stress Management | Spirituality (Books),",#3,474 in Audible Audiobooks & Originals (See Top 100 in Audible Audiobooks & Originals),#1 in Chakras,#44 in Stress Management,#601 in Spirituality (Books)",3474.0,10 hours and 11 minutes,611.0,Both,1,1,1,"energy healing for trauma, stress & chronic illness: uncover & transform the subtle energies that are causing your greatest hardships",cyndi dale,0-50
"Naked and Unafraid: 5 Keys to Abandon Smallness, Overcome Criticism, and Be All You Are Meant to Be",Kevin Gerald,5.0,5.0,17.0,2.8903717578961645,500.0,"It's time to live a vulnerable and expansive life, to not let self-criticism or the criticism of others determine who you are or what you do.",Unknown,Unknown,,Unknown,,Advanced Only,1,0,0,"naked and unafraid: 5 keys to abandon smallness, overcome criticism, and be all you are meant to be",kevin gerald,0-50
Coming Home to Yourself: A Meditator's Guide to Blissful Living,Osho,5.0,5.0,16.0,2.833213344056216,754.0,"A beautiful collection of mindfulness exercises for grounding, relaxation, and finding inner peace, from legendary spiritual guru Osho.",Meditation | Spirituality (Books) | Meditation (Books),",#4,193 in Audible Audiobooks & Originals (See Top 100 in Audible Audiobooks & Originals),#98 in Meditation (Audible Audiobooks & Originals),#727 in Spirituality (Books),#755 in Meditation (Books)",4193.0,4 hours and 4 minutes,244.0,Both,1,1,1,coming home to yourself: a meditator's guide to blissful living,osho,0-50
From a Mountain in Tibet: A Monk’s Journey,Lama Yeshe Losal Rinpoche,5.0,5.0,15.0,2.772588722239781,888.0,Unknown,Unknown,Unknown,,Unknown,,Catalog Only,0,0,0,from a mountain in tibet: a monk’s journey,lama yeshe losal rinpoche,0-50
Discover Your True North: Expanded and Updated Edition,Bill George,5.0,5.0,14.0,2.70805020110221,836.0,"The leadership classic, Discover Your True North, expanded for today's listeners.",Leadership | Analysis & Strategy,",#2,743 in Audible Audiobooks & Originals (See Top 100 in Audible Audiobooks & Originals),#121 in Leadership,#4,383 in Analysis & Strategy",2743.0,10 hours and 3 minutes,603.0,Both,1,1,1,discover your true north: expanded and updated edition,bill george,0-50
Selling Technology the Sandler Way: Finding Technical Solutions That Win Long-Term Business Relationships,Rich Chiarello,5.0,5.0,12.0,2.5649493574615367,586.0,"Rich Chiarello offers sales teams tasked with selling technical solutions a proven program for success, based on the Sandler Selling System. He shows salespeople how to identify the most pressing business problem that their tool, application, or platform solves - and how to create a joint project plan that delivers value for both buyer and seller.",Forecasting & Strategic Planning | Engineering & Technology (Books) | Analysis & Strategy,",#3,543 in Audible Audiobooks & Originals (See Top 100 in Audible Audiobooks & Originals),#65 in Forecasting & Strategic Planning,#1,744 in Engineering & Technology (Books),#5,828 in Analysis & Strategy",3543.0,3 hours and 3 minutes,183.0,Both,1,1,1,selling technology the sandler way: finding technical solutions that win long-term business relationships,rich chiarello,0-50
"Fighting for You: Bragan University Series, Book 2",Gianna Gabriela,5.0,5.0,11.0,2.4849066497880004,586.0,Jesse Falcon has dedicated his life to one cause: to fight against that which has taken so much from him.,Sports Fiction | Romance | Romance (Books),",#29,676 in Audible Audiobooks & Originals (See Top 100 in Audible Audiobooks & Originals),#35 in Sports Fiction,#3,180 in Romance (Audible Audiobooks & Originals),#116,918 in Romance (Books)",29676.0,5 hours and 52 minutes,352.0,Both,1,1,1,"fighting for you: bragan university series, book 2",gianna gabriela,0-50
Enterprise Agility: Being Agile in a Changing World,Sunil Mundra,5.0,5.0,10.0,2.3978952727983707,703.0,The biggest challenge enterprises face today is dealing with fast-paced change in all spheres of business. Enterprise Agility shows how an enterprise can address this challenge head on and thrive in the dynamic environment.,Unknown,Unknown,,Unknown,,Both,1,0,0,enterprise agility: being agile in a changing world,sunil mundra,0-50
Kahlil Gibran's Little Book of Wisdom,Kahlil Gibran,5.0,5.0,10.0,2.3978952727983707,468.0,Unknown,Unknown,Unknown,,Unknown,,Catalog Only,0,0,0,kahlil gibran's little book of wisdom,kahlil gibran,0-50
From Mindfulness to Insight: Meditations to Release Your Habitual Thinking and Activate Your Inherent Wisdom,Rob Nairn,5.0,5.0,9.0,2.302585092994046,562.0,Unknown,Unknown,Unknown,,Unknown,,Catalog Only,0,0,0,from mindfulness to insight: meditations to release your habitual thinking and activate your inherent wisdom,rob nairn,0-50
The Beasts of Tarzan,Edgar Rice Burroughs,5.0,5.0,9.0,2.302585092994046,656.0,Unknown,Unknown,Unknown,,Unknown,,Catalog Only,0,0,0,the beasts of tarzan,edgar rice burroughs,0-50
Exploring Vibrational Medicine,Richard Gerber,5.0,5.0,8.0,2.19722457733622,702.0,Unknown,Unknown,Unknown,,Unknown,,Catalog Only,0,0,0,exploring vibrational medicine,richard gerber,0-50
"Return to Black Bear Mountain: Hardy Boys Adventures, Book 20",Franklin W. Dixon,5.0,5.0,8.0,2.19722457733622,305.0,Brother detectives Frank and Joe face the dangers of Black Bear Mountain once again in the 20th book in the thrilling Hardy Boys Adventures series.,Unknown,Unknown,,Unknown,,Both,1,0,0,"return to black bear mountain: hardy boys adventures, book 20",franklin w. dixon,0-50
The Dungeon of Doom: Hank the Cowdog,John R. Erickson,5.0,5.0,8.0,2.19722457733622,469.0,Unknown,Unknown,Unknown,,Unknown,,Catalog Only,0,0,0,the dungeon of doom: hank the cowdog,john r. erickson,0-50
"27 Essential Principles of Story: Master the Secrets of Great Storytelling, from Shakespeare to South Park",Daniel Joshua Rubin,5.0,5.0,7.0,2.079441541679836,656.0,Unknown,Unknown,Unknown,,Unknown,,Catalog Only,0,0,0,"27 essential principles of story: master the secrets of great storytelling, from shakespeare to south park",daniel joshua rubin,0-50
"The Soccer Mystery: The Boxcar Children Mysteries, Book 60",Gertrude Chandler Warner,5.0,5.0,7.0,2.079441541679836,284.0,"The Aldens are all on the same soccer team, and know that winning isn't as important as having fun. But is someone trying to ruin the soccer league? Practice balls get deflated, a goalie's gloves are ruined, and a player is locked in the locker room during an important game. What's going on?",Unknown,Unknown,,Unknown,,Advanced Only,1,0,0,"the soccer mystery: the boxcar children mysteries, book 60",gertrude chandler warner,0-50
"Finding Ultra: Rejecting Middle Age, Becoming One of the World’s Fittest Men, and Discovering Myself",Rich Roll,5.0,5.0,6.0,1.9459101490553128,702.0,An incredible but true account of achieving one of the most awe-inspiring midlife physical transformations ever,Triathlon | Cycling | Triathlon (Books),",#4,176 in Audible Audiobooks & Originals (See Top 100 in Audible Audiobooks & Originals),#1 in Triathlon (Audible Audiobooks & Originals),#2 in Cycling (Audible Audiobooks & Originals),#4 in Triathlon (Books)",4176.0,9 hours and 47 minutes,587.0,Both,1,1,1,"finding ultra: rejecting middle age, becoming one of the world’s fittest men, and discovering myself",rich roll,0-50
Geronimo Stilton #15 and #16,Geronimo Stilton,5.0,5.0,6.0,1.9459101490553128,467.0,Unknown,Unknown,Unknown,,Unknown,,Both,0,0,0,geronimo stilton #15 and #16,geronimo stilton,0-50
HBR's 10 Must Reads on Managing in a Downturn: HBR's 10 Must Reads Series,Harvard Business Review,5.0,5.0,6.0,1.9459101490553128,469.0,Unknown,Unknown,Unknown,,Unknown,,Catalog Only,0,0,0,hbr's 10 must reads on managing in a downturn: hbr's 10 must reads series,harvard business review,0-50
"HBR's 10 Must Reads on Strategy, Vol. 2: HBR's 10 Must Reads Series",Harvard Business Review,5.0,5.0,6.0,1.9459101490553128,586.0,Do you have the right strategy to lead your company into the future?,Non-Profits & Charities | Occupational & Organisational Psychology | Organisational Behaviour,",#3,883 in Audible Audiobooks & Originals (See Top 100 in Audible Audiobooks & Originals),#8 in Non-Profits & Charities,#11 in Occupational & Organisational Psychology,#42 in Organisational Behaviour",3883.0,6 hours and 23 minutes,383.0,Both,1,1,1,"hbr's 10 must reads on strategy, vol. 2: hbr's 10 must reads series",harvard business review,0-50
Mann Ke Manjeere,Rachna Bhola Yamini',5.0,5.0,6.0,1.9459101490553128,233.0,Unknown,Unknown,Unknown,,Unknown,,Catalog Only,0,0,0,mann ke manjeere,rachna bhola yamini',0-50
Merlin Mission Collection: A Crazy Day with Cobras; Dogs in the Dead of Night; Abe Lincoln at Last!; A Perfect Time for Pandas; and more,Mary Pope Osborne,5.0,5.0,6.0,1.9459101490553128,1256.0,"Merlin Mission books 17-24 of the number-one New York Times best-selling Magic Tree House series, available together for the first time ever!",Unknown,Unknown,,Unknown,,Advanced Only,1,0,0,merlin mission collection: a crazy day with cobras; dogs in the dead of night; abe lincoln at last!; a perfect time for pandas; and more,mary pope osborne,0-50
Nutrition Made Clear,Roberta H. Anding,5.0,5.0,6.0,1.9459101490553128,1405.0,"Nutrition is essential to living a healthy, happy, and successful life. Yet a world of misconceptions and promises of easy results too often stands in our way - and can even be harmful to our overall health.","Diets, Nutrition & Healthy Eating | Healthy Living & Wellness",",#1,259 in Audible Audiobooks & Originals (See Top 100 in Audible Audiobooks & Originals),#12 in Diets, Nutrition & Healthy Eating,#873 in Healthy Living & Wellness",1259.0,18 hours and 39 minutes,1119.0,Advanced Only,1,1,1,nutrition made clear,roberta h. anding,0-50
Sherlock Holmes: The Definitive Collection,Arthur Conan Doyle,5.0,5.0,6.0,1.9459101490553128,3037.0,"Now updated to include Chapter Name Information, so you can easily find your favourite story or novel","Private Investigator Mysteries | Crime, Thriller & Mystery (Books)",",#15 in Audible Audiobooks & Originals (See Top 100 in Audible Audiobooks & Originals),#1 in Private Investigator Mysteries,#14 in Crime, Thriller & Mystery (Books)",15.0,71 hours and 57 minutes,4317.0,Both,1,1,1,sherlock holmes: the definitive collection,arthur conan doyle,0-50
The Bronte BBC Radio Drama Collection: Seven Full-Cast Dramatisations,Charlotte Bronte,5.0,5.0,6.0,1.9459101490553128,1093.0,Unknown,Unknown,Unknown,,Unknown,,Both,0,0,0,the bronte bbc radio drama collection: seven full-cast dramatisations,charlotte bronte,0-50
"The Indian Army: Reminiscences, Reforms & Romance",H. S. Panag,5.0,5.0,6.0,1.9459101490553128,668.0,"In the essays that comprise The Indian Army: Reminiscences, Reforms & Romance, Lieutenant General H. S. Panag examines burning questions surrounding the Indian armed forces: their exploitation by neo- nationalists; an intrusive media’s projection of the army as the sole flag bearer of patriotism; the obsession with Pakistan as an impending threat to national security; the intense militarisation of Kashmir post the abrogation of Article 370; and equal opportunities for women in combat, among other issues.",Military History | Military History (Books) | Textbooks & Study Guides,",#2,180 in Audible Audiobooks & Originals (See Top 100 in Audible Audiobooks & Originals),#34 in Military History (Audible Audiobooks & Originals),#317 in Military History (Books),#24,407 in Textbooks & Study Guides",2180.0,9 hours,540.0,Both,1,1,1,"the indian army: reminiscences, reforms & romance",h. s. panag,0-50
"Theater of the Imagination, Volume II",Clarissa Pinkola Estes,5.0,5.0,6.0,1.9459101490553128,1640.0,Unknown,Unknown,Unknown,,Unknown,,Catalog Only,0,0,0,"theater of the imagination, volume ii",clarissa pinkola estes,0-50
Whispers of War: An Afghan Freedom Fighter’s Account of the Soviet Invasion,Masood Khalili,5.0,5.0,6.0,1.9459101490553128,836.0,Unknown,Unknown,Unknown,,Unknown,,Catalog Only,0,0,0,whispers of war: an afghan freedom fighter’s account of the soviet invasion,masood khalili,0-50
Ayurveda: Natural Health Practices for Your Body Type From the World's Oldest Healing Tradition,Vasant Lad,5.0,5.0,5.0,1.791759469228055,656.0,Unknown,Unknown,Unknown,,Unknown,,Both,0,0,0,ayurveda: natural health practices for your body type from the world's oldest healing tradition,vasant lad,0-50
Bol Bachchan [Speak Bachchan],Rupesh Dubey,5.0,5.0,5.0,1.791759469228055,668.0,"Author Rupesh Dubey delves into the life of Indian cinema superstar Amitabh Bachchan in this compelling compilation of incidents from his journey in cinema, dialogues from his films and lessons from his life. An inspiring and motivating audiobook, it draws success mantras from the life and work of the actor. Describing it as a self-help book, the author goes back to the early struggles of Bachchan, connecting them with our deepest aspirations. What is success, and does happiness precede or follow success? He reflects on such questions by digging deeper into the trials and tribulations of Bachchan’s rise to fame. In his conversational style, the writer cites examples from everyday life and invites the listeners to think with him, as if he were sharing his thoughts and wisdom with a friend. He points out that in Indian cinema, any film that has a star cast will easily land a producer, distributors and dates for theatrical release and even draw in the advance bookings. Similarly, happiness is a superstar, he says. Through the audiobook, he explains how we can take control of our destiny and be the producer, director and star of our own lives. Bachchan’s life provides insight into how one can persevere through hope, despair, challenges and opportunities. What can we learn from his personal journey and from his larger-than-life image on the screen?",Biographies of Celebrities & Entertainment Professionals | Personal Success | Biographies & Autobiographies (Books),",#2,438 in Audible Audiobooks & Originals (See Top 100 in Audible Audiobooks & Originals),#22 in Biographies of Celebrities & Entertainment Professionals,#351 in Personal Success,#3,030 in Biographies & Autobiographies (Books)",2438.0,5 hours and 28 minutes,328.0,Both,1,1,1,bol bachchan [speak bachchan],rupesh dubey,0-50
Boo Aur Anya Kahaniyan [Bu and Other Stories],Saadat Hasan Manto,5.0,5.0,5.0,1.791759469228055,668.0,"""If you find my stories obscene or filthy, then the society you are living in is obscene and dirty"", once said Manto. While Manto was time and again accused of obscenity, his stories, however, addressed several social issues. With his astute understanding of the complexity of human nature and his ability to write gripping stories, Manto was considered one of the most powerful voices of his time. This collection brings together some of Manto's most popular stories including ""Blouse"", ""Shikari Auratein"", and ""Janaki.""",Fiction Short Stories | Short Stories (Books),",#415 in Audible Audiobooks & Originals (See Top 100 in Audible Audiobooks & Originals),#6 in Fiction Short Stories,#161 in Short Stories (Books)",415.0,6 hours and 29 minutes,389.0,Both,1,1,1,boo aur anya kahaniyan [bu and other stories],saadat hasan manto,0-50
HBR Guide to Making Better Decisions: HBR Insights Series,Harvard Business Review,5.0,5.0,5.0,1.791759469228055,586.0,Unknown,Unknown,Unknown,,Unknown,,Catalog Only,0,0,0,hbr guide to making better decisions: hbr insights series,harvard business review,0-50
Reflections on the Artist's Way,Julia Cameron,5.0,5.0,5.0,1.791759469228055,445.0,Unknown,Creativity | Philosophy | Personal Success,",#768 in Audible Audiobooks & Originals (See Top 100 in Audible Audiobooks & Originals),#7 in Creativity,#33 in Philosophy (Audible Audiobooks & Originals),#131 in Personal Success",768.0,2 hours and 42 minutes,162.0,Both,0,1,1,reflections on the artist's way,julia cameron,0-50
"The History of the United States, 2nd Edition",The Great Courses,5.0,5.0,5.0,1.791759469228055,2008.0,Unknown,Unknown,Unknown,,Unknown,,Advanced Only,0,0,0,"the history of the united states, 2nd edition",the great courses,0-50
The Original Be Here Now Talks,Ram Dass,5.0,5.0,5.0,1.791759469228055,603.0,Unknown,Unknown,Unknown,,Unknown,,Catalog Only,0,0,0,the original be here now talks,ram dass,0-50
"Destiny in Flames: Hidden Realms of Silver Lake Series, Book 4",Vella Day,5.0,5.0,4.0,1.6094379124341005,586.0,One shifter. One mate. No exceptions.,Fantasy Romance | Paranormal Romance | Romance (Books),",#29,864 in Audible Audiobooks & Originals (See Top 100 in Audible Audiobooks & Originals),#209 in Fantasy Romance,#290 in Paranormal Romance,#117,694 in Romance (Books)",29864.0,6 hours and 34 minutes,394.0,Both,1,1,1,"destiny in flames: hidden realms of silver lake series, book 4",vella day,0-50
Es Dhammo Sanantano Vol. 1,OSHO,5.0,5.0,4.0,1.6094379124341005,502.0,Unknown,Unknown,Unknown,,Unknown,,Catalog Only,0,0,0,es dhammo sanantano vol. 1,osho,0-50
Jacob's Hands: A Fable,Aldous Huxley,5.0,5.0,4.0,1.6094379124341005,434.0,"Jacob Ericson, a shy, enigmatic, and somewhat inept ranch hand learns that his hands possess the mysterious gift of healing: a gift he uses to cure animals and Sharon, the woman he adores. His gift is quickly exploited and the boundaries of his charm and naïveté begin to stretch. Following Sharon to Los Angeles, Jacob offers his healing powers for free at a church in Los Angeles, and then at a seedy stage show where his beloved Sharon also works. It is when Jacob's gift is recruited to heal Earl Medwin, an eccentric, ailing young millionaire, that the love and security for which he has worked so hard begin to collapse. Jacob's Hands is a seamlessly crafted tale showing the dangers that a magical gift will undoubtedly bring to even the sincerest of characters.",Unknown,Unknown,,Unknown,,Advanced Only,1,0,0,jacob's hands: a fable,aldous huxley,0-50
Ramayana: An Ancient Indian Epic,Ayur Pulle,5.0,5.0,4.0,1.6094379124341005,233.0,"The great Indian epic - the Ramayana - has been told and retold over thousands of years by poets, performers, and writers. It is a tale of courage and fear, love and hate, devotion and betrayal. The epic spans the three worlds of gods, humans, and demons. Here, the forces of good and evil collide, locked in a battle for the ultimate supremacy. Rama, the crown prince of Kosala, descendent of the timeless Surya dynasty, must face unimaginable danger, but what lies in his destiny?",History of Religion | Fairy Tale Fantasy | Literature & Fiction,",#3,620 in Audible Audiobooks & Originals (See Top 100 in Audible Audiobooks & Originals),#7 in History of Religion (Audible Audiobooks & Originals),#20 in Fairy Tale Fantasy,#854 in Literature & Fiction (Audible Audiobooks & Originals)",3620.0,1 hour and 7 minutes,67.0,Both,1,1,1,ramayana: an ancient indian epic,ayur pulle,0-50
The Chakra System: A Complete Course in Self-Diagnosis and Healing,Anodea Judith,5.0,5.0,4.0,1.6094379124341005,1148.0,Unknown,Unknown,Unknown,,Unknown,,Catalog Only,0,0,0,the chakra system: a complete course in self-diagnosis and healing,anodea judith,0-50
"The Feynman Lectures on Physics: Volume 8, Feynman on Light",Richard P. Feynman,5.0,5.0,4.0,1.6094379124341005,938.0,Unknown,Unknown,Unknown,,Unknown,,Catalog Only,0,0,0,"the feynman lectures on physics: volume 8, feynman on light",richard p. feynman,0-50
The Innovators: Die Vordenker der digitalen Revolution von Ada Lovelace bis Steve Jobs,Walter Isaacson,5.0,5.0,4.0,1.6094379124341005,1206.0,Unknown,Unknown,Unknown,,Unknown,,Advanced Only,0,0,0,the innovators: die vordenker der digitalen revolution von ada lovelace bis steve jobs,walter isaacson,0-50
The Kissinger Transcripts: The Top Secret Talks with Beijing and Moscow,edited by William Burr,5.0,5.0,4.0,1.6094379124341005,836.0,Unknown,Unknown,Unknown,,Unknown,,Catalog Only,0,0,0,the kissinger transcripts: the top secret talks with beijing and moscow,edited by william burr,0-50
The Oscar Wilde BBC Radio Drama Collection: Five Full-Cast Productions,Oscar Wilde,5.0,5.0,4.0,1.6094379124341005,957.0,Unknown,Unknown,Unknown,,Unknown,,Both,0,0,0,the oscar wilde bbc radio drama collection: five full-cast productions,oscar wilde,0-50
"The Secret of Happiness: Discovering the Source of Contentment, Peace, and Joy",Eckhart Tolle,5.0,5.0,4.0,1.6094379124341005,410.0,"When we resist the present moment, we close the door to happiness. But when we align with what is, we access the source of lasting peace and contentment. On The Secret of Happiness, Eckhart Tolle invites you to experience how your sense of joy and fulfillment radically changes through the awakening of consciousness and the realization of who you are beyond the content of your thoughts.",Spiritualism | Personal Success | Christianity (Books),",#3,847 in Audible Audiobooks & Originals (See Top 100 in Audible Audiobooks & Originals),#32 in Spiritualism,#520 in Personal Success,#1,377 in Christianity (Books)",3847.0,3 hours and 12 minutes,192.0,Both,1,1,1,"the secret of happiness: discovering the source of contentment, peace, and joy",eckhart tolle,0-50
The Ultimate Spider-Man,Stan Lee,5.0,5.0,4.0,1.6094379124341005,703.0,"Beginning with a novella by Spider-Man's co-creator Stan Lee and veteran Marvel writer Peter David retelling the wall-crawler's origin, this exciting anthology has original stories featuring one of the world's most enduring heroes.",Superhero Fiction for Teens | Superhero Fantasy | Literature Anthologies,",#1,822 in Audible Audiobooks & Originals (See Top 100 in Audible Audiobooks & Originals),#1 in Superhero Fiction for Teens,#2 in Superhero Fantasy,#14 in Literature Anthologies",1822.0,9 hours and 28 minutes,568.0,Advanced Only,1,1,1,the ultimate spider-man,stan lee,0-50
War and Peace: BBC Radio 4 full-cast dramatisation,Leo Tolstoy,5.0,5.0,4.0,1.6094379124341005,888.0,"Paterson Joseph, John Hurt, Lesley Manville and Harriet Walter are among the cast of BBC Radio 4's epic full-cast dramatisation. Adapted for radio by Timberlake Wertenbaker, Leo Tolstoy's epic story follows the fortunes of three Russian aristocratic families during the Napoleonic War. First broadcast on New Year's Day 2015, the drama also features Alun Armstrong, Natasha Little, David Calder, Phoebe Fox, Sam Reid and Joanna David. Duration: 10 hours approx.",Russian Literature | Drama & Plays | Historical Fiction,",#1,290 in Audible Audiobooks & Originals (See Top 100 in Audible Audiobooks & Originals),#2 in Russian Literature,#2 in Drama & Plays (Audible Audiobooks & Originals),#40 in Historical Fiction (Audible Audiobooks & Originals)",1290.0,9 hours and 38 minutes,578.0,Both,1,1,1,war and peace: bbc radio 4 full-cast dramatisation,leo tolstoy,0-50
Ah This!: Talks on Zen,Osho,5.0,5.0,3.0,1.3862943611198906,351.0,"If you are interested in knowing how to take an inner journey, how to find your soul - read on!",Unknown,",            5 star,          ,            ,              100%,            ,",,13 hours and 13 minutes,793.0,Both,1,0,1,ah this!: talks on zen,osho,0-50
All About Drones,Tracy Abell,5.0,5.0,3.0,1.3862943611198906,93.0,Unknown,Unknown,Unknown,,Unknown,,Both,0,0,0,all about drones,tracy abell,0-50
Chakallas (Hindi Edition),Amritlal Nagar,5.0,5.0,3.0,1.3862943611198906,668.0,Unknown,Unknown,Unknown,,Unknown,,Catalog Only,0,0,0,chakallas (hindi edition),amritlal nagar,0-50
Essential Meditations with Eckhart Tolle: Guided Sessions and Practical Teachings,Eckhart Tolle,5.0,5.0,3.0,1.3862943611198906,1149.0,Discover the timeless Presence beyond thought in this collection of meditations from Eckhart Tolle,"Meditation | Meditation (Books) | Mind, Body & Spirit",",#2,441 in Audible Audiobooks & Originals (See Top 100 in Audible Audiobooks & Originals),#62 in Meditation (Audible Audiobooks & Originals),#433 in Meditation (Books),#2,617 in Mind, Body & Spirit",2441.0,7 hours and 38 minutes,458.0,Both,1,1,1,essential meditations with eckhart tolle: guided sessions and practical teachings,eckhart tolle,0-50
Fireworks and Fertility,Macye Lavinder Maher,5.0,5.0,3.0,1.3862943611198906,538.0,Unknown,Unknown,Unknown,,Unknown,,Advanced Only,0,0,0,fireworks and fertility,macye lavinder maher,0-50
Improve Your Communication Skills: Creating Success,Alan Barker,5.0,5.0,3.0,1.3862943611198906,469.0,"Improve Your Communication Skills is your practical guide to effective verbal, non-verbal, and written communication in business. Full of proven tips and techniques, it will help you keep the interest of a large audience, impress a potential employer, or simply win the argument at an important meeting.",Business Communication | Business Careers | Personal Success,",#5,225 in Audible Audiobooks & Originals (See Top 100 in Audible Audiobooks & Originals),#49 in Business Communication (Audible Audiobooks & Originals),#149 in Business Careers,#692 in Personal Success",5225.0,3 hours and 50 minutes,230.0,Both,1,1,1,improve your communication skills: creating success,alan barker,0-50
"Kristy and the Sister War: The Baby-Sitters Club, Book 112",Ann M. Martin,5.0,5.0,3.0,1.3862943611198906,333.0,Unknown,Unknown,Unknown,,Unknown,,Both,0,0,0,"kristy and the sister war: the baby-sitters club, book 112",ann m. martin,0-50
Malabar Mind,Anita Nair,5.0,5.0,3.0,1.3862943611198906,233.0,Unknown,Unknown,Unknown,,Unknown,,Both,0,0,0,malabar mind,anita nair,0-50
Mysteries of the Universe: Answerable and Unanswerable Questions,Peter Altman,5.0,5.0,3.0,1.3862943611198906,668.0,Unknown,Unknown,Unknown,,Unknown,,Both,0,0,0,mysteries of the universe: answerable and unanswerable questions,peter altman,0-50
Screenwriting for Hollywood,Michael Hauge,5.0,5.0,3.0,1.3862943611198906,501.0,Unknown,Unknown,Unknown,,Unknown,,Catalog Only,0,0,0,screenwriting for hollywood,michael hauge,0-50
"Sea Slime: It's Eeuwy, Gooey and Under the Sea",Ellen Prager,5.0,5.0,3.0,1.3862943611198906,23.0,Unknown,Unknown,Unknown,,Unknown,,Advanced Only,0,0,0,"sea slime: it's eeuwy, gooey and under the sea",ellen prager,0-50
The Effective Executive: Effektivität und Handlungsfähigkeit in der Führungsrolle gewinnen,Peter F. Drucker,5.0,5.0,3.0,1.3862943611198906,793.0,Unknown,Unknown,Unknown,,Unknown,,Catalog Only,0,0,0,the effective executive: effektivität und handlungsfähigkeit in der führungsrolle gewinnen,peter f. drucker,0-50
The Ultimate X-Men,Stan Lee,5.0,5.0,3.0,1.3862943611198906,703.0,"This gripping new anthology has over a dozen original tales starring the top-selling mutant heroes, the uncanny X-Men, dealing with their greatest foes, as well as the day-to-day trials of being mutants - trying to protect the world they've sworn to protect, a world that hates them for what they are!",Superhero Fiction for Teens | Superhero Fantasy | Literature Anthologies,",#3,356 in Audible Audiobooks & Originals (See Top 100 in Audible Audiobooks & Originals),#2 in Superhero Fiction for Teens,#5 in Superhero Fantasy,#21 in Literature Anthologies",3356.0,7 hours and 26 minutes,446.0,Both,1,1,1,the ultimate x-men,stan lee,0-50
The Visitor: A Roald Dahl Short Story,Roald Dahl,5.0,5.0,3.0,1.3862943611198906,410.0,"The unabridged, digital audiobook edition of ""The Visitor"", an amusing and chilling story from Roald Dahl, the master of the twist in the tale, read by actors Derek Jacobi and Richard E. Grant. In 'The Visitor', Roald Dahl, one of the world’s favourite authors, tells a funny, fruity story about one of his favourite characters, adventurer and seducer Oswald Hendryks Cornelius. Here, Uncle Oswald gets more than he bargained for in Arabia....",Literature Anthologies | Humorous Fiction | Fiction Short Stories,",#4,981 in Audible Audiobooks & Originals (See Top 100 in Audible Audiobooks & Originals),#28 in Literature Anthologies,#47 in Humorous Fiction,#55 in Fiction Short Stories",4981.0,1 hour and 56 minutes,116.0,Both,1,1,1,the visitor: a roald dahl short story,roald dahl,0-50
The Way Up to Heaven: A Roald Dahl Short Story,Roald Dahl,5.0,5.0,3.0,1.3862943611198906,410.0,Unknown,Unknown,Unknown,,Unknown,,Catalog Only,0,0,0,the way up to heaven: a roald dahl short story,roald dahl,0-50
Understanding the Brain: From Cells to Behavior to Cognition,John E. Dowling,5.0,5.0,3.0,1.3862943611198906,586.0,Unknown,Unknown,Unknown,,Unknown,,Both,0,0,0,understanding the brain: from cells to behavior to cognition,john e. dowling,0-50
Ashtavakra Mahagitaa Vol. 1,OSHO,5.0,5.0,2.0,1.0986122886681098,502.0,Unknown,Unknown,Unknown,,Unknown,,Catalog Only,0,0,0,ashtavakra mahagitaa vol. 1,osho,0-50
Ayurvedic Wellness: The Art and Science of Vibrant Health,Suhas Kshirsagar BAMS,5.0,5.0,2.0,1.0986122886681098,1148.0,"Discover the Ancient Science of Health, Vitality, and Happiness",Fitness Workouts | Weight Loss Diets | Middle Eastern History (Books),",#970 in Audible Audiobooks & Originals (See Top 100 in Audible Audiobooks & Originals),#2 in Fitness Workouts,#5 in Weight Loss Diets,#30 in Middle Eastern History (Books)",970.0,6 hours and 22 minutes,382.0,Both,1,1,1,ayurvedic wellness: the art and science of vibrant health,suhas kshirsagar bams,0-50
"China, India, and the United States: The Future of Economic Supremacy",Peter Rodriguez,5.0,5.0,2.0,1.0986122886681098,333.0,Unknown,Unknown,Unknown,,Unknown,,Catalog Only,0,0,0,"china, india, and the united states: the future of economic supremacy",peter rodriguez,0-50
Dan Brown: Audible Sessions: FREE Exclusive Interview,Holly Newson,5.0,5.0,2.0,1.0986122886681098,0.0,Unknown,Unknown,Unknown,,Unknown,,Advanced Only,0,0,0,dan brown: audible sessions: free exclusive interview,holly newson,0-50
"Danielle Steel Value Collection: Fine Things, Jewels, Vanished",Danielle Steel,5.0,5.0,2.0,1.0986122886681098,902.0,Unknown,Unknown,Unknown,,Unknown,,Catalog Only,0,0,0,"danielle steel value collection: fine things, jewels, vanished",danielle steel,0-50
Dick Barton: Special Agent: The Complete BBC Radio Collection,Edward J. Mason,5.0,5.0,2.0,1.0986122886681098,1093.0,Unknown,Unknown,Unknown,,Unknown,,Catalog Only,0,0,0,dick barton: special agent: the complete bbc radio collection,edward j. mason,0-50
Doctor Who: Eleventh Doctor Tales: Eleventh Doctor Audio Originals,Oli Smith,5.0,5.0,2.0,1.0986122886681098,1093.0,Unknown,Unknown,Unknown,,Unknown,,Catalog Only,0,0,0,doctor who: eleventh doctor tales: eleventh doctor audio originals,oli smith,0-50
Enterprise Artificial Intelligence Transformation,Rashed Haq,5.0,5.0,2.0,1.0986122886681098,586.0,Unknown,Unknown,Unknown,,Unknown,,Catalog Only,0,0,0,enterprise artificial intelligence transformation,rashed haq,0-50
Great Speeches and Soliloquies,Simon Russell Beale,5.0,5.0,2.0,1.0986122886681098,422.0,Unknown,Unknown,Unknown,,Unknown,,Catalog Only,0,0,0,great speeches and soliloquies,simon russell beale,0-50
Jugaad 3.0,Simone Ahuja,5.0,5.0,2.0,1.0986122886681098,879.0,Unknown,Unknown,Unknown,,Unknown,,Both,0,0,0,jugaad 3.0,simone ahuja,0-50
Kutti and the Mouse,Shobha Viswanath,5.0,5.0,2.0,1.0986122886681098,75.0,Unknown,Unknown,Unknown,,Unknown,,Catalog Only,0,0,0,kutti and the mouse,shobha viswanath,0-50
Leave It Be: Alan Watts on the Art of Meditation,Alan Watts,5.0,5.0,2.0,1.0986122886681098,1313.0,Unknown,Unknown,Unknown,,Unknown,,Catalog Only,0,0,0,leave it be: alan watts on the art of meditation,alan watts,0-50
"Life Changing Secrets from the 3 Masters of Success: Three Habits to Achieve Abundance in Your Finances, Your Relationships,Your Health, and Your Life",Joseph Murphy,5.0,5.0,2.0,1.0986122886681098,469.0,This audiobook is about the way the world really works. Certain unseen principles control the translation of our desires to reality. These lie in the power of your mind. They are laid out here clearly and straightforwardly: Follow the process; success will be yours.,Unknown,Unknown,,Unknown,,Both,1,0,0,"life changing secrets from the 3 masters of success: three habits to achieve abundance in your finances, your relationships,your health, and your life",joseph murphy,0-50
Life: A User’s Manual: Philosophy for Every and Any Eventuality,Julian Baggini,5.0,5.0,2.0,1.0986122886681098,888.0,Brought to you by Penguin.,Philosophy of Society | Textbooks & Study Guides,",#3,031 in Audible Audiobooks & Originals (See Top 100 in Audible Audiobooks & Originals),#9 in Philosophy of Society,#34,065 in Textbooks & Study Guides",3031.0,12 hours and 41 minutes,761.0,Both,1,1,1,life: a user’s manual: philosophy for every and any eventuality,julian baggini,0-50
Livewired: The Inside Story of the Ever-Changing Brain,David Eagleman,5.0,5.0,2.0,1.0986122886681098,949.0,Unknown,Unknown,Unknown,,Unknown,,Catalog Only,0,0,0,livewired: the inside story of the ever-changing brain,david eagleman,0-50
Mark Twain - The Complete Novels,Mark Twain,5.0,5.0,2.0,1.0986122886681098,32.0,Unknown,Unknown,Unknown,,Unknown,,Both,0,0,0,mark twain - the complete novels,mark twain,0-50
Of Privacy and Power: The Transatlantic Struggle over Freedom and Security,Henry Farrell,5.0,5.0,2.0,1.0986122886681098,586.0,"We live in an interconnected world, where security problems like terrorism are spilling across borders, and globalized data networks and e-commerce platforms are reshaping the world economy. This means that states' jurisdictions and rule systems clash. How have they negotiated their differences over freedom and security? Of Privacy and Power investigates how the European Union and United States, the two major regulatory systems in world politics, have regulated privacy and security, and how their agreements and disputes have reshaped the transatlantic relationship.",Computer Security | Economic Conditions (Books) | International Relations & Globalization,",#183 in Computer Security,#244 in Economic Conditions (Books),#658 in International Relations & Globalization",,8 hours and 52 minutes,532.0,Advanced Only,1,1,1,of privacy and power: the transatlantic struggle over freedom and security,henry farrell,0-50
"Savarkar: Echoes of a Forgotton Past, Vol. 1: Part 2",Vikram Sampath,5.0,5.0,2.0,1.0986122886681098,879.0,"As the intellectual fountainhead of the ideology of Hindutva, which is in political ascendancy in India today, Vinayak Damodar Savarkar is undoubtedly one of the most contentious political thinkers and leaders of the 20th century.",Colonialism & Post-Colonialism | Political Freedom & Security | Biographies of Politicians,",#2,070 in Audible Audiobooks & Originals (See Top 100 in Audible Audiobooks & Originals),#5 in Colonialism & Post-Colonialism,#16 in Political Freedom & Security (Audible Audiobooks & Originals),#18 in Biographies of Politicians",2070.0,8 hours and 33 minutes,513.0,Both,1,1,1,"savarkar: echoes of a forgotton past, vol. 1: part 2",vikram sampath,0-50
Tales of Horror and Suspense: 50 Great Classic Horror Stories,H. P. Lovecraft,5.0,5.0,2.0,1.0986122886681098,3416.0,Unknown,Unknown,Unknown,,Unknown,,Catalog Only,0,0,0,tales of horror and suspense: 50 great classic horror stories,h. p. lovecraft,0-50
The 108 Upanishads: An Introduction,Roshen Dalal,5.0,5.0,2.0,1.0986122886681098,1256.0,"This book is a thoroughly researched primer on the 108 Upanishads, philosophical treatises that form a part of the Vedas, the revered Hindu texts. These Upanishads contain the most crystallized bits of wisdom gleaned from Hinduism. Roshen Dalal explains the concepts at the core of each Upanishad clearly and lucidly. Moreover, her vast, diverse philosophical and theological readings add priceless scholarly context to this comprehensive and fascinating volume.",History of Religion | Religious History | Religion & Philosophy,",#301 in Audible Audiobooks & Originals (See Top 100 in Audible Audiobooks & Originals),#2 in History of Religion (Audible Audiobooks & Originals),#2 in Religious History,#2 in Religion & Philosophy",301.0,16 hours and 37 minutes,997.0,Advanced Only,1,1,1,the 108 upanishads: an introduction,roshen dalal,0-50
The Art of Public Speaking: Lessons from the Greatest Speeches in History,John R. Hale,5.0,5.0,2.0,1.0986122886681098,501.0,"Being a great public speaker can put you on the pathway to success, whether you're looking to teach, inform, persuade, or defend an idea. Yet many of us live in fear of public speaking. We experience stage fright or believe that speeches are best left to those with more intuitive talent. But nothing could be further from the truth.",Unknown,Unknown,,Unknown,,Both,1,0,0,the art of public speaking: lessons from the greatest speeches in history,john r. hale,0-50
"The Caboose Mystery: The Boxcar Children Mysteries, Vol. 11",Gertrude Chandler Warner,5.0,5.0,2.0,1.0986122886681098,234.0,Unknown,Unknown,Unknown,,Unknown,,Catalog Only,0,0,0,"the caboose mystery: the boxcar children mysteries, vol. 11",gertrude chandler warner,0-50
The Fall and Rise of China,Richard Baum,5.0,5.0,2.0,1.0986122886681098,1774.0,"How can we account for China’s momentous - and almost wholly unanticipated - global rise? And what does it mean, for us in the West and for humanity’s future?",Ancient History | World History | Ancient History (Books),",#4,725 in Audible Audiobooks & Originals (See Top 100 in Audible Audiobooks & Originals),#24 in Ancient History (Audible Audiobooks & Originals),#80 in World History (Audible Audiobooks & Originals),#397 in Ancient History (Books)",4725.0,24 hours and 8 minutes,1448.0,Advanced Only,1,1,1,the fall and rise of china,richard baum,0-50
The First Time He Hit Her: The Murder of Tara Costigan,Heidi Lemon,5.0,5.0,2.0,1.0986122886681098,805.0,Unknown,Unknown,Unknown,,Unknown,,Both,0,0,0,the first time he hit her: the murder of tara costigan,heidi lemon,0-50
The Lion and the Mouse,Lavanya R. N,5.0,5.0,2.0,1.0986122886681098,75.0,"Can a lion and a mouse ever be friends? This story, narrated brilliantly by Karthik Kumar, will show you a mighty lion realizing that even the littlest of friends are worth having.","Lions, Tigers & Leopards Fiction for Children | Mice, Hamsters, Guinea Pigs & Squirrels Fiction for Children | Animal Fiction for Children",",#3,539 in Audible Audiobooks & Originals (See Top 100 in Audible Audiobooks & Originals),#3 in Lions, Tigers & Leopards Fiction for Children,#5 in Mice, Hamsters, Guinea Pigs & Squirrels Fiction for Children,#41 in Animal Fiction for Children",3539.0,8 minutes,8.0,Advanced Only,1,1,1,the lion and the mouse,lavanya r. n,0-50
The Rumour,Anushka Ravishankar,5.0,5.0,2.0,1.0986122886681098,75.0,Unknown,Unknown,Unknown,,Unknown,,Catalog Only,0,0,0,the rumour,anushka ravishankar,0-50
The Sonic Breach,Victor Appleton,5.0,5.0,2.0,1.0986122886681098,351.0,Unknown,Unknown,Unknown,,Unknown,,Catalog Only,0,0,0,the sonic breach,victor appleton,0-50
101 Amazing Facts About Trees,Jack Goldstein,5.0,5.0,1.0,0.6931471805599453,152.0,How can you use a tree as a compass? What on earth makes maple trees explode? Where is the tallest tree in the world? And how can a tree own itself?,"Audiobooks on Flowers & Trees for Children | Botany & Plants | Children's Science, Nature & Technology (Books)",",#29,657 in Audible Audiobooks & Originals (See Top 100 in Audible Audiobooks & Originals),#3 in Audiobooks on Flowers & Trees for Children,#36 in Botany & Plants,#14,830 in Children's Science, Nature & Technology (Books)",29657.0,35 minutes,35.0,Both,1,1,1,101 amazing facts about trees,jack goldstein,0-50
50 Self-Help Classics to Guide You to Financial Freedom,Napoleon Hill,5.0,5.0,1.0,0.6931471805599453,32.0,This Audiobook contains the following works:,Money Management | Personal Development & Self-Help,",#948 in Audible Audiobooks & Originals (See Top 100 in Audible Audiobooks & Originals),#4 in Money Management,#2,204 in Personal Development & Self-Help",948.0,95 hours and 1 minute,5701.0,Both,1,1,1,50 self-help classics to guide you to financial freedom,napoleon hill,0-50
Aamool Kranti Ki Chunauti [Radical Revolution Is the Key Challenge],J. Krishnamurti,5.0,5.0,1.0,0.6931471805599453,668.0,"The Urgency of Change Krishnamurthy ki sarvadhik chunautipurva pustak hai, jaisa ki 1971 mein London se prakashit iske mool angrezi sankaran ke mukhpristh par ingit kiya gaya tha. Jeevan se jude vividh vishyon par iss pustak mein bebaaki ke saath prasn-darr pooche gaye hain aur Krishnamurthy ne badi baariki se unki padhtaal ki hai. Ve uttar dekar prasn ko nipta nahin dete, balki iss sah-sanvaad mein unn prasnon ke naye, undekhe pehluyon ko ujaagar karte chalet hain, aur saath hee pooch bhi liya karte hain ki saath-saath ki jaa rahi iss parakj ke dawraan prasnkarta ke antarjagat mein ghatit kya ho raha hai.",Unknown,Unknown,,Unknown,,Both,1,0,0,aamool kranti ki chunauti [radical revolution is the key challenge],j. krishnamurti,0-50
Birth of Ganesha,Shobha Viswanath,5.0,5.0,1.0,0.6931471805599453,75.0,Unknown,Unknown,Unknown,,Unknown,,Both,0,0,0,birth of ganesha,shobha viswanath,0-50
Born to Run Barefoot?: Sorting Through the Myths and Facts of Barefoot Running,Chas Gillespie,5.0,5.0,1.0,0.6931471805599453,100.0,Unknown,Unknown,Unknown,,Unknown,,Catalog Only,0,0,0,born to run barefoot?: sorting through the myths and facts of barefoot running,chas gillespie,0-50
"Buddha the First Quantum Physicist: Bridging 2500 Years, Buddha and Albert Einstein Speak the Same Language",OSHO,5.0,5.0,1.0,0.6931471805599453,134.0,Unknown,Unknown,Unknown,,Unknown,,Catalog Only,0,0,0,"buddha the first quantum physicist: bridging 2500 years, buddha and albert einstein speak the same language",osho,0-50
Constitutional Grounds for Presidential Impeachment,The Majority Staff of the House Committee on the Judiciary -- 116th Congress (1st Session),5.0,5.0,1.0,0.6931471805599453,0.0,Unknown,Unknown,Unknown,,Unknown,,Catalog Only,0,0,0,constitutional grounds for presidential impeachment,the majority staff of the house committee on the judiciary -- 116th congress (1st session),0-50
Dale Carnegie & Associates' Listen!: The Art of Effective Communication,Dale Carnegie & Associates,5.0,5.0,1.0,0.6931471805599453,586.0,Unknown,Unknown,Unknown,,Unknown,,Catalog Only,0,0,0,dale carnegie & associates' listen!: the art of effective communication,dale carnegie & associates,0-50
Diktate - hören - schreiben - korrigieren: Deutsch üben,Werner Heidemann,5.0,5.0,1.0,0.6931471805599453,837.0,Unknown,German Language Learning | Language Learning & Teaching,",#4,922 in Audible Audiobooks & Originals (See Top 100 in Audible Audiobooks & Originals),#9 in German Language Learning,#1,773 in Language Learning & Teaching",4922.0,2 hours and 24 minutes,144.0,Both,0,1,1,diktate - hören - schreiben - korrigieren: deutsch üben,werner heidemann,0-50
Eighty Days to Elsewhere,KC Dyer,5.0,5.0,1.0,0.6931471805599453,1131.0,Unknown,Unknown,Unknown,,Unknown,,Advanced Only,0,0,0,eighty days to elsewhere,kc dyer,0-50
Free Excerpt: Star Wars: Heir to the Empire - Behind the Scenes,Timothy Zahn,5.0,5.0,1.0,0.6931471805599453,0.0,Unknown,Unknown,Unknown,,Unknown,,Both,0,0,0,free excerpt: star wars: heir to the empire - behind the scenes,timothy zahn,0-50
"Fundamentals of Corporate Finance, 4th Edition",Robert Parrino,5.0,5.0,1.0,0.6931471805599453,1172.0,Unknown,Unknown,Unknown,,Unknown,,Catalog Only,0,0,0,"fundamentals of corporate finance, 4th edition",robert parrino,0-50
Gather ‘Round the Sound: Holiday Stories from Beloved Authors and Great Performers Across the Globe,Paulo Coelho,5.0,5.0,1.0,0.6931471805599453,0.0,Gather 'Round the Sound: Holiday Stories from Beloved Authors and Great Performers Across the Globe,Unknown,Unknown,,Unknown,,Both,1,0,0,gather ‘round the sound: holiday stories from beloved authors and great performers across the globe,paulo coelho,0-50
"Geronimo Stilton #20 and #21: Surf's Up, Geronimo & The Wild Wild West",Geronimo Stilton,5.0,5.0,1.0,0.6931471805599453,469.0,Unknown,Unknown,Unknown,,Unknown,,Advanced Only,0,0,0,"geronimo stilton #20 and #21: surf's up, geronimo & the wild wild west",geronimo stilton,0-50
Goodness Gracious Me: The Complete Radio Series 1-3,Meera Syal,5.0,5.0,1.0,0.6931471805599453,478.0,Unknown,Unknown,Unknown,,Unknown,,Advanced Only,0,0,0,goodness gracious me: the complete radio series 1-3,meera syal,0-50
Haemin Sunim: Audible Sessions: FREE Exclusive Interview,Holly Newson,5.0,5.0,1.0,0.6931471805599453,0.0,Unknown,Unknown,Unknown,,Unknown,,Catalog Only,0,0,0,haemin sunim: audible sessions: free exclusive interview,holly newson,0-50
Introduction to Intermediate French Conversation Lessons,Audible Inc.,5.0,5.0,1.0,0.6931471805599453,0.0,"Start speaking French in minutes, and grasp the language, culture and customs in just minutes more with Intermediate French, a completely new way to learn French with ease! Intermediate French will have you speaking with proper pronunciation from the very first lesson and arm you with cultural insight and other information to utterly shock and amaze your French friends.",Unknown,",            5 star,          ,            ,              100%,            ,",,Not yet known,,Both,1,0,0,introduction to intermediate french conversation lessons,audible inc.,0-50
Is Jesus Truly God?: How the Bible Teaches the Divinity of Christ,Gregory R. Lanier,5.0,5.0,1.0,0.6931471805599453,585.0,"The question of Jesus' divinity has been at the epicenter of theological discussion since the early church. At the First Council of Nicaea in AD 325, the church fathers affirmed that Jesus is “true God from true God”. Today, beliefs such as this one are confessed through creeds in churches around the world, and yet there remains confusion as to who Jesus is.",Unknown,Unknown,,Unknown,,Both,1,0,0,is jesus truly god?: how the bible teaches the divinity of christ,gregory r. lanier,0-50
Jonathan Van Ness: Audible Sessions: FREE Exclusive Interview,Holly Newson,5.0,5.0,1.0,0.6931471805599453,0.0,Unknown,Unknown,Unknown,,Unknown,,Advanced Only,0,0,0,jonathan van ness: audible sessions: free exclusive interview,holly newson,0-50
Learn Arabic - Word Power 101: Absolute Beginner Arabic #1,Innovative Language Learning,5.0,5.0,1.0,0.6931471805599453,0.0,Master Arabic with Learn Arabic - Word Power 101. This audiobook is a completely new way to learn Arabic vocabulary fast - and for free! Start speaking Arabic in minutes with the powerful learning methods you will master in this book.,Language Learning,",#63 Free in Audible Audiobooks & Originals (See Top 100 in Audible Audiobooks & Originals),#12 in Language Learning",,48 minutes,48.0,Both,1,1,1,learn arabic - word power 101: absolute beginner arabic #1,innovative language learning,0-50
Learn Spanish with Innovative Language's Proven Language System - Level 1: Introduction to Spanish: Introduction Spanish #2,Innovative Language Learning,5.0,5.0,1.0,0.6931471805599453,0.0,"Congratulations! You have just discovered the fastest and most fun way to learn a language! Are you ready to discover the secret to language learning success? Simply use our program and you will find it. Hundreds of thousands of language learners just like you have already discovered the power of our system. This program offers you a brand new way to learn a language. You'll be speaking from your very first lesson with our fun, easy to use, and innovative method.",Spanish Language Learning,",#39 Free in Audible Audiobooks & Originals (See Top 100 in Audible Audiobooks & Originals),#1 in Spanish Language Learning",,16 minutes,16.0,Both,1,1,1,learn spanish with innovative language's proven language system - level 1: introduction to spanish: introduction spanish #2,innovative language learning,0-50
Learn Thai with Innovative Language's Proven Language System - Level 1: Introduction to Thai: Introduction Thai #2,Innovative Language Learning,5.0,5.0,1.0,0.6931471805599453,0.0,"Congratulations! You have just discovered the fastest and most fun way to learn a language! Are you ready to discover the secret to language learning success? Simply use our program and you will find it. Hundreds of thousands of language learners just like you have already discovered the power of our system. This program offers you a brand new way to learn a language. You'll be speaking from your very first lesson with our fun, easy to use, and innovative method.",Unknown,Unknown,,Unknown,,Both,1,0,0,learn thai with innovative language's proven language system - level 1: introduction to thai: introduction thai #2,innovative language learning,0-50
"Manage Your Time, Master Your Life",Robin Sharma,5.0,5.0,1.0,0.6931471805599453,515.0,Unknown,Personal Success | Family & Relationships | Personal Development & Self-Help,",#1,937 in Audible Audiobooks & Originals (See Top 100 in Audible Audiobooks & Originals),#286 in Personal Success,#841 in Family & Relationships,#4,061 in Personal Development & Self-Help",1937.0,45 minutes,45.0,Both,0,1,1,"manage your time, master your life",robin sharma,0-50
Midnight's Children: BBC Radio 4 full-cast dramatisation,Salman Rushdie,5.0,5.0,1.0,0.6931471805599453,615.0,Unknown,Unknown,Unknown,,Unknown,,Both,0,0,0,midnight's children: bbc radio 4 full-cast dramatisation,salman rushdie,0-50
"Muscular India: Masculinity, Mobility & the New Middle Class",Michiel Baas,5.0,5.0,1.0,0.6931471805599453,668.0,"The gyms of urban ‘new India’ are intriguing spaces. While they cater largely to well-off clients, these shiny, modern institutions are also vehicles of upward mobility for the trainers and specialists who work there. As they learn English, ‘upgrade’ their dressing style and try to develop a deeper understanding of the lives of their upmarket customers., they break with an older kind of masculinity represented by the pehlwans in their akharas. Equally, the gym aspires to be a safe space for women - a break from the toxic masculinity they must deal with outside its walls.",Sports & Outdoors | Popular Culture Studies | Bodybuilding & Weightlifting,",#280 in Audible Audiobooks & Originals (See Top 100 in Audible Audiobooks & Originals),#3 in Sports & Outdoors (Audible Audiobooks & Originals),#4 in Popular Culture Studies,#6 in Bodybuilding & Weightlifting",280.0,8 hours and 27 minutes,507.0,Both,1,1,1,"muscular india: masculinity, mobility & the new middle class",michiel baas,0-50
No Calculator? No Problem!: Mastering Mental Math,Art Benjamin,5.0,5.0,1.0,0.6931471805599453,1003.0,"No calculator? No problem! Whether a listener is prepping for a standardized test or just trying to figure out the check, mathematician Dr. Arthur Benjamin will teach listeners the fundamentals of mental addition, subtraction, multiplication, and division. From there, listeners will turn to the art of ""guess-timation"" for problems that don’t require an exact answer. Listeners will learn:",Education | Education (Books),",#1,135 in Audible Audiobooks & Originals (See Top 100 in Audible Audiobooks & Originals),#11 in Education (Audible Audiobooks & Originals),#680 in Education (Books)",1135.0,5 hours and 46 minutes,346.0,Both,1,1,1,no calculator? no problem!: mastering mental math,art benjamin,0-50
Philosophia Ultima: The Upanishadic Universal Vision of Totality,Osho,5.0,5.0,1.0,0.6931471805599453,569.0,Unknown,Unknown,Unknown,,Unknown,,Catalog Only,0,0,0,philosophia ultima: the upanishadic universal vision of totality,osho,0-50
Roll of the Dice: Duryodhana's Mahabharata,Anand Neelakantan,5.0,5.0,1.0,0.6931471805599453,1003.0,Unknown,Unknown,Unknown,,Unknown,,Both,0,0,0,roll of the dice: duryodhana's mahabharata,anand neelakantan,0-50
Satyajit Ray Ki Kahaniyan [Stories of Satyajit Ray],Satyajit Rai,5.0,5.0,1.0,0.6931471805599453,668.0,"Satyajit Ray is well known for his contributions to Indian literature. His short stories often explore the macabre and the supernatural and are often marked by keen characterization. This collection brings together Ray’s best short stories - including such timeless gems as ‘Professor Hijibijbi’, ‘Ratan Babu aur Veh Admi’ and ‘Bhakt’. A collection of 12 short stories.",Fiction Short Stories | Short Stories (Books),",#550 in Audible Audiobooks & Originals (See Top 100 in Audible Audiobooks & Originals),#9 in Fiction Short Stories,#219 in Short Stories (Books)",550.0,8 hours and 12 minutes,492.0,Both,1,1,1,satyajit ray ki kahaniyan [stories of satyajit ray],satyajit rai,0-50
Scary Stories for All Ages,Roberta Simpson Brown,5.0,5.0,1.0,0.6931471805599453,166.0,Unknown,Unknown,Unknown,,Unknown,,Catalog Only,0,0,0,scary stories for all ages,roberta simpson brown,0-50
"Silva Ultramind Systems Persuasive Thoughts: Have More Confidence, Charisma, & Influence",Jose Silva Jr.,5.0,5.0,1.0,0.6931471805599453,469.0,Unknown,Unknown,Unknown,,Unknown,,Catalog Only,0,0,0,"silva ultramind systems persuasive thoughts: have more confidence, charisma, & influence",jose silva jr.,0-50
Silva UltraMind's Intuitive Guidance System for Business,Jose Silva Jr.,5.0,5.0,1.0,0.6931471805599453,703.0,Unknown,Unknown,Unknown,,Unknown,,Catalog Only,0,0,0,silva ultramind's intuitive guidance system for business,jose silva jr.,0-50
Space Case: The Nancy Drew Notebooks,Carolyn Keene,5.0,5.0,1.0,0.6931471805599453,234.0,Unknown,Unknown,Unknown,,Unknown,,Catalog Only,0,0,0,space case: the nancy drew notebooks,carolyn keene,0-50
Stephen Fry: Audible Sessions: FREE Exclusive interview,Stephen Fry,5.0,5.0,1.0,0.6931471805599453,0.0,"In this interview Stephen Fry talks to us about the process of narrating the complete adventures of London's greatest detective, Sherlock Holmes. He touches on the genius of Arthur Conan Doyle and reveals how joining the 'Sherlock Holmes Society' played a part in his expulsion from school and subsequent imprisonment.",Biographies of Authors,",#76 Free in Audible Audiobooks & Originals (See Top 100 in Audible Audiobooks & Originals),#9 in Biographies of Authors",,15 minutes,15.0,Advanced Only,1,1,1,stephen fry: audible sessions: free exclusive interview,stephen fry,0-50
"Supercharging the Female Brain: Assess, Balance, and Soothe Your Most Precious Organ",Daniel G. Amen MD,5.0,5.0,1.0,0.6931471805599453,1148.0,Unknown,Unknown,Unknown,,Unknown,,Catalog Only,0,0,0,"supercharging the female brain: assess, balance, and soothe your most precious organ",daniel g. amen md,0-50
Synchronicity: The Epic Quest to Understand the Quantum Nature of Cause and Effect,Paul Halpern,5.0,5.0,1.0,0.6931471805599453,500.0,"From Aristotle's Physics to quantum teleportation, learn about the scientific pursuit of instantaneous connections in this insightful examination of our world.",History of Science | Physics | Textbooks & Study Guides,",#2,020 in Audible Audiobooks & Originals (See Top 100 in Audible Audiobooks & Originals),#11 in History of Science,#23 in Physics (Audible Audiobooks & Originals),#22,643 in Textbooks & Study Guides",2020.0,10 hours and 34 minutes,634.0,Both,1,1,1,synchronicity: the epic quest to understand the quantum nature of cause and effect,paul halpern,0-50
"Telemarketing, Cold Calling and Appointment Making: The Easy Step by Step Guide",Pauline Rowson,5.0,5.0,1.0,0.6931471805599453,349.0,Unknown,Unknown,Unknown,,Unknown,,Catalog Only,0,0,0,"telemarketing, cold calling and appointment making: the easy step by step guide",pauline rowson,0-50
Terra Incognita: 100 Maps to Survive the Next 100 Years,Dr Ian Goldin,5.0,5.0,1.0,0.6931471805599453,888.0,Brought to you by Penguin.,Climate Change | Earth Sciences | Future Studies,",#582 in Audible Audiobooks & Originals (See Top 100 in Audible Audiobooks & Originals),#1 in Climate Change,#3 in Earth Sciences (Audible Audiobooks & Originals),#4 in Future Studies",582.0,13 hours and 41 minutes,821.0,Both,1,1,1,terra incognita: 100 maps to survive the next 100 years,dr ian goldin,0-50
The 60 Day Challenge: A Feature Teaching with Dennis and Jennifer Clark,Dennis Clark,5.0,5.0,1.0,0.6931471805599453,305.0,"What's it worth to you to see major life change? Perhaps you have said the ""right"" words, but still the pain lingers within. You have repeated the prayers, but the anxiety and fear persists. You know the Bible, but need to learn how to make it work. By investing 60 days, you can experience life transformation. You can walk in peace, freedom, and the joy of the Lord. You can receive healing through Jesus' supernatural exchange - our pain for his peace.",Christian Ministry & Evangelism | Christianity (Books),",#4,622 in Audible Audiobooks & Originals (See Top 100 in Audible Audiobooks & Originals),#22 in Christian Ministry & Evangelism,#1,792 in Christianity (Books)",4622.0,2 hours and 25 minutes,145.0,Both,1,1,1,the 60 day challenge: a feature teaching with dennis and jennifer clark,dennis clark,0-50
"The Feynman Lectures on Physics: Volume 2, Advanced Quantum Mechanics",Richard P. Feynman,5.0,5.0,1.0,0.6931471805599453,938.0,Unknown,Unknown,Unknown,,Unknown,,Both,0,0,0,"the feynman lectures on physics: volume 2, advanced quantum mechanics",richard p. feynman,0-50
"The Feynman Lectures on Physics: Volume 4, Electrical and Magnetic Behavior",Richard P. Feynman,5.0,5.0,1.0,0.6931471805599453,938.0,Unknown,Unknown,Unknown,,Unknown,,Catalog Only,0,0,0,"the feynman lectures on physics: volume 4, electrical and magnetic behavior",richard p. feynman,0-50
The Himalayan Arc: Journeys East of South-east,Namita Gokhale,5.0,5.0,1.0,0.6931471805599453,836.0,Unknown,Unknown,Unknown,,Unknown,,Both,0,0,0,the himalayan arc: journeys east of south-east,namita gokhale,0-50
The Law Book: Big Ideas Simply Explained,DK,5.0,5.0,1.0,0.6931471805599453,888.0,Discover the big ideas behind more than 90 of history's most important legal rulings and milestone laws - from the earliest civilisations to the 21st century.,Law History | History of Ideas | Society & Culture (Books),",#2,674 in Audible Audiobooks & Originals (See Top 100 in Audible Audiobooks & Originals),#1 in Law History,#62 in History of Ideas,#1,881 in Society & Culture (Books)",2674.0,15 hours and 43 minutes,943.0,Both,1,1,1,the law book: big ideas simply explained,dk,0-50
The Lottery Ticket,Anton Chekhov,5.0,5.0,1.0,0.6931471805599453,35.0,Unknown,Unknown,Unknown,,Unknown,,Both,0,0,0,the lottery ticket,anton chekhov,0-50
The Other America - A Speech from The Radical King (Free),Dr. Martin Luther King Jr.,5.0,5.0,1.0,0.6931471805599453,0.0,Unknown,Unknown,Unknown,,Unknown,,Catalog Only,0,0,0,the other america - a speech from the radical king (free),dr. martin luther king jr.,0-50
"The Pickup Artist Hypnosis Bundle: Get Any Girl You Desire, with Hypnosis",Hypnosis Live,5.0,5.0,1.0,0.6931471805599453,1063.0,Unknown,Unknown,Unknown,,Unknown,,Catalog Only,0,0,0,"the pickup artist hypnosis bundle: get any girl you desire, with hypnosis",hypnosis live,0-50
"The Poison Frog Mystery: The Boxcar Children Mysteries, Book 74",Gertrude Chandler Warner,5.0,5.0,1.0,0.6931471805599453,284.0,Unknown,Unknown,Unknown,,Unknown,,Catalog Only,0,0,0,"the poison frog mystery: the boxcar children mysteries, book 74",gertrude chandler warner,0-50
The Sandman,Neil Gaiman,5.0,5.0,1.0,0.6931471805599453,1171.0,"Please note: This content is not for kids. It is for mature audiences only. Just like the original graphic novels, this audio adaptation contains explicit language and graphic violence, as well as strong sexual content and themes. Discretion is advised.",Epic Fantasy | Dark Fantasy | Fantasy (Books),",#16 in Audible Audiobooks & Originals (See Top 100 in Audible Audiobooks & Originals),#1 in Epic Fantasy,#1 in Dark Fantasy,#16 in Fantasy (Books)",16.0,10 hours and 54 minutes,654.0,Both,1,1,1,the sandman,neil gaiman,0-50
The Spirit of Mantra with Deva Premal & Miten: 21 Chant Practices for Daily Life,Deva Premal,5.0,5.0,1.0,0.6931471805599453,820.0,Unknown,Unknown,Unknown,,Unknown,,Both,0,0,0,the spirit of mantra with deva premal & miten: 21 chant practices for daily life,deva premal,0-50
The Talking Cave,Sheila Gandhi,5.0,5.0,1.0,0.6931471805599453,75.0,Unknown,Unknown,Unknown,,Unknown,,Catalog Only,0,0,0,the talking cave,sheila gandhi,0-50
The Ugly Duckling,Larry Carney,5.0,5.0,1.0,0.6931471805599453,116.0,Unknown,Unknown,Unknown,,Unknown,,Catalog Only,0,0,0,the ugly duckling,larry carney,0-50
The Ultimate Jim Rohn Library,Jim Rohn,5.0,5.0,1.0,0.6931471805599453,2008.0,"So, what is it about Jim Rohn that has made him so tremendously effective in teaching others how to become so massively successful?",Personal Success | Personal Development & Self-Help,",#323 in Audible Audiobooks & Originals (See Top 100 in Audible Audiobooks & Originals),#71 in Personal Success,#925 in Personal Development & Self-Help",323.0,11 hours and 23 minutes,683.0,Both,1,1,1,the ultimate jim rohn library,jim rohn,0-50
Thomas Moore on Meaningful Work,Thomas Moore,5.0,5.0,1.0,0.6931471805599453,410.0,Unknown,Unknown,Unknown,,Unknown,,Catalog Only,0,0,0,thomas moore on meaningful work,thomas moore,0-50
Vietnam War,Maurice Isserman,5.0,5.0,1.0,0.6931471805599453,668.0,Unknown,Unknown,Unknown,,Unknown,,Both,0,0,0,vietnam war,maurice isserman,0-50
A Course in Meditation: A 21-Day Workout for Your Consciousness,Osho,4.9,4.9,30.0,3.4339872044851463,754.0,A 21-day course for modern meditators,"Meditation | Meditation (Books) | Mind, Body & Spirit",",#267 in Audible Audiobooks & Originals (See Top 100 in Audible Audiobooks & Originals),#9 in Meditation (Audible Audiobooks & Originals),#63 in Meditation (Books),#302 in Mind, Body & Spirit",267.0,4 hours and 58 minutes,298.0,Both,1,1,1,a course in meditation: a 21-day workout for your consciousness,osho,0-50
Do It Afraid: Embracing Courage in the Face of Fear,Joyce Meyer,4.9,4.9,30.0,3.4339872044851463,500.0,Unknown,Unknown,Unknown,,Unknown,,Catalog Only,0,0,0,do it afraid: embracing courage in the face of fear,joyce meyer,0-50
The Poems of T. S. Eliot: Read by Jeremy Irons,T. S. Eliot,4.9,4.9,30.0,3.4339872044851463,607.0,Unknown,Unknown,Unknown,,Unknown,,Catalog Only,0,0,0,the poems of t. s. eliot: read by jeremy irons,t. s. eliot,0-50
The New Path: My Life with Paramhansa Yogananda,Swami Kriyananda,4.9,4.9,26.0,3.295836866004329,568.0,Unknown,Unknown,Unknown,,Unknown,,Catalog Only,0,0,0,the new path: my life with paramhansa yogananda,swami kriyananda,0-50
"Blue Bay Mystery: The Boxcar Children Mysteries, Book 6",Gertrude Chandler Warner,4.9,4.9,24.0,3.218875824868201,234.0,Unknown,Unknown,Unknown,,Unknown,,Catalog Only,0,0,0,"blue bay mystery: the boxcar children mysteries, book 6",gertrude chandler warner,0-50
Peppa Pig: Play Days,Ladybird,4.9,4.9,24.0,3.218875824868201,342.0,"Penguin presents the audio download edition of Peppa Pig: Play Days by Ladybird, read by John Sparkes. Come join Peppa and her all her friends as they explore and play in this collection of 10 newly recorded audio stories based on her hit TV show, Peppa Pig. Includes dialogue, songs and sound effects from the show!",Animal Fiction for Children | Animals for Children | Children's Literature & Fiction (Books),",#607 in Audible Audiobooks & Originals (See Top 100 in Audible Audiobooks & Originals),#7 in Animal Fiction for Children,#7 in Animals for Children,#988 in Children's Literature & Fiction (Books)",607.0,40 minutes,40.0,Both,1,1,1,peppa pig: play days,ladybird,0-50
"Just. You. Wait.: Patience, Contentment, and Hope for the Everyday",Tricia Lott Williford,4.9,4.9,23.0,3.1780538303479458,586.0,"Everybody waits. We wait for a spouse, wait for a baby, wait on our children, wait for our parents. We wait for clarity and direction. We wait on a job, a promotion, a new direction. We wait for hope, for healing, and for miracles. We wait on God. And when we misunderstand what waiting is about, we can get confused about what God is up to. Waiting is one of God’s favorite tools. He can do certain things in our hearts, our lives, and our relationships while we wait - things we cannot experience once we’ve opened the gift we have been waiting for. So just you wait, because everyone takes their turn in the waiting room. It’s a long and painful fact of life, but shortcuts and microwaves aren’t the answer. God is at work behind the scenes in invisible ways you can’t see...yet. Just you wait and see how ready you’ll be if you spend your waiting well. Because when your opportunity comes, you don’t want to spend more time on the bench. When you wait well, you can say, “Look out, world: I am getting ready to shine. Just you wait.” In this audiobook, Tricia discusses the joy hidden in the discipline of waiting, and the practices of believing God is for you and working on your behalf, even when the work of His hand is hard to find.",Christian Death & Grief | Women's Christian Living | Christian Spiritual Growth,",#3,044 in Audible Audiobooks & Originals (See Top 100 in Audible Audiobooks & Originals),#3 in Christian Death & Grief,#4 in Women's Christian Living,#20 in Christian Spiritual Growth",3044.0,4 hours and 56 minutes,296.0,Both,1,1,1,"just. you. wait.: patience, contentment, and hope for the everyday",tricia lott williford,0-50
"The No-BS Guide to English Vocabulary and Effective Communication: An Interactive Road-Map to Learning Words, Fixing Spellings, and Building Fluent Pronunciation Skills Forever",Jason Durham,4.9,4.9,19.0,2.995732273553991,501.0,Are Duolingo and Rosetta Stone failing you?,Vocabulary | Spelling Reference | Vocabulary Books,",#1,699 in Audible Audiobooks & Originals (See Top 100 in Audible Audiobooks & Originals),#1 in Vocabulary,#2 in Spelling Reference,#42 in Vocabulary Books",1699.0,3 hours and 14 minutes,194.0,Both,1,1,1,"the no-bs guide to english vocabulary and effective communication: an interactive road-map to learning words, fixing spellings, and building fluent pronunciation skills forever",jason durham,0-50
Creating True Prosperity,Shakti Gawain,4.9,4.9,18.0,2.9444389791664403,421.0,Unknown,"Personal Success | Mental & Spiritual Healing | Mind, Body & Spirit",",#3,723 in Audible Audiobooks & Originals (See Top 100 in Audible Audiobooks & Originals),#506 in Personal Success,#755 in Mental & Spiritual Healing,#4,039 in Mind, Body & Spirit",3723.0,3 hours and 45 minutes,225.0,Both,0,1,1,creating true prosperity,shakti gawain,0-50
A Killer Among Us: One Murder & a Building Full of Suspects,Ushasi Sen Basu,4.9,4.9,17.0,2.8903717578961645,668.0,What can strip away the polite veneer of an apartment complex and lay bare a world of secrets and lies? The discovery of a stranger’s body on its premises.,Noir Fiction | Urban Fiction | Mysteries,",#839 in Audible Audiobooks & Originals (See Top 100 in Audible Audiobooks & Originals),#1 in Noir Fiction,#3 in Urban Fiction,#24 in Mysteries",839.0,6 hours and 48 minutes,408.0,Both,1,1,1,a killer among us: one murder & a building full of suspects,ushasi sen basu,0-50
Bonus Time,Brian Pennie,4.9,4.9,17.0,2.8903717578961645,1063.0,Unknown,Unknown,Unknown,,Unknown,,Catalog Only,0,0,0,bonus time,brian pennie,0-50
The Path Is The Goal: A Basic Handbook of Buddhist Meditation,Chögyam Trungpa,4.9,4.9,17.0,2.8903717578961645,100.0,Unknown,Unknown,Unknown,,Unknown,,Advanced Only,0,0,0,the path is the goal: a basic handbook of buddhist meditation,chögyam trungpa,0-50
Artificial Intelligence: The Insights You Need from Harvard Business Review,Harvard Business Review,4.9,4.9,15.0,2.772588722239781,469.0,"From making faster, better decisions to automating rote work to enabling robots to respond to emotions, AI and machine learning are already reshaping business and society. What should you and your company be doing today to ensure that you're poised for success and keeping up with your competitors in the age of AI?",Unknown,Unknown,,Unknown,,Both,1,0,0,artificial intelligence: the insights you need from harvard business review,harvard business review,0-50
The Empowerment Paradox: Seven Vital Virtues to Turn Struggle into Strength,Ben Woodward,4.9,4.9,15.0,2.772588722239781,469.0,Unknown,Unknown,Unknown,,Unknown,,Catalog Only,0,0,0,the empowerment paradox: seven vital virtues to turn struggle into strength,ben woodward,0-50
"The Developing Mind, Third Edition: How Relationships and the Brain Interact to Shape Who We Are",Daniel J. Siegel M.D.,4.9,4.9,14.0,2.70805020110221,1055.0,Unknown,Unknown,Unknown,,Unknown,,Catalog Only,0,0,0,"the developing mind, third edition: how relationships and the brain interact to shape who we are",daniel j. siegel m.d.,0-50
Blasphemy: The Trial of Danesh Masih,Osman Haneef,4.9,4.9,13.0,2.6390573296152584,668.0,"A Christian boy in Pakistan is accused of blasphemy - a crime punishable by death. Haunted by a tragic past, a young lawyer named Sikander Ghaznavi returns to Pakistan after many years abroad and takes on the defence of the boy. He reaches out to the sharpest human rights lawyer he knows - the woman he has loved for years, but now another man’s wife. As they deal with their unresolved feelings, the lawyers confront a corrupt system, a town turned against them, and a prophecy that predicts their death. Will they save the boy? Or will the city of Quetta, its prejudice inflamed by religious extremists, consume them and deliver them to a deadly fate?","Legal Thrillers | Crime, Thriller & Mystery (Books)",",#2,186 in Audible Audiobooks & Originals (See Top 100 in Audible Audiobooks & Originals),#6 in Legal Thrillers,#3,292 in Crime, Thriller & Mystery (Books)",2186.0,7 hours and 15 minutes,435.0,Both,1,1,1,blasphemy: the trial of danesh masih,osman haneef,0-50
Comparative Literature: A Very Short Introduction,Ben Hutchinson,4.9,4.9,12.0,2.5649493574615367,501.0,"From colonial empire-building in the 19th century to the postcolonial culture wars of the 21st century, attempts at ""comparison"" have defined the international agenda of literature. But what is comparative literature? Ambitious readers looking to stretch themselves are usually intrigued by the concept but uncertain of its implications. And rightly so, in many ways: Even the professionals cannot agree on a single term, calling it comparative in English, compared in French, and comparing in German. The very term itself, when approached comparatively, opens up a Pandora's box of cultural differences.","Literary History & Criticism | Linguistics (Books) | Literary Theory, History & Criticism",",#3,090 in Audible Audiobooks & Originals (See Top 100 in Audible Audiobooks & Originals),#21 in Literary History & Criticism,#379 in Linguistics (Books),#1,185 in Literary Theory, History & Criticism",3090.0,4 hours and 56 minutes,296.0,Both,1,1,1,comparative literature: a very short introduction,ben hutchinson,0-50
Sri Aurobindo & India's Rebirth,Michel Danino,4.9,4.9,12.0,2.5649493574615367,668.0,Unknown,Unknown,Unknown,,Unknown,,Both,0,0,0,sri aurobindo & india's rebirth,michel danino,0-50
"Start Where You Are: How God Meets You in Your Mess, Loves You Through It, and Leads You out of It",Rashawn Copeland,4.9,4.9,12.0,2.5649493574615367,586.0,Unknown,Unknown,Unknown,,Unknown,,Catalog Only,0,0,0,"start where you are: how god meets you in your mess, loves you through it, and leads you out of it",rashawn copeland,0-50
The Good Ancestor: How to Think Long Term in a Short Term World,Roman Krznaric,4.9,4.9,12.0,2.5649493574615367,888.0,Unknown,Unknown,Unknown,,Unknown,,Catalog Only,0,0,0,the good ancestor: how to think long term in a short term world,roman krznaric,0-50
"Sex Robots & Vegan Meat: Adventures at the Frontier of Birth, Food, Sex and Death",Jenny Kleeman,4.9,4.9,11.0,2.4849066497880004,323.0,Unknown,Unknown,Unknown,,Unknown,,Advanced Only,0,0,0,"sex robots & vegan meat: adventures at the frontier of birth, food, sex and death",jenny kleeman,0-50
The Science of Personal Achievement: The 17 Universal Principles of Success,Napoleon Hill,4.9,4.9,11.0,2.4849066497880004,1439.0,Unknown,Unknown,Unknown,,Unknown,,Catalog Only,0,0,0,the science of personal achievement: the 17 universal principles of success,napoleon hill,0-50
Affirmations for Self-Healing,J. Donald Walters,4.9,4.9,10.0,2.3978952727983707,233.0,Unknown,Unknown,Unknown,,Unknown,,Catalog Only,0,0,0,affirmations for self-healing,j. donald walters,0-50
"Category Creation: How to Build a Brand That Customers, Employees, and Investors Will Love",Anthony Kennada,4.9,4.9,10.0,2.3978952727983707,586.0,Unknown,Unknown,Unknown,,Unknown,,Catalog Only,0,0,0,"category creation: how to build a brand that customers, employees, and investors will love",anthony kennada,0-50
"Famous Mistakes: Nancy Drew Diaries, Book 17",Carolyn Keene,4.8,4.8,35.0,3.58351893845611,305.0,Unknown,Unknown,Unknown,,Unknown,,Catalog Only,0,0,0,"famous mistakes: nancy drew diaries, book 17",carolyn keene,0-50
"So You Want to Move to Canada, Eh?: Stuff to Know Before You Go",Jennifer McCartney,4.8,4.8,35.0,3.58351893845611,469.0,Unknown,Unknown,Unknown,,Unknown,,Catalog Only,0,0,0,"so you want to move to canada, eh?: stuff to know before you go",jennifer mccartney,0-50
"Magical Mind, Magical Body: Mastering the Mind/Body Connection for Perfect Health and Total Well-Being",Dr. Deepak Chopra,4.8,4.8,34.0,3.555348061489413,1003.0,Unknown,Unknown,Unknown,,Unknown,,Catalog Only,0,0,0,"magical mind, magical body: mastering the mind/body connection for perfect health and total well-being",dr. deepak chopra,0-50
"Take Back Your Time: Identify Your Priorities, Decrease Stress, and Increase Productivity",Morgan Tyree,4.8,4.8,34.0,3.555348061489413,1172.0,Unknown,Unknown,Unknown,,Unknown,,Catalog Only,0,0,0,"take back your time: identify your priorities, decrease stress, and increase productivity",morgan tyree,0-50
"Spirit of India: Reflecting the concerns, aspirations and dreams of the Indian youth",A.P.J Abdul Kalam,4.8,4.8,32.0,3.49650756146648,233.0,"Spirit of India, by A. P. J. Abdul Kalam, is a book focused towards the connection of youth and nation. This book revolves around the aspirations, issues and dreams of the Indian youth in the contemporary India. As the time has changed over 60 decades of independence, the population of the youth has grown to require more and more education, growth in career, and overall development. In this time of personal ambitions, the spirit of one, India looks endangered to the author, as has been addressed in this book.",Unknown,Unknown,,Unknown,,Advanced Only,1,0,0,"spirit of india: reflecting the concerns, aspirations and dreams of the indian youth",a.p.j abdul kalam,0-50
The Nuclear Effect: The 6 Pillars of Building a 7+ Figure Online Business,Scott Oldford,4.8,4.8,31.0,3.4657359027997265,469.0,Unknown,Unknown,Unknown,,Unknown,,Both,0,0,0,the nuclear effect: the 6 pillars of building a 7+ figure online business,scott oldford,0-50
Greek Myths,DK,4.8,4.8,30.0,3.4339872044851463,410.0,Unknown,Unknown,Unknown,,Unknown,,Catalog Only,0,0,0,greek myths,dk,0-50
Peppa Pig: Once Upon a Time,Ladybird,4.8,4.8,30.0,3.4339872044851463,342.0,"A collection of ten newly recorded audio stories based on Peppa Pig, the hit TV show!",Animal Fiction for Children | Animals for Children | Children's Literature & Fiction (Books),",#438 in Audible Audiobooks & Originals (See Top 100 in Audible Audiobooks & Originals),#2 in Animal Fiction for Children,#2 in Animals for Children,#768 in Children's Literature & Fiction (Books)",438.0,59 minutes,59.0,Both,1,1,1,peppa pig: once upon a time,ladybird,0-50
"Void Stalker: Night Lords: Warhammer 40,000 Book 3",Aaron Dembski-Bowden,4.8,4.8,30.0,3.4339872044851463,1138.0,Unknown,Unknown,Unknown,,Unknown,,Catalog Only,0,0,0,"void stalker: night lords: warhammer 40,000 book 3",aaron dembski-bowden,0-50
Data Driven: Harnessing Data and AI to Reinvent Customer Engagement,Tom Chavez,4.8,4.8,29.0,3.4011973816621555,668.0,Unknown,Unknown,Unknown,,Unknown,,Catalog Only,0,0,0,data driven: harnessing data and ai to reinvent customer engagement,tom chavez,0-50
Infinite Potential: The Greatest Works of Neville Goddard,Neville Goddard,4.8,4.8,28.0,3.367295829986474,586.0,Unknown,Unknown,Unknown,,Unknown,,Catalog Only,0,0,0,infinite potential: the greatest works of neville goddard,neville goddard,0-50
Peppa Pig: On the Road with Peppa,John Sparkes,4.8,4.8,27.0,3.332204510175204,342.0,Unknown,Unknown,Unknown,,Unknown,,Both,0,0,0,peppa pig: on the road with peppa,john sparkes,0-50
Poirot's Finest Cases: Eight Full-Cast BBC Radio Dramatisations,Agatha Christie,4.8,4.8,27.0,3.332204510175204,1093.0,John Moffatt stars as the Belgian detective Hercule Poirot.,Unknown,",            5 star,          ,            ,              81%,            ,",,15 hours and 37 minutes,937.0,Both,1,0,1,poirot's finest cases: eight full-cast bbc radio dramatisations,agatha christie,0-50
Shaping the Future of the Fourth Industrial Revolution: A Guide to Building a Better World,Klaus Schwab,4.8,4.8,27.0,3.332204510175204,752.0,Unknown,Unknown,Unknown,,Unknown,,Catalog Only,0,0,0,shaping the future of the fourth industrial revolution: a guide to building a better world,klaus schwab,0-50
Brag Better: Master the Art of Fearless Self-Promotion,Meredith Fineman,4.8,4.8,26.0,3.295836866004329,879.0,Unknown,Unknown,Unknown,,Unknown,,Catalog Only,0,0,0,brag better: master the art of fearless self-promotion,meredith fineman,0-50
Rumpole: The Penge Bungalow Murders and Other Stories: Three BBC Radio 4 dramatisations,John Mortimer,4.8,4.8,25.0,3.258096538021482,615.0,Unknown,Unknown,Unknown,,Unknown,,Catalog Only,0,0,0,rumpole: the penge bungalow murders and other stories: three bbc radio 4 dramatisations,john mortimer,0-50
The Righteous Life: The Very Best of A. P. J. Abdul Kalam,A. P. J. Abdul Kalam,4.8,4.8,25.0,3.258096538021482,668.0,Unknown,Unknown,Unknown,,Unknown,,Both,0,0,0,the righteous life: the very best of a. p. j. abdul kalam,a. p. j. abdul kalam,0-50
"Investigating Cryptocurrencies: Understanding, Extracting, and Analyzing Blockchain Evidence",Nick Furneaux,4.8,4.8,24.0,3.218875824868201,586.0,Unknown,Unknown,Unknown,,Unknown,,Catalog Only,0,0,0,"investigating cryptocurrencies: understanding, extracting, and analyzing blockchain evidence",nick furneaux,0-50
"The Management of Savagery: How America's National Security State Fueled the Rise of Al Qaeda, ISIS, and Donald Trump",Max Blumenthal,4.8,4.8,24.0,3.218875824868201,703.0,Unknown,Unknown,Unknown,,Unknown,,Catalog Only,0,0,0,"the management of savagery: how america's national security state fueled the rise of al qaeda, isis, and donald trump",max blumenthal,0-50
Winner Takes All!: DC Super Hero Girls,Erica David,4.8,4.8,24.0,3.218875824868201,703.0,Unknown,Unknown,Unknown,,Unknown,,Advanced Only,0,0,0,winner takes all!: dc super hero girls,erica david,0-50
Yes Minister & Yes Prime Minister - The Complete Audio Collection,Antony Jay,4.8,4.8,24.0,3.218875824868201,1093.0,"For the first time in one audio collection, all 16 Yes Minister radio episodes plus six further TV episodes, 14 Yes Prime Minister episodes and two bonus sketches.",Humorous Fiction | Humour (Books) | Literature & Fiction (Books),",#291 in Audible Audiobooks & Originals (See Top 100 in Audible Audiobooks & Originals),#4 in Humorous Fiction,#107 in Humour (Books),#1,534 in Literature & Fiction (Books)",291.0,18 hours and 28 minutes,1108.0,Both,1,1,1,yes minister & yes prime minister - the complete audio collection,antony jay,0-50
Built to Serve: Find Your Purpose and Become the Leader You Were Born to Be,Evan Carmichael,4.8,4.8,21.0,3.091042453358316,680.0,What is my purpose? How do I find my passion?,Unknown,Unknown,,Unknown,,Both,1,0,0,built to serve: find your purpose and become the leader you were born to be,evan carmichael,0-50
Interrogating My Chandal Life: An Autobiography of a Dalit,Manoranjan Byapari,4.8,4.8,21.0,3.091042453358316,1003.0,Unknown,Unknown,Unknown,,Unknown,,Both,0,0,0,interrogating my chandal life: an autobiography of a dalit,manoranjan byapari,0-50
Lightworker's Guide to the Astral Realm,Sahvanna Arienta,4.8,4.8,20.0,3.044522437723423,1172.0,Unknown,Unknown,Unknown,,Unknown,,Catalog Only,0,0,0,lightworker's guide to the astral realm,sahvanna arienta,0-50
Cashflow Quadrant: Rich Dad Poor Dad,Robert T. Kiyosaki,4.8,4.8,18.0,2.9444389791664403,602.0,Unknown,Unknown,Unknown,,Unknown,,Catalog Only,0,0,0,cashflow quadrant: rich dad poor dad,robert t. kiyosaki,0-50
"Family Discipleship: Leading Your Home Through Time, Moments, and Milestones",Matt Chandler,4.8,4.8,18.0,2.9444389791664403,585.0,Unknown,Unknown,Unknown,,Unknown,,Advanced Only,0,0,0,"family discipleship: leading your home through time, moments, and milestones",matt chandler,0-50
Overcrowded: Designing Meaningful Products in a World Awash with Ideas,Roberto Verganti,4.8,4.8,18.0,2.9444389791664403,703.0,"The standard text on innovation advises would-be innovators to conduct creative brainstorming sessions and seek input from outsiders - users or communities. This kind of innovating can be effective at improving products but not at capturing bigger opportunities in the marketplace. In this book, Roberto Verganti offers a new approach - one that does not set out to solve existing problems, but to find breakthrough experiences. There is no brainstorming - which produces too many ideas, unfiltered - but a vision, subject to criticism. It does not come from outsiders, but from one person's unique interpretation.",Industrial Engineering | Entrepreneurship | Design & Fashion (Books),",#4,204 in Audible Audiobooks & Originals (See Top 100 in Audible Audiobooks & Originals),#6 in Industrial Engineering (Audible Audiobooks & Originals),#95 in Entrepreneurship (Audible Audiobooks & Originals),#549 in Design & Fashion (Books)",4204.0,7 hours and 38 minutes,458.0,Advanced Only,1,1,1,overcrowded: designing meaningful products in a world awash with ideas,roberto verganti,0-50
The Gift of Presence: A Mindfulness Guide for Women,Caroline Welch,4.8,4.8,18.0,2.9444389791664403,569.0,Unknown,Unknown,Unknown,,Unknown,,Advanced Only,0,0,0,the gift of presence: a mindfulness guide for women,caroline welch,0-50
Upon an Old Wall Dreaming: More of My Favourite Stories and Sketches,Ruskin Bond,4.8,4.8,18.0,2.9444389791664403,668.0,Unknown,Unknown,Unknown,,Unknown,,Catalog Only,0,0,0,upon an old wall dreaming: more of my favourite stories and sketches,ruskin bond,0-50
"Coping with Critical, Demanding, and Dysfunctional Parents: Powerful Strategies to Help Adult Children Maintain Boundaries and Stay Sane",David M. Allen MD,4.8,4.8,12.0,2.5649493574615367,398.0,"Adult children whose parents are invalidating, critical, demanding, or hateful require skills to advocate for their own needs. In this much-needed guide, listeners will learn how to employ unique assertiveness strategies based on the characteristics of their own family dynamics; uncover the hidden motives behind their parents’ behavior; put a stop to repetitive, hurtful interactions without cutting off their problem parents; and foster healthier relationships.",Parent & Adult Children Relationships | Dysfunctional Family Relationships | Abusive Relationships,",#4,492 in Audible Audiobooks & Originals (See Top 100 in Audible Audiobooks & Originals),#6 in Parent & Adult Children Relationships,#6 in Dysfunctional Family Relationships,#8 in Abusive Relationships",4492.0,7 hours and 40 minutes,460.0,Both,1,1,1,"coping with critical, demanding, and dysfunctional parents: powerful strategies to help adult children maintain boundaries and stay sane",david m. allen md,0-50
More of Poirot's Finest Cases: Seven Full-Cast BBC Radio Dramatisations,Agatha Christie,4.8,4.8,12.0,2.5649493574615367,1093.0,John Moffat stars as the great Belgian detective Hercule Poirot in seven more BBC Radio 4 full-cast dramatisations.,Mystery Anthologies & Short Stories | Crime Fiction | Short Stories (Books),",#452 in Audible Audiobooks & Originals (See Top 100 in Audible Audiobooks & Originals),#1 in Mystery Anthologies & Short Stories,#9 in Crime Fiction,#176 in Short Stories (Books)",452.0,13 hours and 27 minutes,807.0,Both,1,1,1,more of poirot's finest cases: seven full-cast bbc radio dramatisations,agatha christie,0-50
The Witches,Roald Dahl,4.8,4.8,12.0,2.5649493574615367,615.0,Brought to you by Penguin.,Fiction Classics for Children | Children's Literature & Fiction (Books),",#359 in Audible Audiobooks & Originals (See Top 100 in Audible Audiobooks & Originals),#2 in Fiction Classics for Children,#644 in Children's Literature & Fiction (Books)",359.0,4 hours and 28 minutes,268.0,Both,1,1,1,the witches,roald dahl,0-50
Create Your Future the Peter Drucker Way: Developing and Applying a Forward-Focused Mindset,Bruce Rosenstein,4.8,4.8,10.0,2.3978952727983707,703.0,Unknown,Unknown,Unknown,,Unknown,,Both,0,0,0,create your future the peter drucker way: developing and applying a forward-focused mindset,bruce rosenstein,0-50
Letter from America: The Essential Letters 1936-2004: With additional narration by BBC American correspondent Matt Frei,Alistair Cooke,4.8,4.8,10.0,2.3978952727983707,1093.0,Unknown,Unknown,Unknown,,Unknown,,Catalog Only,0,0,0,letter from america: the essential letters 1936-2004: with additional narration by bbc american correspondent matt frei,alistair cooke,0-50
You Don't Have to Be Blind to See,Jim Stovall,4.8,4.8,10.0,2.3978952727983707,469.0,Unknown,Unknown,Unknown,,Unknown,,Both,0,0,0,you don't have to be blind to see,jim stovall,0-50
Doctor Who: 10th Doctor Tales: 10th Doctor Audio Originals,Peter Anghelides,4.8,4.8,9.0,2.302585092994046,1093.0,"David Tennant, Catherine Tate and Michelle Ryan read this exclusive collection of original audio adventures. Join the Tenth Doctor on these seven adventures in time and space, written specially for audio.",Science Fiction | Science Fiction (Books) | Fantasy (Books),",#3,550 in Audible Audiobooks & Originals (See Top 100 in Audible Audiobooks & Originals),#95 in Science Fiction (Audible Audiobooks & Originals),#991 in Science Fiction (Books),#2,666 in Fantasy (Books)",3550.0,15 hours and 11 minutes,911.0,Advanced Only,1,1,1,doctor who: 10th doctor tales: 10th doctor audio originals,peter anghelides,0-50
The Cybersecurity Playbook: How Every Leader and Employee Can Contribute to a Culture of Security,Allison Cerra,4.8,4.8,9.0,2.302585092994046,703.0,"Many books discuss the technical underpinnings and complex configurations necessary for cybersecurity - but they fail to address the everyday steps that boards, managers, and employees can take to prevent attacks. The Cybersecurity Playbook is the step-by-step guide to protecting your organization from unknown threats and integrating good security habits into everyday business situations. This audiobook provides clear guidance on how to identify weaknesses, assess possible threats, and implement effective policies. Recognizing that an organization's security is only as strong as its weakest link, this audiobook offers specific strategies for employees at every level.",Forecasting & Strategic Planning | Business Management | Industries,",#827 in Audible Audiobooks & Originals (See Top 100 in Audible Audiobooks & Originals),#25 in Forecasting & Strategic Planning,#53 in Business Management,#228 in Industries",827.0,4 hours and 59 minutes,299.0,Both,1,1,1,the cybersecurity playbook: how every leader and employee can contribute to a culture of security,allison cerra,0-50
The Old Man and the Sea: CliffsNotes,Jeanne Sallade Criswell M.F.A.,4.8,4.8,9.0,2.302585092994046,352.0,"The CliffsNotes study guide on Ernest Hemingway's The Old Man and the Sea supplements the original literary work, giving you background information about the author, an introduction to the work, and critical commentaries, all for you to use as an educational tool that will allow you to better understand the work. This study guide was written with the assumption that you have read The Old Man and the Sea.",United States Literature | Literary History & Criticism | Writing Guides (Books),",#5,034 in Audible Audiobooks & Originals (See Top 100 in Audible Audiobooks & Originals),#19 in United States Literature,#31 in Literary History & Criticism,#485 in Writing Guides (Books)",5034.0,2 hours and 40 minutes,160.0,Both,1,1,1,the old man and the sea: cliffsnotes,jeanne sallade criswell m.f.a.,0-50
Biofeedback and Mindfulness in Everyday Life: Practical Solutions for Improving Your Health and Performance,Inna Khazan PhD,4.8,4.8,8.0,2.19722457733622,703.0,A mind-body approach to taking control of your physical and emotional health.,Stress Management | Meditation | Psychology,",#2,788 in Audible Audiobooks & Originals (See Top 100 in Audible Audiobooks & Originals),#39 in Stress Management,#71 in Meditation (Audible Audiobooks & Originals),#206 in Psychology (Audible Audiobooks & Originals)",2788.0,12 hours and 24 minutes,744.0,Both,1,1,1,biofeedback and mindfulness in everyday life: practical solutions for improving your health and performance,inna khazan phd,0-50
"War and Peace, Volume 1",Leo Tolstoy,4.8,4.8,8.0,2.19722457733622,1172.0,"War and Peace is one of the greatest monuments in world literature. Set against the dramatic backdrop of the Napoleonic Wars, it examines the relationship between the individual and the relentless march of history. Here are the universal themes of love and hate, ambition and despair, youth and age, expressed with a swirling vitality which makes the book as accessible today as it was when it was first published in 1869.",Unknown,Unknown,,Unknown,,Advanced Only,1,0,0,"war and peace, volume 1",leo tolstoy,0-50
100 Desi Stories to Inspire You,Madhur Zakir Hallegua,4.8,4.8,7.0,2.079441541679836,668.0,Unknown,Unknown,Unknown,,Unknown,,Catalog Only,0,0,0,100 desi stories to inspire you,madhur zakir hallegua,0-50
AI Ethics: MIT Press Essential Knowledge Series,Mark Coeckelbergh,4.8,4.8,7.0,2.079441541679836,586.0,Unknown,Unknown,Unknown,,Unknown,,Catalog Only,0,0,0,ai ethics: mit press essential knowledge series,mark coeckelbergh,0-50
"21-Day Challenges Box Set 1 - Self Love, Self Confidence, & Happiness",21 Day Challenges,4.8,4.8,6.0,1.9459101490553128,501.0,Unknown,Unknown,Unknown,,Unknown,,Advanced Only,0,0,0,"21-day challenges box set 1 - self love, self confidence, & happiness",21 day challenges,0-50
Louis Pasteur,Albert Keim,4.8,4.8,6.0,1.9459101490553128,804.0,Unknown,Unknown,Unknown,,Unknown,,Catalog Only,0,0,0,louis pasteur,albert keim,0-50
The Hero's 2 Journeys,Michael Hauge,4.8,4.8,6.0,1.9459101490553128,501.0,"The ""Outer Journey"" is the essential structural principles driving every successful plot. Each brings years of practical experience and extensive research to story structure, character arc, and how to give your story greater commercial appeal. Full of specific examples.",Art History & Criticism | Theory & Criticism | Personal Development & Self-Help,",#4,022 in Audible Audiobooks & Originals (See Top 100 in Audible Audiobooks & Originals),#2 in Art History & Criticism,#368 in Theory & Criticism,#8,449 in Personal Development & Self-Help",4022.0,3 hours and 15 minutes,195.0,Both,1,1,1,the hero's 2 journeys,michael hauge,0-50
The Personal Mastery Program: Discovering Passion and Purpose in Your Life and Work,Srikumar S. Rao PhD PhD,4.8,4.8,6.0,1.9459101490553128,1407.0,Unknown,Unknown,Unknown,,Unknown,,Both,0,0,0,the personal mastery program: discovering passion and purpose in your life and work,srikumar s. rao phd phd,0-50
Quichotte,Salman Rushdie,4.8,4.8,5.0,1.791759469228055,870.0,Salman Rushdie versetzt Don Qichotte ins heute Amerika.,Absurdist Fiction | Literature & Fiction (Books),",#4,048 in Audible Audiobooks & Originals (See Top 100 in Audible Audiobooks & Originals),#2 in Absurdist Fiction,#24,279 in Literature & Fiction (Books)",4048.0,15 hours and 38 minutes,938.0,Both,1,1,1,quichotte,salman rushdie,0-50
The History of Ancient Egypt,Bob Brier,4.8,4.8,5.0,1.791759469228055,1774.0,Unknown,Unknown,Unknown,,Unknown,,Catalog Only,0,0,0,the history of ancient egypt,bob brier,0-50
The Lizard’s Tail,Shobha Viswanath,4.8,4.8,3.0,1.3862943611198906,75.0,Unknown,Unknown,Unknown,,Unknown,,Advanced Only,0,0,0,the lizard’s tail,shobha viswanath,0-50
Creating Great Choices: A Leader's Guide to Integrative Thinking,Jennifer Riel,4.7,4.7,35.0,3.58351893845611,703.0,"A practical four-step methodology for any leader or manager facing a tough choice, and for creating integrative solutions to big, complex, and pressing problems. Conventional wisdom - and business school curricula - teaches us that making trade-offs is inevitable when it comes to hard choices. But sometimes, accepting the obvious trade-off just isn't good enough: the choices in front of us don't get us what we need. In those cases, rather than choosing the least worst option, we can use the models in front of us to create a new and better answer. This is integrative thinking. First introduced by Roger Martin in The Opposable Mind, integrative thinking is an approach to problem solving that uses opposing ideas as the basis for innovation. Now, in Creating Great Choices, Martin and fellow Rotman expert Jennifer Riel vividly show how they have refined and enhanced the understanding and practice of integrative thinking through their work teaching the concept and its principles to business and nonprofit executives, MBA students, even kids. Integrative thinking has been embraced by organizations such as Procter & Gamble, Deloitte, Verizon, and the Toronto District School Board - all seeking a replicable, thoughtful approach to creating a ""third and better way"" to make important choices in the face of unacceptable trade-offs. The book includes new stories of successful integrative thinkers that will demystify the process of creative problem solving. It lays out the authors' practical four-step methodology, which can be applied in virtually any context:",Unknown,Unknown,,Unknown,,Both,1,0,0,creating great choices: a leader's guide to integrative thinking,jennifer riel,0-50
Help! For Writers: 210 Solutions to the Problems Every Writer Faces,Roy Peter Clark,4.7,4.7,35.0,3.58351893845611,656.0,Unknown,Unknown,Unknown,,Unknown,,Advanced Only,0,0,0,help! for writers: 210 solutions to the problems every writer faces,roy peter clark,0-50
The Essence of Self-Realization: The Wisdom of Paramhansa Yogananda,Swami Kriyananda,4.7,4.7,35.0,3.58351893845611,492.0,"The Essence of Self-Realization, nearly 300 sayings rich with spiritual wisdom, is the fruit of that labor of love. The scope of this book is vast - it offers as complete an explanation of life's true purpose, and the way to achieve that purpose, as may be found anywhere. A few of the chapters include ""The True Purpose of Life""; ""On Meditation""; ""How to Pray Effectively""; ""The Law of Karma""; ""The Lesson of Reincarnation""; and ""Ways in Which God Can Be Worshiped"". Filled with lessons and stories that Yogananda shared only with his closest disciples, this volume offers one of the most insightful and engaging glimpses into the life and lessons of a great sage. Much of the material presented here is not available anywhere else.",Consciousness & Thought | Hinduism | Hinduism (Books),",#1,053 in Audible Audiobooks & Originals (See Top 100 in Audible Audiobooks & Originals),#6 in Consciousness & Thought,#30 in Hinduism (Audible Audiobooks & Originals),#830 in Hinduism (Books)",1053.0,4 hours and 47 minutes,287.0,Advanced Only,1,1,1,the essence of self-realization: the wisdom of paramhansa yogananda,swami kriyananda,0-50
Winning Minds: Secrets from the Language of Leadership,Simon Lancaster,4.7,4.7,35.0,3.58351893845611,569.0,Unknown,Unknown,Unknown,,Unknown,,Catalog Only,0,0,0,winning minds: secrets from the language of leadership,simon lancaster,0-50
Death on the Nile,Agatha Christie,4.7,4.7,33.0,3.5263605246161616,615.0,John Moffatt stars as the famous Belgian detective in this BBC Radio 4 full-cast dramatisation of one of Christie's most popular novels.,Unknown,Unknown,,Unknown,,Both,1,0,0,death on the nile,agatha christie,0-50
"Geronimo Stilton #17: Watch Your Whiskers, Stilton! and Geronimo Stilton #18: Shipwreck on Pirates Island",Geronimo Stilton,4.7,4.7,33.0,3.5263605246161616,468.0,Unknown,"Mice, Hamsters, Guinea Pigs & Squirrels Fiction for Children | Animal Action & Adventure for Children | Animal Fiction for Children",",#2,133 in Audible Audiobooks & Originals (See Top 100 in Audible Audiobooks & Originals),#4 in Mice, Hamsters, Guinea Pigs & Squirrels Fiction for Children,#4 in Animal Action & Adventure for Children,#22 in Animal Fiction for Children",2133.0,2 hours and 28 minutes,148.0,Both,0,1,1,"geronimo stilton #17: watch your whiskers, stilton! and geronimo stilton #18: shipwreck on pirates island",geronimo stilton,0-50
Radical Hope: 10 Key Healing Factors from Exceptional Survivors of Cancer & Other Diseases,Kelly A. Turner PhD,4.7,4.7,33.0,3.5263605246161616,750.0,"Following the publication of the New York Times best-selling Radical Remission, researcher Kelly A. Turner, Ph.D., has collected hundreds of new cases of radical remissions - from cancer and now also other diseases. Turner explores the real-life application of the Radical Remission principles and the people who have chosen to take this journey.",Unknown,Unknown,,Unknown,,Advanced Only,1,0,0,radical hope: 10 key healing factors from exceptional survivors of cancer & other diseases,kelly a. turner phd,0-50
Intimations: Six Essays,Zadie Smith,4.7,4.7,32.0,3.49650756146648,615.0,Brought to you by Penguin.,Biographies of Authors | Women Biographies | Essays (Books),",#4,459 in Audible Audiobooks & Originals (See Top 100 in Audible Audiobooks & Originals),#15 in Biographies of Authors,#26 in Women Biographies,#1,042 in Essays (Books)",4459.0,1 hour and 51 minutes,111.0,Advanced Only,1,1,1,intimations: six essays,zadie smith,0-50
"The Animal Shelter Mystery: The Boxcar Children Mysteries, Book 22",Gertrude Chandler Warner,4.7,4.7,32.0,3.49650756146648,284.0,Unknown,Unknown,Unknown,,Unknown,,Catalog Only,0,0,0,"the animal shelter mystery: the boxcar children mysteries, book 22",gertrude chandler warner,0-50
"The Making of Hero: Four Brothers, Two Wheels & a Revolution That Shaped India",Sunil K. Munjal,4.7,4.7,32.0,3.49650756146648,668.0,Unknown,Unknown,Unknown,,Unknown,,Catalog Only,0,0,0,"the making of hero: four brothers, two wheels & a revolution that shaped india",sunil k. munjal,0-50
Leading at a Higher Level,Stow Lovejoy,4.7,4.7,30.0,3.4339872044851463,836.0,Unknown,Unknown,Unknown,,Unknown,,Both,0,0,0,leading at a higher level,stow lovejoy,0-50
Maximum Influence: 2nd Edition: The 12 Universal Laws of Power Persuasion,Kurt W Mortensen,4.7,4.7,30.0,3.4339872044851463,820.0,Unknown,Unknown,Unknown,,Unknown,,Catalog Only,0,0,0,maximum influence: 2nd edition: the 12 universal laws of power persuasion,kurt w mortensen,0-50
The Jungle Book: The Mowgli Stories,Rudyard Kipling,4.7,4.7,29.0,3.4011973816621555,349.0,Unknown,Unknown,Unknown,,Unknown,,Catalog Only,0,0,0,the jungle book: the mowgli stories,rudyard kipling,0-50
"The Science Fiction Hall of Fame, Vol. 2-B",Ben Bova,4.7,4.7,29.0,3.4011973816621555,1054.0,Eleven essential classics in one volume,Unknown,Unknown,,Unknown,,Both,1,0,0,"the science fiction hall of fame, vol. 2-b",ben bova,0-50
Pratham Aur Antim Mukti [First and Last Redemption],J. Krishnamurti,4.7,4.7,26.0,3.295836866004329,836.0,"Jiddu Krishnamurti was a famous Indian philosopher, speaker and writer. He explored ideas like the nature of mind, meditation, inquiry, psychological revolution, human relationships and bringing about a radical change in society in his lectures and writings, emphasising that such a revolution cannot be brought about by any external entity, be it religious, political or social. His most famous books are The First and Last Freedom, The Only Revolution, and Krishnamurti's Notebook.",Philosophy | Textbooks & Study Guides,",#4,466 in Audible Audiobooks & Originals (See Top 100 in Audible Audiobooks & Originals),#188 in Philosophy (Audible Audiobooks & Originals),#51,844 in Textbooks & Study Guides",4466.0,13 hours and 57 minutes,837.0,Both,1,1,1,pratham aur antim mukti [first and last redemption],j. krishnamurti,0-50
Desert Fox: The Storied Military Career of Erwin Rommel,Samuel W. Mitcham Jr.,4.7,4.7,25.0,3.258096538021482,703.0,Unknown,Unknown,Unknown,,Unknown,,Catalog Only,0,0,0,desert fox: the storied military career of erwin rommel,samuel w. mitcham jr.,0-50
"Complaint Free Relationships: How to Positively Transform Your Personal, Work, and Love Relationships",Will Bowen,4.7,4.7,24.0,3.218875824868201,754.0,Unknown,Unknown,Unknown,,Unknown,,Both,0,0,0,"complaint free relationships: how to positively transform your personal, work, and love relationships",will bowen,0-50
Uncharted: How to Map the Future,Margaret Hefferman,4.7,4.7,24.0,3.218875824868201,1063.0,Unknown,Unknown,Unknown,,Unknown,,Both,0,0,0,uncharted: how to map the future,margaret hefferman,0-50
Attitude Is Everything: Ten Rules for Staying Positive,Vicki Hitzges,4.7,4.7,23.0,3.1780538303479458,375.0,Unknown,Unknown,Unknown,,Unknown,,Both,0,0,0,attitude is everything: ten rules for staying positive,vicki hitzges,0-50
The Forgotten Few: The Indian Air Force in World War II,K.S. Nair,4.7,4.7,23.0,3.1780538303479458,836.0,"The Forgotten Few is the first contemporary attempt to produce a historical narrative of the nation's contribution, specifically to the air force component, of World War II, which was an important part of our journey to Independence and national identity. Close to three million Indians served in uniform during the war. And yet, the Indian chapter of this globe-straddling story, reverberations of which still echo today, are barely known - a symptom of which was the recent controversy over the absence of Indians in the Christopher Nolan film Dunkirk.",Unknown,Unknown,,Unknown,,Both,1,0,0,the forgotten few: the indian air force in world war ii,k.s. nair,0-50
Entrepreneurial Leap: Do You Have What it Takes to Become an Entrepreneur?,Gino Wickman,4.7,4.7,22.0,3.1354942159291497,586.0,Unknown,Unknown,Unknown,,Unknown,,Both,0,0,0,entrepreneurial leap: do you have what it takes to become an entrepreneur?,gino wickman,0-50
"Assured: Discover Grace, Let Go of Guilt, and Rest in Your Salvation",Greg Gilbert,4.7,4.7,21.0,3.091042453358316,702.0,Unknown,Unknown,Unknown,,Unknown,,Both,0,0,0,"assured: discover grace, let go of guilt, and rest in your salvation",greg gilbert,0-50
Is Your Thinking Keeping You Poor?: 50 Ways the Rich Think Differently,Douglas Kruger,4.7,4.7,21.0,3.091042453358316,352.0,"""Thinking like a poor person will keep you poor. Thinking like a wealthy person will make you wealthy. I would like to show you exactly what the differences between the two ways of thinking are and how you can use them in your favour."" (Douglas Kruger)",Money Management | Personal Success in Business | Personal Success,",#2,259 in Audible Audiobooks & Originals (See Top 100 in Audible Audiobooks & Originals),#10 in Money Management,#213 in Personal Success in Business,#328 in Personal Success",2259.0,6 hours and 46 minutes,406.0,Advanced Only,1,1,1,is your thinking keeping you poor?: 50 ways the rich think differently,douglas kruger,0-50
The Power of Silence: The Riches That Lie Within,Graham Turner,4.7,4.7,21.0,3.091042453358316,668.0,Unknown,Unknown,Unknown,,Unknown,,Both,0,0,0,the power of silence: the riches that lie within,graham turner,0-50
HBR's 10 Must Reads for CEOs,Harvard Business Review,4.7,4.7,19.0,2.995732273553991,586.0,"As CEO, you set the vision, the strategy, and the tone of your organization.",Organisational Behaviour | Forecasting & Strategic Planning | Leadership,",#2,028 in Audible Audiobooks & Originals (See Top 100 in Audible Audiobooks & Originals),#26 in Organisational Behaviour,#46 in Forecasting & Strategic Planning,#98 in Leadership",2028.0,8 hours and 43 minutes,523.0,Both,1,1,1,hbr's 10 must reads for ceos,harvard business review,0-50
The Totality of Possibilities: Set Yourself Free to Create the Lifestyle You Really Want!,Louise L. Hay,4.7,4.7,19.0,2.995732273553991,257.0,Unknown,Unknown,Unknown,,Unknown,,Catalog Only,0,0,0,the totality of possibilities: set yourself free to create the lifestyle you really want!,louise l. hay,0-50
Through the Dark Wood: Finding Meaning in the Second Half of Life,James Hollis PhD,4.7,4.7,19.0,2.995732273553991,1148.0,Unknown,Unknown,Unknown,,Unknown,,Advanced Only,0,0,0,through the dark wood: finding meaning in the second half of life,james hollis phd,0-50
A Princess’s Quest for Knowledge,Soumya Torvi,4.7,4.7,18.0,2.9444389791664403,233.0,Unknown,Unknown,Unknown,,Unknown,,Catalog Only,0,0,0,a princess’s quest for knowledge,soumya torvi,0-50
The Radiance of a Thousand Suns,Manreet Sodhi Someshwar,4.7,4.7,18.0,2.9444389791664403,836.0,Unknown,Unknown,Unknown,,Unknown,,Both,0,0,0,the radiance of a thousand suns,manreet sodhi someshwar,0-50
Tief im Herzen: Quinn-Saga 1,Nora Roberts,4.7,4.7,18.0,2.9444389791664403,334.0,Unknown,Unknown,Unknown,,Unknown,,Both,0,0,0,tief im herzen: quinn-saga 1,nora roberts,0-50
Yuval Noah Harari: Audible Sessions: FREE Exclusive Interview,Robin Morgan,4.7,4.7,18.0,2.9444389791664403,0.0,"Professor Yuval Noah Harari is a lecturer at the Department of History at the Hebrew University of Jerusalem. Gaining his PhD from Oxford University, he has published several books and articles. His most recent works comprise the international bestseller Sapiens: A Brief History of Humankind and, most recently Homo Deus: A Brief History of Tomorrow.",Biographies of Authors,",#9 Free in Audible Audiobooks & Originals (See Top 100 in Audible Audiobooks & Originals),#1 in Biographies of Authors",,19 minutes,19.0,Both,1,1,1,yuval noah harari: audible sessions: free exclusive interview,robin morgan,0-50
Brer Rabbit Again,Enid Blyton,4.7,4.7,17.0,2.8903717578961645,664.0,"Brer Rabbit will never learn! He loves to play jokes and tricks and set traps for his friends - but once in a while, they beat him at his own game!",Children's Literature & Fiction (Books),",#8,001 in Children's Literature & Fiction (Books)",,4 hours and 55 minutes,295.0,Both,1,1,1,brer rabbit again,enid blyton,0-50
Humanocracy: Creating Organizations as Amazing as the People Inside Them,Gary Hamel,4.7,4.7,17.0,2.8903717578961645,938.0,"In a world of unrelenting change and unprecedented challenges, we need organizations that are resilient and daring.",Negotiating | Workplace Culture | Organisational Behaviour,",#1,500 in Audible Audiobooks & Originals (See Top 100 in Audible Audiobooks & Originals),#6 in Negotiating,#16 in Workplace Culture,#23 in Organisational Behaviour",1500.0,11 hours and 14 minutes,674.0,Advanced Only,1,1,1,humanocracy: creating organizations as amazing as the people inside them,gary hamel,0-50
My Dear Bessie: A Love Story in Letters: A BBC Radio 4 Adaptation,Chris Barker,4.7,4.7,16.0,2.833213344056216,615.0,Unknown,Unknown,Unknown,,Unknown,,Catalog Only,0,0,0,my dear bessie: a love story in letters: a bbc radio 4 adaptation,chris barker,0-50
Cybersecurity Program Development for Business: The Essential Planning Guide,Chris Moschovitis,4.7,4.7,15.0,2.772588722239781,586.0,"This essential guide, with its dozens of examples and case studies, breaks down every element of the development and management of a cybersecurity program for the executive. From understanding the need, to core risk management principles, to threats, tools, roles, and responsibilities, this book walks the listener through each step of developing and implementing a cybersecurity program. From beginning to end, it's a thorough overview, but it can also function as a useful reference audiobook as individual questions and difficulties arise.",Leadership | Industries | Analysis & Strategy,",#3,563 in Audible Audiobooks & Originals (See Top 100 in Audible Audiobooks & Originals),#161 in Leadership,#945 in Industries,#5,872 in Analysis & Strategy",3563.0,9 hours and 9 minutes,549.0,Both,1,1,1,cybersecurity program development for business: the essential planning guide,chris moschovitis,0-50
The Art of Noticing: Rediscover What Really Matters to You,Rob Walker,4.7,4.7,15.0,2.772588722239781,752.0,Unknown,Unknown,Unknown,,Unknown,,Catalog Only,0,0,0,the art of noticing: rediscover what really matters to you,rob walker,0-50
At the Eleventh Hour: The Biography of Swami Rama,Pandit Rajmani Tigunait Ph.D.,4.7,4.7,14.0,2.70805020110221,444.0,Unknown,Unknown,Unknown,,Unknown,,Both,0,0,0,at the eleventh hour: the biography of swami rama,pandit rajmani tigunait ph.d.,0-50
"Napoleon Hill's Keys to Positive Thinking: 10 Steps to Health, Wealth, and Success",Napoleon Hill,4.7,4.7,14.0,2.70805020110221,352.0,"Four words that make all the difference: ""I can do it.""",Personal Success | Personal Development & Self-Help,",#4,058 in Audible Audiobooks & Originals (See Top 100 in Audible Audiobooks & Originals),#546 in Personal Success,#8,536 in Personal Development & Self-Help",4058.0,3 hours and 20 minutes,200.0,Both,1,1,1,"napoleon hill's keys to positive thinking: 10 steps to health, wealth, and success",napoleon hill,0-50
"The Curse of the Ancient Emerald: Hardy Boys Adventures, Book 9",Franklin W. Dixon,4.7,4.7,14.0,2.70805020110221,305.0,Unknown,Unknown,Unknown,,Unknown,,Catalog Only,0,0,0,"the curse of the ancient emerald: hardy boys adventures, book 9",franklin w. dixon,0-50
Politics,Aristotle,4.7,4.7,13.0,2.6390573296152584,266.0,"Aristotle's Politics is a work of political philosophy. The end of Aristotle’s Nicomachean Ethics declared that the inquiry into ethics necessarily follows into politics, and the two works are frequently considered to be parts of a larger treatise, or perhaps connected lectures, dealing with the philosophy of human affairs.",Political Science | Social Sciences | Philosophy,",#2,383 in Audible Audiobooks & Originals (See Top 100 in Audible Audiobooks & Originals),#27 in Political Science (Audible Audiobooks & Originals),#86 in Social Sciences (Audible Audiobooks & Originals),#119 in Philosophy (Audible Audiobooks & Originals)",2383.0,8 hours and 19 minutes,499.0,Both,1,1,1,politics,aristotle,0-50
"The Great Indoors: The Surprising Science of How Buildings Shape Our Behavior, Health, and Happiness",Emily Anthes,4.7,4.7,12.0,2.5649493574615367,1172.0,Unknown,Unknown,Unknown,,Unknown,,Catalog Only,0,0,0,"the great indoors: the surprising science of how buildings shape our behavior, health, and happiness",emily anthes,0-50
The Power of Belonging: Discovering the Confidence to Lead with Vulnerability,Will van der Hart,4.7,4.7,12.0,2.5649493574615367,585.0,Unknown,Unknown,Unknown,,Unknown,,Advanced Only,0,0,0,the power of belonging: discovering the confidence to lead with vulnerability,will van der hart,0-50
Blackadder: The Complete Collected Series,Ben Elton,4.7,4.7,10.0,2.3978952727983707,1093.0,"The complete soundtracks of all four Blackadder series, plus over three hours of specials and extras.",Humorous Fiction | Humour (Books) | Literature & Fiction (Books),",#5,309 in Audible Audiobooks & Originals (See Top 100 in Audible Audiobooks & Originals),#52 in Humorous Fiction,#2,147 in Humour (Books),#32,210 in Literature & Fiction (Books)",5309.0,15 hours and 3 minutes,903.0,Advanced Only,1,1,1,blackadder: the complete collected series,ben elton,0-50
Mindfulness in Plain English,Bhante Henepola Gunaratana,4.7,4.7,10.0,2.3978952727983707,668.0,"With over a quarter of a million copies sold, Mindfulness in Plain English is one of the most influential books in the burgeoning field of mindfulness and a timeless classic introduction to meditation. This is a book that people listen to, love, and share - a book that people talk about, write about, reflect on, and return to over and over again.",Theravada Buddhism | Buddhist Philosophy & Practice | Eastern Philosophy,",#1,037 in Audible Audiobooks & Originals (See Top 100 in Audible Audiobooks & Originals),#1 in Theravada Buddhism,#9 in Buddhist Philosophy & Practice,#15 in Eastern Philosophy",1037.0,6 hours and 12 minutes,372.0,Advanced Only,1,1,1,mindfulness in plain english,bhante henepola gunaratana,0-50
The Silva Method: Tapping the Secrets of the Mind for Total Self-Mastery,Ph.D Robert B. Stone,4.7,4.7,10.0,2.3978952727983707,1439.0,Unknown,Unknown,Unknown,,Unknown,,Both,0,0,0,the silva method: tapping the secrets of the mind for total self-mastery,ph.d robert b. stone,0-50
Jeevan Ek Anveshan [Explore Life],J. Krishnamurti,4.7,4.7,9.0,2.302585092994046,836.0,Unknown,Unknown,Unknown,,Unknown,,Both,0,0,0,jeevan ek anveshan [explore life],j. krishnamurti,0-50
"Corporate Finance: The Ultimate Guide to Financial Reporting, Business Valuation, Risk Management, Financial Management, and Financial Statements",Greg Shields,4.7,4.7,8.0,2.19722457733622,836.0,If you want to learn about corporate finance but don't feel like reading boring textbooks then keep reading....,Education | Money & Finance | Education (Books),",#703 in Audible Audiobooks & Originals (See Top 100 in Audible Audiobooks & Originals),#6 in Education (Audible Audiobooks & Originals),#79 in Money & Finance,#358 in Education (Books)",703.0,12 hours and 31 minutes,751.0,Both,1,1,1,"corporate finance: the ultimate guide to financial reporting, business valuation, risk management, financial management, and financial statements",greg shields,0-50
Culture Shift: A Practical Guide to Managing Organizational Culture,Kirsty Bashforth,4.7,4.7,8.0,2.19722457733622,645.0,"Today, stakeholder consideration focuses as much on an organisation's culture as it does on the bottom line - employees want to work for a company that has clear values and an engaging environment; customers and clients want to know they’re supporting a worthwhile brand; and investors increasingly look to back socially responsible companies with good organisational health. Yet internally, culture is too often still regarded as an add-on, a one-off moment of focus or a distraction from the real day to day business. And when it is given that real focus, the approaches adopted to manage it can prove costly and campaign-like, leading to only temporary emphasis and shift.",Unknown,Unknown,,Unknown,,Advanced Only,1,0,0,culture shift: a practical guide to managing organizational culture,kirsty bashforth,0-50
Dubliners: Penguin Classics,James Joyce,4.7,4.7,8.0,2.19722457733622,683.0,Unknown,Unknown,Unknown,,Unknown,,Catalog Only,0,0,0,dubliners: penguin classics,james joyce,0-50
In the House of the Riddle Mother: The Most Common Archetypal Motifs in Women's Dreams,Clarissa Pinkola Estés PhD,4.7,4.7,8.0,2.19722457733622,328.0,Unknown,Unknown,Unknown,,Unknown,,Both,0,0,0,in the house of the riddle mother: the most common archetypal motifs in women's dreams,clarissa pinkola estés phd,0-50
"The Drone Pursuit: Tom Swift Inventors' Academy, Book 1",Victor Appleton,4.7,4.7,8.0,2.19722457733622,351.0,Unknown,Unknown,Unknown,,Unknown,,Catalog Only,0,0,0,"the drone pursuit: tom swift inventors' academy, book 1",victor appleton,0-50
Put Your Intuition to Work: How to Supercharge Your Inner Wisdom to Think Fast and Make Great Decisions,Lynn A. Robinson,4.7,4.7,7.0,2.079441541679836,468.0,Unknown,Unknown,Unknown,,Unknown,,Catalog Only,0,0,0,put your intuition to work: how to supercharge your inner wisdom to think fast and make great decisions,lynn a. robinson,0-50
Sex for One: The Joy of Self-Loving,Betty Dodson,4.7,4.7,7.0,2.079441541679836,501.0,Unknown,Unknown,Unknown,,Unknown,,Catalog Only,0,0,0,sex for one: the joy of self-loving,betty dodson,0-50
This Audiobook Will Send You to Sleep,Bruce Alexander,4.7,4.7,7.0,2.079441541679836,683.0,Unknown,Unknown,Unknown,,Unknown,,Catalog Only,0,0,0,this audiobook will send you to sleep,bruce alexander,0-50
"Tree House Mystery: The Boxcar Children Mysteries, Book 14",Gertrude Chandler Warner,4.7,4.7,7.0,2.079441541679836,301.0,"The Alden children are helping their neighbors build a tree house. From the tree house, the children discover they can see into the attic of the house next door...and they notice a window that not even their neighbors know about! Does the old house have a secret?",Unknown,Unknown,,Unknown,,Both,1,0,0,"tree house mystery: the boxcar children mysteries, book 14",gertrude chandler warner,0-50
The Middle Way: The Story of Buddhism,Jinananda,4.7,4.7,6.0,1.9459101490553128,539.0,Unknown,Unknown,Unknown,,Unknown,,Both,0,0,0,the middle way: the story of buddhism,jinananda,0-50
Queeristan: LGBTQ Inclusion in the Indian Workplace,Parmesh Shahani,4.7,4.7,5.0,1.791759469228055,836.0,The reading down of Section 377 by the Supreme Court in 2018 has led to a fundamental shift in the rights of India’s LGBTQ citizens and necessitated policy changes across the board - not least in the conservative world of Indian business.,LGBT Studies | Gender Issues | Workplace Culture,",#442 in Audible Audiobooks & Originals (See Top 100 in Audible Audiobooks & Originals),#1 in LGBT Studies,#2 in Gender Issues,#8 in Workplace Culture",442.0,11 hours and 49 minutes,709.0,Both,1,1,1,queeristan: lgbtq inclusion in the indian workplace,parmesh shahani,0-50
Mindfulness: Where It Comes from and What It Means,Sarah Shaw,4.7,4.7,4.0,1.6094379124341005,492.0,Unknown,Unknown,Unknown,,Unknown,,Catalog Only,0,0,0,mindfulness: where it comes from and what it means,sarah shaw,0-50
The Comic Book Mystery: The Boxcar Children Mysteries,Gertrude Chandler Warner,4.7,4.7,4.0,1.6094379124341005,284.0,Unknown,Unknown,Unknown,,Unknown,,Catalog Only,0,0,0,the comic book mystery: the boxcar children mysteries,gertrude chandler warner,0-50
"The Finders Keepers Mystery: The Boxcar Children Mysteries, Book 99",Gertrude Chandler Warner,4.7,4.7,4.0,1.6094379124341005,284.0,Unknown,Unknown,Unknown,,Unknown,,Catalog Only,0,0,0,"the finders keepers mystery: the boxcar children mysteries, book 99",gertrude chandler warner,0-50
The Intimate Marriage,R. C. Sproul,4.7,4.7,4.0,1.6094379124341005,659.0,"Dr. R.C. Sproul takes a practical, pastoral look at the most intimate of human relationships. He shows that if we follow God’s principles, marriage can be a celebration of joyous intimacy - one of life’s greatest delights. Dr. Sproul examines not only the theology of marriage but also its sociology and psychology, covering such topics as communication, gender roles, and sex.",Christian Marriage & Relationships | Marriage | Christianity (Books),",#4,566 in Audible Audiobooks & Originals (See Top 100 in Audible Audiobooks & Originals),#4 in Christian Marriage & Relationships,#13 in Marriage,#1,723 in Christianity (Books)",4566.0,2 hours and 24 minutes,144.0,Both,1,1,1,the intimate marriage,r. c. sproul,0-50
"The Movie Star Mystery: The Boxcar Children Mysteries, Book 69",Gertrude Chandler Warner,4.7,4.7,3.0,1.3862943611198906,284.0,Unknown,Unknown,Unknown,,Unknown,,Both,0,0,0,"the movie star mystery: the boxcar children mysteries, book 69",gertrude chandler warner,0-50
"The Mystery at the Crooked House: The Boxcar Children Mysteries, Book 79",Gertrude Chandler Warner,4.7,4.7,3.0,1.3862943611198906,284.0,Unknown,Unknown,Unknown,,Unknown,,Catalog Only,0,0,0,"the mystery at the crooked house: the boxcar children mysteries, book 79",gertrude chandler warner,0-50
"Creative Mythology: The Masks of God, Volume IV",Joseph Campbell,4.6,4.6,35.0,3.58351893845611,1005.0,Explore the power of myth as it exploded from medieval Europe into the modern world,Folklore & Mythology Studies | Philosophy History | Society & Culture (Books),",#3,860 in Audible Audiobooks & Originals (See Top 100 in Audible Audiobooks & Originals),#5 in Folklore & Mythology Studies,#18 in Philosophy History,#2,812 in Society & Culture (Books)",3860.0,28 hours and 55 minutes,1735.0,Advanced Only,1,1,1,"creative mythology: the masks of god, volume iv",joseph campbell,0-50
"Mergers & Acquisitions from A to Z, Fourth Edition",Andrew J. Sherman,4.6,4.6,35.0,3.58351893845611,703.0,Unknown,Unknown,Unknown,,Unknown,,Advanced Only,0,0,0,"mergers & acquisitions from a to z, fourth edition",andrew j. sherman,0-50
"What the Bible Says about Love, Marriage & Sex: The Song of Solomon",David Jeremiah,4.6,4.6,35.0,3.58351893845611,500.0,Unknown,Unknown,Unknown,,Unknown,,Both,0,0,0,"what the bible says about love, marriage & sex: the song of solomon",david jeremiah,0-50
"Broken Open: Mountains, Demons, Treadmills and a Search for Nirvana",David Clark,4.6,4.6,34.0,3.555348061489413,836.0,Unknown,Unknown,Unknown,,Unknown,,Catalog Only,0,0,0,"broken open: mountains, demons, treadmills and a search for nirvana",david clark,0-50
Hunted by the Sky,Tanaz Bhathena,4.6,4.6,33.0,3.5263605246161616,1055.0,"Exploring identity, class struggles, and high-stakes romance, Tanaz Bhathena's Hunted by the Sky is a gripping adventure set in a world inspired by medieval India.",Historical Fantasy for Teens | Fantasy Romance for Teens,",#3,503 in Audible Audiobooks & Originals (See Top 100 in Audible Audiobooks & Originals),#4 in Historical Fantasy for Teens,#8 in Fantasy Romance for Teens",3503.0,13 hours and 40 minutes,820.0,Both,1,1,1,hunted by the sky,tanaz bhathena,0-50
The Anatomy of Success: Management Lessons from a Surgeon,Rakesh Sinha,4.6,4.6,33.0,3.5263605246161616,668.0,"How different will people's lives be if they approach success the same way the medical profession does, as if it were a matter of life and death? What can medicine teach us about beating the odds? In our jobs and our work lives, do we genuinely do the best we can?",Personal Success | Personal Development & Self-Help,",#519 in Audible Audiobooks & Originals (See Top 100 in Audible Audiobooks & Originals),#104 in Personal Success,#1,365 in Personal Development & Self-Help",519.0,6 hours and 10 minutes,370.0,Both,1,1,1,the anatomy of success: management lessons from a surgeon,rakesh sinha,0-50
Understanding Digital Marketing: Marketing Strategies for Engaging the Digital Generation,Damian Ryan,4.6,4.6,33.0,3.5263605246161616,1005.0,"The world of digital media is changing at a phenomenal pace. Constantly evolving technologies are transforming not just how we access our information but how we interact and communicate with one another on a global scale. Understanding Digital Marketing is a practical, no-nonsense guide to web-marketing, the rules of new media and researching the new generation of digital consumers. Clear, informative and entertaining, it covers key topics such as search marketing, social media, Google, mobile marketing, affiliate marketing, email marketing, performance marketing, customer engagement and digital marketing strategies.",Advertising | Marketing | Internet & Social Media (Books),",#864 in Audible Audiobooks & Originals (See Top 100 in Audible Audiobooks & Originals),#6 in Advertising,#27 in Marketing (Audible Audiobooks & Originals),#63 in Internet & Social Media (Books)",864.0,16 hours and 1 minute,961.0,Both,1,1,1,understanding digital marketing: marketing strategies for engaging the digital generation,damian ryan,0-50
"Keep Pain in the Past: Getting Over Trauma, Grief, and the Worst That's Ever Happened to You",Dr. Chris Cortman,4.6,4.6,32.0,3.49650756146648,820.0,Unknown,Unknown,Unknown,,Unknown,,Advanced Only,0,0,0,"keep pain in the past: getting over trauma, grief, and the worst that's ever happened to you",dr. chris cortman,0-50
Making the Gods Work for You: The Astrological Language of the Psyche,Caroline W. Casey,4.6,4.6,32.0,3.49650756146648,410.0,"In ancient times, the study of the heavens and the study of the psyche comprised a single science - astrology - leading C. G. Jung to describe it as ""the first form of psychology"". In Making the Gods Work for You, you will learn how archetypal forces - symbolized as planets or gods - can help you create change in your life and in the world.",Astrology | New Thought Spirituality | Astrology (Books),",#2,713 in Audible Audiobooks & Originals (See Top 100 in Audible Audiobooks & Originals),#4 in Astrology (Audible Audiobooks & Originals),#28 in New Thought Spirituality,#183 in Astrology (Books)",2713.0,3 hours and 9 minutes,189.0,Both,1,1,1,making the gods work for you: the astrological language of the psyche,caroline w. casey,0-50
Soof,Sarah Weeks,4.6,4.6,32.0,3.49650756146648,422.0,Unknown,Unknown,Unknown,,Unknown,,Catalog Only,0,0,0,soof,sarah weeks,0-50
The Greatness Guide Book 2,Robin Sharma,4.6,4.6,32.0,3.49650756146648,351.0,Unknown,Unknown,Unknown,,Unknown,,Both,0,0,0,the greatness guide book 2,robin sharma,0-50
The Power of Concentration,Theron Q. Dumont,4.6,4.6,32.0,3.49650756146648,585.0,Unknown,Unknown,Unknown,,Unknown,,Catalog Only,0,0,0,the power of concentration,theron q. dumont,0-50
"The Great Raid: A LitRPG Adventure (Tower of Power Series, Book 4)",Ivan Kal,4.6,4.6,31.0,3.4657359027997265,586.0,Unknown,Unknown,Unknown,,Unknown,,Catalog Only,0,0,0,"the great raid: a litrpg adventure (tower of power series, book 4)",ivan kal,0-50
"The Search: Finding Your Inner Power, Your Potential",OSHO,4.6,4.6,31.0,3.4657359027997265,351.0,Unknown,Unknown,Unknown,,Unknown,,Both,0,0,0,"the search: finding your inner power, your potential",osho,0-50
Die with Zero: Getting All You Can from Your Money and Your Life,Bill Perkins,4.6,4.6,29.0,3.4011973816621555,633.0,A common-sense guide to living rich - instead of dying rich,Unknown,Unknown,,Unknown,,Advanced Only,1,0,0,die with zero: getting all you can from your money and your life,bill perkins,0-50
The Art of Logic: How to Make Sense in a World That Doesn't,Eugenia Cheng,4.6,4.6,29.0,3.4011973816621555,569.0,Unknown,Unknown,Unknown,,Unknown,,Catalog Only,0,0,0,the art of logic: how to make sense in a world that doesn't,eugenia cheng,0-50
Essential Guide for Healers,Caroline Myss,4.6,4.6,28.0,3.367295829986474,702.0,Unknown,Unknown,Unknown,,Unknown,,Catalog Only,0,0,0,essential guide for healers,caroline myss,0-50
The Creative Fire: Myths and Stories on the Cycles of Creativity,Clarissa Pinkola Estes,4.6,4.6,28.0,3.367295829986474,585.0,Unknown,Unknown,Unknown,,Unknown,,Catalog Only,0,0,0,the creative fire: myths and stories on the cycles of creativity,clarissa pinkola estes,0-50
No: The Only Negotiating System You Need for Work and Home,Jim Camp,4.6,4.6,26.0,3.295836866004329,668.0,Unknown,Unknown,Unknown,,Unknown,,Catalog Only,0,0,0,no: the only negotiating system you need for work and home,jim camp,0-50
Without Conscience: The Disturbing World of the Psychopaths Among Us,Robert D. Hare,4.6,4.6,26.0,3.295836866004329,820.0,Unknown,Unknown,Unknown,,Unknown,,Catalog Only,0,0,0,without conscience: the disturbing world of the psychopaths among us,robert d. hare,0-50
Siege and Storm,Leigh Bardugo,4.6,4.6,25.0,3.258096538021482,836.0,Unknown,Unknown,Unknown,,Unknown,,Both,0,0,0,siege and storm,leigh bardugo,0-50
"The Vanishing Statue: Nancy Drew Diaries, Book 20",Carolyn Keene,4.6,4.6,25.0,3.258096538021482,305.0,"Nancy, Bess, and George must find a stolen statue in this 20th book of the Nancy Drew Diaries, a fresh approach to the classic mystery series.",Unknown,Unknown,,Unknown,,Both,1,0,0,"the vanishing statue: nancy drew diaries, book 20",carolyn keene,0-50
"Absolute Tao: Subtle Is the Way to Love, Happiness and Truth",OSHO,4.6,4.6,24.0,3.218875824868201,397.0,Unknown,Unknown,Unknown,,Unknown,,Both,0,0,0,"absolute tao: subtle is the way to love, happiness and truth",osho,0-50
Bloody Mary,Carolly Erickson,4.6,4.6,23.0,3.1780538303479458,1338.0,"Here is the tragic, stormy life of Mary Tudor, daughter of Henry VIII and Katherine of Aragon. Her story is a chronicle of courage and faith, betrayal and treachery - set amidst the splendor, pageantry, squalor, and intrigue of 16th-century Europe.",Tudor & Elizabethan History | Biographies of Royalty | English History,",#4,478 in Audible Audiobooks & Originals (See Top 100 in Audible Audiobooks & Originals),#1 in Tudor & Elizabethan History,#4 in Biographies of Royalty,#9 in English History",4478.0,23 hours and 51 minutes,1431.0,Advanced Only,1,1,1,bloody mary,carolly erickson,0-50
Dumb Witness (Dramatised),Agatha Christie,4.6,4.6,23.0,3.1780538303479458,342.0,Unknown,Unknown,Unknown,,Unknown,,Catalog Only,0,0,0,dumb witness (dramatised),agatha christie,0-50
Emergency Chronicles: Indira Gandhi and Democracy's Turning Point,Gyan Prakash,4.6,4.6,23.0,3.1780538303479458,502.0,Unknown,Unknown,Unknown,,Unknown,,Both,0,0,0,emergency chronicles: indira gandhi and democracy's turning point,gyan prakash,0-50
Guide (Hindi Edition),R.K. Narayan,4.6,4.6,23.0,3.1780538303479458,668.0,"R.K. Narayan’s reputation as one of the founding figures of Indian writing in English is re-examined in this comprehensive study of his fiction, which offers detailed readings of all his novels. Arguing against views that have seen Narayan as a chronicler of “authentic” Indianness, John Thieme locates his fiction in terms of its specific South Indian contexts and cultural geography and its non-Indian intertexts. The study also considers the effect that Narayan’s writing for overseas publication had on novels such as Swami and Friends, The Guide and The Man-Eater of Malgudi.","Literary History & Criticism | Indian Literature | Literary Theory, History & Criticism",",#2,000 in Audible Audiobooks & Originals (See Top 100 in Audible Audiobooks & Originals),#13 in Literary History & Criticism,#19 in Indian Literature (Audible Audiobooks & Originals),#747 in Literary Theory, History & Criticism",2000.0,8 hours and 42 minutes,522.0,Both,1,1,1,guide (hindi edition),r.k. narayan,0-50
Anxious People,Fredrik Backman,4.6,4.6,22.0,3.1354942159291497,888.0,Brought to you by Penguin.,Humorous Fiction | Crime Fiction | Humour (Books),",#100 in Audible Audiobooks & Originals (See Top 100 in Audible Audiobooks & Originals),#2 in Humorous Fiction,#3 in Crime Fiction,#28 in Humour (Books)",100.0,9 hours and 52 minutes,592.0,Both,1,1,1,anxious people,fredrik backman,0-50
"The Invisible Brand: Marketing in the Age of Automation, Big Data, and Machine Learning",William Ammerman,4.6,4.6,22.0,3.1354942159291497,668.0,Unknown,Unknown,Unknown,,Unknown,,Advanced Only,0,0,0,"the invisible brand: marketing in the age of automation, big data, and machine learning",william ammerman,0-50
Lord Emsworth and Others,P. G. Wodehouse,4.6,4.6,21.0,3.091042453358316,653.0,Unknown,Unknown,Unknown,,Unknown,,Catalog Only,0,0,0,lord emsworth and others,p. g. wodehouse,0-50
Wisdom of the Gods for You and Me: My Gita and My Hanuman Chalisa,Devdutt Pattanaik,4.6,4.6,21.0,3.091042453358316,836.0,Unknown,Unknown,Unknown,,Unknown,,Both,0,0,0,wisdom of the gods for you and me: my gita and my hanuman chalisa,devdutt pattanaik,0-50
The Other Sister,Donna Hill,4.6,4.6,20.0,3.044522437723423,820.0,"When it turns out your life is built on a lie, how do you even start to find yourself? In this stunning follow-up to A House Divided, author Donna Hill reveals one woman's challenge to peel back the layers of her identity - and hopefully gain more than she's lost....",African American Literature | Family Life Fiction | World Literature,",#29,747 in Audible Audiobooks & Originals (See Top 100 in Audible Audiobooks & Originals),#69 in African American Literature,#378 in Family Life Fiction,#585 in World Literature (Audible Audiobooks & Originals)",29747.0,8 hours and 17 minutes,497.0,Both,1,1,1,the other sister,donna hill,0-50
"A History of Magic, Witchcraft and the Occult",DK,4.6,4.6,19.0,2.995732273553991,888.0,Unknown,Unknown,Unknown,,Unknown,,Catalog Only,0,0,0,"a history of magic, witchcraft and the occult",dk,0-50
Mr Wolf and the Enormous Turnip,Jan Fearnley,4.6,4.6,19.0,2.995732273553991,190.0,Unknown,Unknown,Unknown,,Unknown,,Advanced Only,0,0,0,mr wolf and the enormous turnip,jan fearnley,0-50
Suncatcher,Romesh Gunesekera,4.6,4.6,19.0,2.995732273553991,341.0,Unknown,Unknown,Unknown,,Unknown,,Both,0,0,0,suncatcher,romesh gunesekera,0-50
"Taking the Stage: How Women Can Speak Up, Stand Out, and Succeed",Judith Humphrey,4.6,4.6,19.0,2.995732273553991,668.0,Unknown,Unknown,Unknown,,Unknown,,Catalog Only,0,0,0,"taking the stage: how women can speak up, stand out, and succeed",judith humphrey,0-50
The Diamond Sutra: The Buddha Also Said...,OSHO,4.6,4.6,19.0,2.995732273553991,350.0,Unknown,Buddhist Sacred Writings | Consciousness & Thought | Buddhist Philosophy & Practice,",#4,801 in Audible Audiobooks & Originals (See Top 100 in Audible Audiobooks & Originals),#6 in Buddhist Sacred Writings,#24 in Consciousness & Thought,#28 in Buddhist Philosophy & Practice",4801.0,13 hours and 47 minutes,827.0,Both,0,1,1,the diamond sutra: the buddha also said...,osho,0-50
Edge Strategy: A New Mindset for Profitable Growth,Alan Lewis,4.6,4.6,17.0,2.8903717578961645,703.0,Unknown,Unknown,Unknown,,Unknown,,Catalog Only,0,0,0,edge strategy: a new mindset for profitable growth,alan lewis,0-50
Great Explorers,David Angus,4.6,4.6,17.0,2.8903717578961645,333.0,Unknown,Unknown,Unknown,,Unknown,,Catalog Only,0,0,0,great explorers,david angus,0-50
J. Krishnamurti (Hindi Edition): Ek Jeevani [A Biography],Mary Lutyens,4.6,4.6,17.0,2.8903717578961645,836.0,Unknown,Unknown,Unknown,,Unknown,,Both,0,0,0,j. krishnamurti (hindi edition): ek jeevani [a biography],mary lutyens,0-50
The Big Store: Inside the Crisis and Revolution at Sears,Donald Katz,4.6,4.6,17.0,2.8903717578961645,0.0,Unknown,Unknown,Unknown,,Unknown,,Catalog Only,0,0,0,the big store: inside the crisis and revolution at sears,donald katz,0-50
The Monkey King,Shobha Viswanath,4.6,4.6,17.0,2.8903717578961645,75.0,"After tasting the delicious and juicy mango, the King of Benares and his army have arrived at the Monkey Kingdom in search of more mangoes. Can Kapi the monkey king find a way to protect his subjects? A timeless Jataka story that warms your heart again and again!",Apes & Monkeys Fiction for Children | Animal Action & Adventure for Children | Animal Fiction for Children,",#2,966 in Audible Audiobooks & Originals (See Top 100 in Audible Audiobooks & Originals),#2 in Apes & Monkeys Fiction for Children,#9 in Animal Action & Adventure for Children,#32 in Animal Fiction for Children",2966.0,27 minutes,27.0,Both,1,1,1,the monkey king,shobha viswanath,0-50
Anne Frank and Me,Cherie Bennett,4.6,4.6,16.0,2.833213344056216,668.0,"In one moment Nicole Burns's life changes forever. The sound of gunfire at an Anne Frank exhibit, the panic, the crowd, and Nicole is no longer Nicole. Whiplashed through time and space, she wakes to find herself a privileged Jewish girl living in Nazi-occupied Paris during World War II.",Time Travel Fiction for Teens | Fiction on Racism & Discrimination for Teens | Historical Fiction for Teens,",#29,522 in Audible Audiobooks & Originals (See Top 100 in Audible Audiobooks & Originals),#7 in Time Travel Fiction for Teens,#14 in Fiction on Racism & Discrimination for Teens,#41 in Historical Fiction for Teens",29522.0,7 hours and 57 minutes,477.0,Both,1,1,1,anne frank and me,cherie bennett,0-50
Don't Keep Silent,Elizabeth Goddard,4.6,4.6,16.0,2.833213344056216,938.0,"Investigative reporter Rae Burke will do anything to find her missing sister-in-law, even if it means facing Liam McKade, a man who almost lost his life saving hers. A former DEA agent, Liam thought he could find peace at his Wyoming ranch, but he just doesn't feel at home anywhere anymore.",Christian Thriller & Suspense | Christian Romance | Romantic Suspense,",#29,759 in Audible Audiobooks & Originals (See Top 100 in Audible Audiobooks & Originals),#14 in Christian Thriller & Suspense,#25 in Christian Romance,#425 in Romantic Suspense (Audible Audiobooks & Originals)",29759.0,10 hours and 37 minutes,637.0,Both,1,1,1,don't keep silent,elizabeth goddard,0-50
Goal Setting: How to Create an Action Plan and Achieve Your Goals,Susan B. Wilson,4.6,4.6,16.0,2.833213344056216,703.0,Unknown,Unknown,Unknown,,Unknown,,Catalog Only,0,0,0,goal setting: how to create an action plan and achieve your goals,susan b. wilson,0-50
Live Like a Stoic: 52 Exercises for Cultivating a Good Life,Gregory Lopez,4.6,4.6,16.0,2.833213344056216,752.0,"Random House presents the audiobook edition of Live Like a Stoic, by Massimo Pigliucci and Gregory Lopez.",Self-Esteem | Personal Development & Self-Help | Textbooks & Study Guides,",#4,197 in Audible Audiobooks & Originals (See Top 100 in Audible Audiobooks & Originals),#47 in Self-Esteem,#8,797 in Personal Development & Self-Help,#48,652 in Textbooks & Study Guides",4197.0,10 hours and 43 minutes,643.0,Both,1,1,1,live like a stoic: 52 exercises for cultivating a good life,gregory lopez,0-50
Scenes from a Writer's Life,Ruskin Bond,4.6,4.6,16.0,2.833213344056216,502.0,Unknown,Unknown,Unknown,,Unknown,,Catalog Only,0,0,0,scenes from a writer's life,ruskin bond,0-50
Nur Jahan's Daughter,Tanushree Podder,4.6,4.6,15.0,2.772588722239781,836.0,"Empress Nur Jahan ruled Hindustan for 16 long years. While her story is often told with wonder and awe, historians and writers ignore the tale of her daughter, Laadli: the reluctant princess who found herself sucked in the maelstrom of her insensitive mother's ruthless ambitions. Destiny having thrust royalty on her, Laadli was trapped into living a life dictated by her ambitious mother. She travelled through tragic events of her life with a stoic optimism.",Unknown,Unknown,,Unknown,,Both,1,0,0,nur jahan's daughter,tanushree podder,0-50
"The Five Forces of Wellness: The Ultraprevention System for Living an Active, Age-Defying, Disease-Free Life",Dr. Mark Hyman,4.6,4.6,15.0,2.772588722239781,1774.0,Unknown,Unknown,Unknown,,Unknown,,Catalog Only,0,0,0,"the five forces of wellness: the ultraprevention system for living an active, age-defying, disease-free life",dr. mark hyman,0-50
The Murder of Roger Ackroyd (Dramatised),Agatha Christie,4.6,4.6,15.0,2.772588722239781,342.0,A BBC Radio 4 full-cast dramatisation starring John Moffatt as Hercule Poirot.,Traditional Detective Mysteries | Amateur Sleuth Mysteries | Crime Thrillers,",#710 in Audible Audiobooks & Originals (See Top 100 in Audible Audiobooks & Originals),#4 in Traditional Detective Mysteries,#5 in Amateur Sleuth Mysteries,#9 in Crime Thrillers",710.0,1 hour and 27 minutes,87.0,Both,1,1,1,the murder of roger ackroyd (dramatised),agatha christie,0-50
Healing Hypertension: A Revolutionary New Approach,Samuel J. Mann,4.6,4.6,14.0,2.70805020110221,668.0,A pioneering approach to overcoming high blood pressure,Unknown,Unknown,,Unknown,,Advanced Only,1,0,0,healing hypertension: a revolutionary new approach,samuel j. mann,0-50
Beyond the Goal: Theory of Constraints,Eliyahu M. Goldratt,4.6,4.6,13.0,2.6390573296152584,703.0,Unknown,Investing & Trading | Business Management | Analysis & Strategy,",#4,846 in Audible Audiobooks & Originals (See Top 100 in Audible Audiobooks & Originals),#119 in Investing & Trading,#229 in Business Management,#8,155 in Analysis & Strategy",4846.0,5 hours and 47 minutes,347.0,Both,0,1,1,beyond the goal: theory of constraints,eliyahu m. goldratt,0-50
Finding Faith,Denise Hunter,4.6,4.6,13.0,2.6390573296152584,1172.0,Unknown,Unknown,Unknown,,Unknown,,Catalog Only,0,0,0,finding faith,denise hunter,0-50
Realizing the Power of Now: An In-Depth Retreat with Eckhart Tolle,Eckhart Tolle,4.6,4.6,13.0,2.6390573296152584,1406.0,"What if you could recapture that remarkable opening, and make it a consistent way of living in the world? Throughout Europe and North America, a man named Eckhart Tolle has emerged as a teacher with the unique ability to draw us into the awakened state he calls ""presence."" With Realizing the Power of Now: An In-Depth Retreat with Eckhart Tolle, you have an unparalleled opportunity to immerse yourself in the timeless dimension — a place within us that always is and ever will be beyond the turmoil of life, a world of calm beyond words, of joy that has no opposite.",Mysticism | Mysticism (Books) | Christianity (Books),",#3,729 in Audible Audiobooks & Originals (See Top 100 in Audible Audiobooks & Originals),#12 in Mysticism (Audible Audiobooks & Originals),#197 in Mysticism (Books),#1,316 in Christianity (Books)",3729.0,7 hours and 4 minutes,424.0,Both,1,1,1,realizing the power of now: an in-depth retreat with eckhart tolle,eckhart tolle,0-50
The Power of Body Language: An Ex-FBI Agent's System for Speed-Reading People,Joe Navarro,4.6,4.6,12.0,2.5649493574615367,1439.0,Unknown,Unknown,Unknown,,Unknown,,Catalog Only,0,0,0,the power of body language: an ex-fbi agent's system for speed-reading people,joe navarro,0-50
"How to Listen to and Understand Great Music, 3rd Edition",Robert Greenberg,4.6,4.6,11.0,2.4849066497880004,2008.0,"Great music is a language unto its own, a means of communication of unmatched beauty and genius. And it has an undeniable power to move us in ways that enrich our lives - provided it is understood.",Music Books,",#429 in Music Books",,36 hours and 34 minutes,2194.0,Both,1,1,1,"how to listen to and understand great music, 3rd edition",robert greenberg,0-50
The Warren Buffett Portfolio: Mastering the Power of the Focus Investment Strategy,Robert G. Hagstrom,4.6,4.6,11.0,2.4849066497880004,702.0,"The Warren Buffett Way provided the first look into the strategies that the master uses to pick stocks. A New York Times best seller, it is a valuable and practical primer on the principles behind the remarkable investment run of the famed oracle of Omaha. In this much-awaited companion to that book, author Robert Hagstrom takes the next logical step, revealing how to profitably manage stocks once you select them. The Warren Buffett Portfolio will help you through the process of building a superior portfolio and managing the stocks going forward.",Unknown,Unknown,,Unknown,,Both,1,0,0,the warren buffett portfolio: mastering the power of the focus investment strategy,robert g. hagstrom,0-50
The New Long Life: A Framework for Flourishing in a Changing World,Andrew J. Scott,4.6,4.6,10.0,2.3978952727983707,949.0,Unknown,Unknown,Unknown,,Unknown,,Both,0,0,0,the new long life: a framework for flourishing in a changing world,andrew j. scott,0-50
The Soul of an Entrepreneur: Work and Life Beyond the Startup Myth,David Sax,4.6,4.6,10.0,2.3978952727983707,500.0,"An award-winning business writer dismantles the myths of entrepreneurship, replacing them with an essential story about the experience of real business owners in the modern economy.",Unknown,Unknown,,Unknown,,Advanced Only,1,0,0,the soul of an entrepreneur: work and life beyond the startup myth,david sax,0-50
101 Great Answers to the Toughest Interview Questions,Ron Fry,4.6,4.6,9.0,2.302585092994046,398.0,Unknown,Unknown,Unknown,,Unknown,,Catalog Only,0,0,0,101 great answers to the toughest interview questions,ron fry,0-50
Ek Ladki Pani Pani [A Girl Water Water],Ratneshwar Kumar Singh,4.6,4.6,9.0,2.302585092994046,668.0,Unknown,Unknown,Unknown,,Unknown,,Catalog Only,0,0,0,ek ladki pani pani [a girl water water],ratneshwar kumar singh,0-50
"Mahabharata and the Marvellous Cycle of Boons, Curses and Vows",HA Padmini,4.6,4.6,8.0,2.19722457733622,668.0,Unknown,Unknown,Unknown,,Unknown,,Catalog Only,0,0,0,"mahabharata and the marvellous cycle of boons, curses and vows",ha padmini,0-50
Becoming Nobody: The Essential Ram Dass Collection,Ram Dass,4.6,4.6,7.0,2.079441541679836,586.0,Unknown,Unknown,Unknown,,Unknown,,Catalog Only,0,0,0,becoming nobody: the essential ram dass collection,ram dass,0-50
HBR's 10 Must Reads on Design Thinking: HBR's 10 Must Reads Series,Harvard Business Review,4.6,4.6,7.0,2.079441541679836,586.0,Use design thinking for competitive advantage.,Unknown,Unknown,,Unknown,,Both,1,0,0,hbr's 10 must reads on design thinking: hbr's 10 must reads series,harvard business review,0-50
Learn Hindi - Word Power 101: Absolute Beginner Hindi #2,Innovative Language Learning,4.6,4.6,7.0,2.079441541679836,0.0,Unknown,Unknown,Unknown,,Unknown,,Catalog Only,0,0,0,learn hindi - word power 101: absolute beginner hindi #2,innovative language learning,0-50
Checkmate,Nihshanka Debroy,4.6,4.6,6.0,1.9459101490553128,668.0,Unknown,Unknown,Unknown,,Unknown,,Both,0,0,0,checkmate,nihshanka debroy,0-50
"Leading in the Digital World: How to Foster Creativity, Collaboration, and Inclusivity",Amit S. Mukherjee,4.6,4.6,6.0,1.9459101490553128,586.0,Unknown,Unknown,Unknown,,Unknown,,Catalog Only,0,0,0,"leading in the digital world: how to foster creativity, collaboration, and inclusivity",amit s. mukherjee,0-50
Buddhist Tantra: Teachings and Practices for Touching Enlightenment with the Body,Reginald A. Ray,4.6,4.6,5.0,1.791759469228055,1477.0,Unknown,Unknown,Unknown,,Unknown,,Catalog Only,0,0,0,buddhist tantra: teachings and practices for touching enlightenment with the body,reginald a. ray,0-50
The Jennings Report,Anthony Buckeridge,4.6,4.6,5.0,1.791759469228055,563.0,Unknown,Unknown,Unknown,,Unknown,,Advanced Only,0,0,0,the jennings report,anthony buckeridge,0-50
Celebrating Every Learner: Activities and Strategies for Creating a Multiple Intelligences Classroom,Thomas R. Hoerr,4.6,4.6,3.0,1.3862943611198906,668.0,Unknown,Unknown,Unknown,,Unknown,,Both,0,0,0,celebrating every learner: activities and strategies for creating a multiple intelligences classroom,thomas r. hoerr,0-50
Critical Chain: Project Management and the Theory of Constraints,Eliyahu M. Goldratt,4.6,4.6,3.0,1.3862943611198906,820.0,"A young, untested team of problem solvers challenged with saving their company moves from board room to classroom in search of answers - and finds them through lively, open discourse with their innovative professor. This gripping, fast-paced business novel does for project management what Eliyahu M. Goldratt's other novels have done for production and marketing.",Business Management | Analysis & Strategy | Textbooks & Study Guides,",#1,258 in Audible Audiobooks & Originals (See Top 100 in Audible Audiobooks & Originals),#75 in Business Management,#2,042 in Analysis & Strategy,#13,987 in Textbooks & Study Guides",1258.0,7 hours and 27 minutes,447.0,Both,1,1,1,critical chain: project management and the theory of constraints,eliyahu m. goldratt,0-50
Dhyan Niyam [Meditation Rules]: Dhyan yog ninety [Meditation Yoga],Sirshree,4.6,4.6,3.0,1.3862943611198906,175.0,"यह नियम केवल ध्यान का नियम नहीं बल्कि हमारे जीवन का एक नियम है। यह नियम ध्यान का एक ऐसे रहस्य को उजागर करता है जिसे जानकर आप जीवन की कई उलझनों को सुलझा पाएँगे। ध्यान का रहस्य एक सुदंर ऐनालॉजी के जरिए आपके सामने रखा गया है ताकि आप आसानी से इसे समझ पाएँ। इस कहानी के प्रतीक से हमें अपने शरीर और मन की वृत्तियों के बारे में पता चलेगा तथा ध्यान की आवश्यकता क्यों है, यह भी समझ में आएगा। ध्यान से संबंधित कई सवालों के जवाब आपको इस पुस्तक में मिलेंगे और साथ ही ध्यान से होनेवाले लाभ भी आपको समझ में आएँगे।",Meditation | Personal Development & Self-Help,",#4,464 in Audible Audiobooks & Originals (See Top 100 in Audible Audiobooks & Originals),#106 in Meditation (Audible Audiobooks & Originals),#9,333 in Personal Development & Self-Help",4464.0,6 hours and 23 minutes,383.0,Both,1,1,1,dhyan niyam [meditation rules]: dhyan yog ninety [meditation yoga],sirshree,0-50
Foundations of Western Civilization II: A History of the Modern Western World,Robert Bucholz,4.6,4.6,3.0,1.3862943611198906,1774.0,"Beginning with the Renaissance, the culture of the West exploded. Over the next 600 years, rapid innovations in philosophy, technology, economics, military affairs, and politics allowed what had once been a cultural backwater left by the collapse of the Roman Empire to dominate the world.",European History | World History | History (Books),",#4,353 in Audible Audiobooks & Originals (See Top 100 in Audible Audiobooks & Originals),#35 in European History (Audible Audiobooks & Originals),#75 in World History (Audible Audiobooks & Originals),#10,813 in History (Books)",4353.0,24 hours and 35 minutes,1475.0,Both,1,1,1,foundations of western civilization ii: a history of the modern western world,robert bucholz,0-50
NASB Complete Audio Bible,Steven B. Stevens,4.6,4.6,3.0,1.3862943611198906,694.0,Unknown,Unknown,Unknown,,Unknown,,Both,0,0,0,nasb complete audio bible,steven b. stevens,0-50
Sales Magic: The New Technology of Power Selling,Kerry L. Johnson,4.6,4.6,3.0,1.3862943611198906,1003.0,Unknown,Unknown,Unknown,,Unknown,,Catalog Only,0,0,0,sales magic: the new technology of power selling,kerry l. johnson,0-50
The Classic Hundred Poems,William Shakespeare,4.6,4.6,3.0,1.3862943611198906,702.0,Unknown,Unknown,Unknown,,Unknown,,Catalog Only,0,0,0,the classic hundred poems,william shakespeare,0-50
The Primal Scream: Primal Therapy: The Cure for Neurosis,Arthur Janov,4.6,4.6,3.0,1.3862943611198906,445.0,"First published in 1970, The Primal Scream challenged all existing forms of therapy of its time by presenting a new approach to psychological trauma-based psychotherapy, based on Janov's theory that neurosis is caused by the repressed pain of childhood trauma.",Unknown,Unknown,,Unknown,,Both,1,0,0,the primal scream: primal therapy: the cure for neurosis,arthur janov,0-50
The Warrior Goddess Training Program: Becoming the Woman You Are Meant to Be,HeatherAsh Amara,4.6,4.6,3.0,1.3862943611198906,1148.0,Unknown,Unknown,Unknown,,Unknown,,Catalog Only,0,0,0,the warrior goddess training program: becoming the woman you are meant to be,heatherash amara,0-50
Leadership and Self-Deception: Getting Out of the Box,The Arbinger Institute,4.6,4.6,2.0,1.0986122886681098,668.0,Unknown,Unknown,Unknown,,Unknown,,Both,0,0,0,leadership and self-deception: getting out of the box,the arbinger institute,0-50
"The Game Store Mystery: The Boxcar Children Mysteries, Book 104",Gertrude Chandler Warner,4.6,4.6,2.0,1.0986122886681098,284.0,Unknown,Unknown,Unknown,,Unknown,,Catalog Only,0,0,0,"the game store mystery: the boxcar children mysteries, book 104",gertrude chandler warner,0-50
Dune 1.1,Frank Herbert,4.5,4.5,35.0,3.58351893845611,870.0,Unknown,Unknown,Unknown,,Unknown,,Catalog Only,0,0,0,dune 1.1,frank herbert,0-50
The LinkedIn Book for Network Marketing: Simple Strategies for Massive Success,Scott Aaron,4.5,4.5,35.0,3.58351893845611,469.0,"A step-by-step system of how network marketers, direct sales associates, and multi-level marketers can utilize LinkedIn to grow their businesses, leads, teams, and bank accounts.",Unknown,Unknown,,Unknown,,Both,1,0,0,the linkedin book for network marketing: simple strategies for massive success,scott aaron,0-50
Grow: How Ideals Power Growth and Profit at the World's Greatest Companies,Jim Stengel,4.5,4.5,34.0,3.555348061489413,1005.0,Ten years of research uncover the secret source of growth and profit….,Workplace Culture | Forecasting & Strategic Planning | Marketing,",#3,150 in Audible Audiobooks & Originals (See Top 100 in Audible Audiobooks & Originals),#27 in Workplace Culture,#59 in Forecasting & Strategic Planning,#71 in Marketing (Audible Audiobooks & Originals)",3150.0,10 hours and 19 minutes,619.0,Both,1,1,1,grow: how ideals power growth and profit at the world's greatest companies,jim stengel,0-50
Hitler's Last Hostages: Looted Art and the Soul of the Third Reich,Mary M. Lane,4.5,4.5,34.0,3.555348061489413,500.0,Unknown,Unknown,Unknown,,Unknown,,Catalog Only,0,0,0,hitler's last hostages: looted art and the soul of the third reich,mary m. lane,0-50
Scaling Leadership: Building Organizational Capability and Capacity to Create Outcomes that Matter Most,Robert J. Anderson,4.5,4.5,34.0,3.555348061489413,703.0,Transform your organization by scaling leadership,Business Development | Organisational Behaviour | Leadership,",#3,361 in Audible Audiobooks & Originals (See Top 100 in Audible Audiobooks & Originals),#34 in Business Development (Audible Audiobooks & Originals),#38 in Organisational Behaviour,#146 in Leadership",3361.0,6 hours and 46 minutes,406.0,Both,1,1,1,scaling leadership: building organizational capability and capacity to create outcomes that matter most,robert j. anderson,0-50
The Buddha Said: Meeting the Challenge of Life's Difficulties,OSHO,4.5,4.5,34.0,3.555348061489413,469.0,"Osho, one of the best-known and most provocative spiritual teachers of our time, presents The Sutra of 42 Chapters - a scripture compiled in the first century CE by a Chinese emperor. Two thousand five hundred years have passed since Buddha delivered the sutras on which this series is based. Using modern idiom, Osho extracts the kernel of Buddha's profound insight and understanding and presents his everlasting message to the contemporary listener in a manner that is lucid, straightforward, and humorous.",Buddhist Sacred Writings | Consciousness & Thought | Buddhist Philosophy & Practice,",#503 in Audible Audiobooks & Originals (See Top 100 in Audible Audiobooks & Originals),#1 in Buddhist Sacred Writings,#2 in Consciousness & Thought,#3 in Buddhist Philosophy & Practice",503.0,35 hours and 57 minutes,2157.0,Both,1,1,1,the buddha said: meeting the challenge of life's difficulties,osho,0-50
"The Case of the Horrified Heirs: Perry Mason Series, Book 73",Erle Stanley Gardner,4.5,4.5,34.0,3.555348061489413,469.0,Unknown,Unknown,Unknown,,Unknown,,Advanced Only,0,0,0,"the case of the horrified heirs: perry mason series, book 73",erle stanley gardner,0-50
"The Case of the Postponed Murder: Perry Mason Series, Book 82",Erle Stanley Gardner,4.5,4.5,33.0,3.5263605246161616,352.0,Unknown,Unknown,Unknown,,Unknown,,Catalog Only,0,0,0,"the case of the postponed murder: perry mason series, book 82",erle stanley gardner,0-50
Getting Ahead: Three Steps to Take Your Career to the Next Level,Joel A. Garfinkle,4.5,4.5,32.0,3.49650756146648,668.0,Unknown,Unknown,Unknown,,Unknown,,Advanced Only,0,0,0,getting ahead: three steps to take your career to the next level,joel a. garfinkle,0-50
True Colours: My Life,Adam Gilchrist,4.5,4.5,32.0,3.49650756146648,1171.0,Unknown,Unknown,Unknown,,Unknown,,Catalog Only,0,0,0,true colours: my life,adam gilchrist,0-50
A Short History of Modern Philosophy: From Descartes to Wittgenstein,Roger Scruton,4.5,4.5,31.0,3.4657359027997265,949.0,"Discover for yourself the pleasures of philosophy! Written both for the seasoned student of philosophy as well as the general listener, renowned writer Roger Scruton provides a survey of modern philosophy. Always engaging, the author takes us on a fascinating tour of the subject, from founding father Descartes to the most important and famous philosopher of the 20th century, Ludwig Wittgenstein. He identifies all the principal figures as well as outlines of the main intellectual preoccupations that have informed Western philosophy.",Unknown,Unknown,,Unknown,,Both,1,0,0,a short history of modern philosophy: from descartes to wittgenstein,roger scruton,0-50
Echoes Among the Stones,Jaime Jo Wright,4.5,4.5,31.0,3.4657359027997265,938.0,"After Aggie Dunkirk's career is unceremoniously ended by her own mistakes, she finds herself traveling to Wisconsin, where her grandmother, Mumsie, lives alone in her rambling old home. She didn't plan for how eccentric Mumsie has become, obsessing over an old, unsolved crime scene - even going so far as to re-create it in the dollhouse.",Christian Thriller & Suspense | Romantic Suspense | Suspense,",#3,707 in Audible Audiobooks & Originals (See Top 100 in Audible Audiobooks & Originals),#2 in Christian Thriller & Suspense,#27 in Romantic Suspense (Audible Audiobooks & Originals),#129 in Suspense",3707.0,12 hours and 34 minutes,754.0,Advanced Only,1,1,1,echoes among the stones,jaime jo wright,0-50
"Miracle Morning (German edition): Die Stunde, die alles verändert",Hal Elrod,4.5,4.5,31.0,3.4657359027997265,602.0,Unknown,Unknown,Unknown,,Unknown,,Both,0,0,0,"miracle morning (german edition): die stunde, die alles verändert",hal elrod,0-50
"Peril at Granite Peak: Hardy Boys Adventures, Book 5",Franklin W. Dixon,4.5,4.5,31.0,3.4657359027997265,305.0,Unknown,Unknown,Unknown,,Unknown,,Both,0,0,0,"peril at granite peak: hardy boys adventures, book 5",franklin w. dixon,0-50
The Buddha Is Still Teaching: Contemporary Buddhist Wisdom,Jack Kornfield (editor),4.5,4.5,31.0,3.4657359027997265,100.0,"When the Buddha set in motion the wheel of Dharma, he knew that the teaching he gave was inexhaustible - that every future generation would find its own skillful ways to convey it to the hearts and minds of those ready to hear. The Buddha Is Still Teaching is testimony to the fulfillment of that promise today. The selections it contains, from today's most highly regarded contemporary Buddhist teachers, bring the Dharma eloquently to life for us in our own time, place, and culture. They demonstrate that two and a half millennia have done nothing to diminish the freshness of the Buddhist teachings, or their universal applicability to our lives. Contributors include: Ajahn Chah, Joko Beck, Sylvia Boorstein, Tara Brach, Pema Chdrn, the Dalai Lama, Ram Dass, Mark Epstein, Norman Fischer, Natalie Goldberg, Joseph Goldstein, Dilgo Khyentse, Jack Kornfield, Noah Levine, Stephen Levine, Sakyong Mipham, Sharon Salzberg, Suzuki Roshi, Robert Thurman, Thich Nhat Hanh, and Tulku Thondup.",Unknown,Unknown,,Unknown,,Advanced Only,1,0,0,the buddha is still teaching: contemporary buddhist wisdom,jack kornfield (editor),0-50
The Winner's Brain: 8 Strategies Great Minds Use to Achieve Success,Jeff Brown,4.5,4.5,31.0,3.4657359027997265,656.0,Unknown,Unknown,Unknown,,Unknown,,Both,0,0,0,the winner's brain: 8 strategies great minds use to achieve success,jeff brown,0-50
A Time for all Things: Collected Essays and Sketches,Ruskin Bond,4.5,4.5,30.0,3.4339872044851463,1003.0,"The finest nonfiction by Ruskin Bond, a singular writer who has inspired and comforted three generations, collected in a single volume.",Unknown,Unknown,,Unknown,,Both,1,0,0,a time for all things: collected essays and sketches,ruskin bond,0-50
Astrology for Dummies: 3rd Edition,Rae Orion,4.5,4.5,30.0,3.4339872044851463,703.0,Unknown,Unknown,Unknown,,Unknown,,Advanced Only,0,0,0,astrology for dummies: 3rd edition,rae orion,0-50
Emotional Branding: The New Paradigm for Connecting Brands to People,Marc Gobe,4.5,4.5,30.0,3.4339872044851463,836.0,"Emotional Branding is the best-selling revolutionary business audiobook that has created a movement in branding circles by shifting the focus from products to people. The “10 Commandments of Emotional Branding” have become a new benchmark for marketing and creative professionals, and emotional branding has become a coined term by many top industry experts to express the new dynamic that exists now between brands and people. The emergence of social media, consumer empowerment, and interaction were all clearly predicted in this audiobook 10 years ago around the new concept of a consumer democracy.",Unknown,Unknown,,Unknown,,Advanced Only,1,0,0,emotional branding: the new paradigm for connecting brands to people,marc gobe,0-50
First-Time Mom: Getting Off on the Right Foot from Birth to First Grade,Kevin Leman,4.5,4.5,30.0,3.4339872044851463,633.0,"What does it take to rear a firstborn child? Renowned psychologist Kevin Leman educates moms and dads on the essentials of parenting and expounds on the traits that characterize firstborn children so new parents know what to expect. He explains how birth order can influence each stage of development - from infancy on into young adulthood. This audiobook will help first-time parents - especially mothers - adjust to their new situation and role while raising a happy, healthy child.",Christian Family | Women's Christian Living | Motherhood,",#3,271 in Audible Audiobooks & Originals (See Top 100 in Audible Audiobooks & Originals),#5 in Christian Family,#5 in Women's Christian Living,#6 in Motherhood",3271.0,6 hours and 40 minutes,400.0,Both,1,1,1,first-time mom: getting off on the right foot from birth to first grade,kevin leman,0-50
"Performance Dashboards: Measuring, Monitoring, and Managing Your Business, 2nd Edition",Wayne W. Eckerson,4.5,4.5,30.0,3.4339872044851463,836.0,"Tips, techniques, and trends on harnessing dashboard technology to optimize business performance.",Unknown,Unknown,,Unknown,,Both,1,0,0,"performance dashboards: measuring, monitoring, and managing your business, 2nd edition",wayne w. eckerson,0-50
The Guiding Light: A Selection of Quotations from My Favourite Books,A. P. J. Abdul Kalam,4.5,4.5,30.0,3.4339872044851463,233.0,"From his schooldays to this day, when he is over eight decades old, Dr Kalam has been a lover of the written word. In The Guiding Light, he chooses the finest examples of writings from the numerous books, religious texts, philosophical tracts and poetry that he has read over the years. These words have impacted and shaped his thinking, helped him in times of need and made him the person he is. He has quoted from these works in his writings and lectures that have inspired millions of people he has met all over the world.",Christianity (Books) | Society & Social Sciences | Textbooks & Study Guides,",#1,425 in Christianity (Books),#9,158 in Society & Social Sciences,#45,356 in Textbooks & Study Guides",,2 hours and 24 minutes,144.0,Both,1,1,1,the guiding light: a selection of quotations from my favourite books,a. p. j. abdul kalam,0-50
Brand Seduction: How Neuroscience Can Help Marketers Build Memorable Brands,Daryl Weber,4.5,4.5,29.0,3.4011973816621555,670.0,Unknown,Unknown,Unknown,,Unknown,,Advanced Only,0,0,0,brand seduction: how neuroscience can help marketers build memorable brands,daryl weber,0-50
Networking Like a Pro: Turning Contacts into Connections,Ivan Misner PhD,4.5,4.5,29.0,3.4011973816621555,586.0,"It's easy to feel like networking is a waste of time, energy, or money - but that just means you're doing it wrong. In this new edition of Networking Like a Pro, networking experts Dr. Ivan Misner and Brian Hilliard reveal key networking techniques to help you grow your business.",Small Businesses | Time Management & Productivity | Business Sales,",#4,635 in Audible Audiobooks & Originals (See Top 100 in Audible Audiobooks & Originals),#39 in Small Businesses,#50 in Time Management & Productivity,#64 in Business Sales",4635.0,6 hours and 21 minutes,381.0,Advanced Only,1,1,1,networking like a pro: turning contacts into connections,ivan misner phd,0-50
The 21 Day Happiness Challenge - Learn How to Love Your Life and Become a Happier Person in Just 21 Days,21-Day Challenges,4.5,4.5,29.0,3.4011973816621555,233.0,"The 21-Day Happiness Challenge, the fifth book in the 21-Day Challenge series!",Self-Esteem | Psychology | Personal Development & Self-Help,",#773 in Audible Audiobooks & Originals (See Top 100 in Audible Audiobooks & Originals),#12 in Self-Esteem,#66 in Psychology (Audible Audiobooks & Originals),#1,842 in Personal Development & Self-Help",773.0,1 hour and 13 minutes,73.0,Both,1,1,1,the 21 day happiness challenge - learn how to love your life and become a happier person in just 21 days,21-day challenges,0-50
How India Lost Her Freedom,Pandit Sunderlal,4.5,4.5,28.0,3.367295829986474,1003.0,A freedom fighter's account of India's struggle for independence.,Asian History | Indian History (Books) | Asian History (Books),",#2,261 in Audible Audiobooks & Originals (See Top 100 in Audible Audiobooks & Originals),#35 in Asian History (Audible Audiobooks & Originals),#445 in Indian History (Books),#1,001 in Asian History (Books)",2261.0,18 hours and 22 minutes,1102.0,Both,1,1,1,how india lost her freedom,pandit sunderlal,0-50
Hustle & Float: Reclaim Your Creativity and Thrive in a World Obsessed with Work,Rahaf Harfoush,4.5,4.5,28.0,3.367295829986474,668.0,Our culture has become obsessed with hustling.,Unknown,Unknown,,Unknown,,Both,1,0,0,hustle & float: reclaim your creativity and thrive in a world obsessed with work,rahaf harfoush,0-50
"The Battle of Bayport: Hardy Boys Adventures, Book 6",Franklin W. Dixon,4.5,4.5,28.0,3.367295829986474,305.0,Unknown,Unknown,Unknown,,Unknown,,Catalog Only,0,0,0,"the battle of bayport: hardy boys adventures, book 6",franklin w. dixon,0-50
The Haunting on Heliotrope Lane,Carolyn Keene,4.5,4.5,28.0,3.367295829986474,305.0,Unknown,Unknown,Unknown,,Unknown,,Advanced Only,0,0,0,the haunting on heliotrope lane,carolyn keene,0-50
The Gift of the Gab: How Eloquence Works,David Crystal,4.5,4.5,27.0,3.332204510175204,820.0,"We all know eloquence when we hear it. But what exactly is it? And how might we gain more of it for ourselves? This entertaining and, yes, eloquent audiobook illuminates the power of language from a linguistic point of view and provides fascinating insights into the way we use words. David Crystal, a world-renowned expert on the history and usage of the English language, probes the intricate workings of eloquence in this lively analysis.","Logic & Language Philosophy | Public Speaking | Words, Language & Grammar",",#4,126 in Audible Audiobooks & Originals (See Top 100 in Audible Audiobooks & Originals),#3 in Logic & Language Philosophy,#11 in Public Speaking,#41 in Words, Language & Grammar (Audible Audiobooks & Originals)",4126.0,6 hours and 17 minutes,377.0,Both,1,1,1,the gift of the gab: how eloquence works,david crystal,0-50
The Little Book of Investing Like the Pros: Five Steps for Picking Stocks,Joshua Rosenbaum,4.5,4.5,26.0,3.295836866004329,703.0,Unknown,Unknown,Unknown,,Unknown,,Advanced Only,0,0,0,the little book of investing like the pros: five steps for picking stocks,joshua rosenbaum,0-50
CBT at Work for Dummies,Gill Garratt,4.5,4.5,25.0,3.258096538021482,836.0,Unknown,Unknown,Unknown,,Unknown,,Catalog Only,0,0,0,cbt at work for dummies,gill garratt,0-50
The Zen Commandments,Dean Sluyter,4.5,4.5,25.0,3.258096538021482,1439.0,Unknown,Unknown,Unknown,,Unknown,,Advanced Only,0,0,0,the zen commandments,dean sluyter,0-50
"Chicken Soup for the Soul at Work: Stories of Courage, Compassion, and Creativity in the Workplace",Jack Canfield,4.5,4.5,24.0,3.218875824868201,233.0,Unknown,Unknown,Unknown,,Unknown,,Catalog Only,0,0,0,"chicken soup for the soul at work: stories of courage, compassion, and creativity in the workplace",jack canfield,0-50
The Laundromat: Inside the Panama Papers Investigation of Illicit Money Networks and the Global Elite,Jake Bernstein,4.5,4.5,24.0,3.218875824868201,888.0,Unknown,Unknown,Unknown,,Unknown,,Advanced Only,0,0,0,the laundromat: inside the panama papers investigation of illicit money networks and the global elite,jake bernstein,0-50
The Seed of Compassion: Lessons from the Life and Teachings of His Holiness the Dalai Lama,His Holiness Dalai Lama,4.5,4.5,24.0,3.218875824868201,410.0,Brought to you by Puffin.,"Exploring the World for Children | Children's Family, Personal & Social Issues (Books)",",#3,832 in Audible Audiobooks & Originals (See Top 100 in Audible Audiobooks & Originals),#11 in Exploring the World for Children,#984 in Children's Family, Personal & Social Issues (Books)",3832.0,14 minutes,14.0,Both,1,1,1,the seed of compassion: lessons from the life and teachings of his holiness the dalai lama,his holiness dalai lama,0-50
Nightmarch: A Journey into India's Naxal Heartlands,Alpa Shah,4.5,4.5,22.0,3.1354942159291497,836.0,Unknown,Unknown,Unknown,,Unknown,,Both,0,0,0,nightmarch: a journey into india's naxal heartlands,alpa shah,0-50
Practical Female Psychology: For the Practical Man,Joseph South,4.5,4.5,22.0,3.1354942159291497,668.0,"Practical Female Psychology is a unique examination of women and relationships in an era of material equality between the sexes. Despite vast gains in the welfare of women, especially in the modern West, both men and women are finding relationships, ranging from dating to marriage, increasingly difficult. The authors draw upon cutting-edge science in evolutionary biology and neuropsychology as well as vast personal experience with women to distill some simple and practical principles men will find useful for creating and maintaining relationships with emotionally compatible women.",Marriage | Love & Romance | Family & Relationships,",#3,065 in Audible Audiobooks & Originals (See Top 100 in Audible Audiobooks & Originals),#9 in Marriage,#24 in Love & Romance,#1,461 in Family & Relationships",3065.0,6 hours and 32 minutes,392.0,Both,1,1,1,practical female psychology: for the practical man,joseph south,0-50
"The Manager's Guide to HR: Hiring, Firing, Performance Evaluations, Documentation, Benefits, and Everything Else You Need to Know, 2nd Edition",Max Muller,4.5,4.5,22.0,3.1354942159291497,703.0,Unknown,Unknown,Unknown,,Unknown,,Both,0,0,0,"the manager's guide to hr: hiring, firing, performance evaluations, documentation, benefits, and everything else you need to know, 2nd edition",max muller,0-50
A Good Country: A Novel,Laleh Khadivi,4.5,4.5,21.0,3.091042453358316,820.0,Unknown,Unknown,Unknown,,Unknown,,Catalog Only,0,0,0,a good country: a novel,laleh khadivi,0-50
The Buddha and the Sahibs: The men who discovered India's lost religion,Charles Allen,4.5,4.5,21.0,3.091042453358316,1237.0,Unknown,Unknown,Unknown,,Unknown,,Catalog Only,0,0,0,the buddha and the sahibs: the men who discovered india's lost religion,charles allen,0-50
Le petit prince: Édition anniversaire [The Little Prince: Anniversary Edition],Antoine de Saint-Exupéry,4.5,4.5,20.0,3.044522437723423,519.0,"«On ne voit bien qu’avec le coeur, l’essentiel est invisible pour les yeux.»",Unknown,Unknown,,Unknown,,Both,1,0,0,le petit prince: édition anniversaire [the little prince: anniversary edition],antoine de saint-exupéry,0-50
"Iron, Fire and Ice: The Real History That Inspired Game of Thrones",Ed West,4.5,4.5,18.0,2.9444389791664403,1005.0,Unknown,Unknown,Unknown,,Unknown,,Catalog Only,0,0,0,"iron, fire and ice: the real history that inspired game of thrones",ed west,0-50
Unleashing Great Teaching: The Secrets to the Most Effective Teacher Development,David Weston,4.5,4.5,18.0,2.9444389791664403,839.0,"It’s within the power of each and every school to unleash the best in teachers, day by day, month by month, year by year.",Education | Education (Books),",#4,594 in Audible Audiobooks & Originals (See Top 100 in Audible Audiobooks & Originals),#39 in Education (Audible Audiobooks & Originals),#4,091 in Education (Books)",4594.0,8 hours and 58 minutes,538.0,Both,1,1,1,unleashing great teaching: the secrets to the most effective teacher development,david weston,0-50
AlphaBrain: How a Group of Iconoclasts Are Using Cognitive Science to Advance the Business of Alpha Generation,Stephen Duneier,4.5,4.5,17.0,2.8903717578961645,586.0,Unknown,Unknown,Unknown,,Unknown,,Both,0,0,0,alphabrain: how a group of iconoclasts are using cognitive science to advance the business of alpha generation,stephen duneier,0-50
"Mythology: Mega Collection: Classic Stories from the Greek, Celtic, Norse, Japanese, Hindu, Chinese, Mesopotamian and Egyptian Mythology",Scott Lewis,4.5,4.5,17.0,2.8903717578961645,1003.0,An Important Update: A Navigation Guide (PDF) including a detailed chapter-by-chapter breakdown is now available in your Audible Library after purchase.,Ancient History | Ancient History (Books) | Textbooks & Study Guides,",#1,847 in Audible Audiobooks & Originals (See Top 100 in Audible Audiobooks & Originals),#10 in Ancient History (Audible Audiobooks & Originals),#118 in Ancient History (Books),#20,422 in Textbooks & Study Guides",1847.0,31 hours and 37 minutes,1897.0,Both,1,1,1,"mythology: mega collection: classic stories from the greek, celtic, norse, japanese, hindu, chinese, mesopotamian and egyptian mythology",scott lewis,0-50
India Moving: A History of Migration,Chinmay Tumbe,4.5,4.5,16.0,2.833213344056216,879.0,Unknown,Unknown,Unknown,,Unknown,,Both,0,0,0,india moving: a history of migration,chinmay tumbe,0-50
Negotiating at Work: Turn Small Wins into Big Gains,Deborah M. Kolb,4.5,4.5,16.0,2.833213344056216,703.0,Unknown,Unknown,Unknown,,Unknown,,Catalog Only,0,0,0,negotiating at work: turn small wins into big gains,deborah m. kolb,0-50
J. Krishnamurti,Pupul Jayakar,4.5,4.5,15.0,2.772588722239781,879.0,A classic biography of one of the greatest spiritual teachers of our times....,Unknown,Unknown,,Unknown,,Both,1,0,0,j. krishnamurti,pupul jayakar,0-50
The Last Boy to Fall in Love,Durjoy Datta,4.5,4.5,15.0,2.772588722239781,501.0,Unknown,Unknown,Unknown,,Unknown,,Both,0,0,0,the last boy to fall in love,durjoy datta,0-50
The Magic of Self-Respect: Awakening to Your Own Awareness,Osho,4.5,4.5,15.0,2.772588722239781,398.0,"""I have given you freedom, and I have given you individuality, and I have given you just a little taste of something that is always yours. You just have to claim it.""",Agnosticism | New Thought Spirituality | Agnosticism (Books),",#715 in Audible Audiobooks & Originals (See Top 100 in Audible Audiobooks & Originals),#1 in Agnosticism (Audible Audiobooks & Originals),#6 in New Thought Spirituality,#8 in Agnosticism (Books)",715.0,29 hours and 16 minutes,1756.0,Advanced Only,1,1,1,the magic of self-respect: awakening to your own awareness,osho,0-50
The Path of Love: Understanding That Nothing Is Perfect in Life,Osho,4.5,4.5,15.0,2.772588722239781,351.0,Unknown,Unknown,Unknown,,Unknown,,Catalog Only,0,0,0,the path of love: understanding that nothing is perfect in life,osho,0-50
A Short History of Medicine,Steve Parker,4.5,4.5,14.0,2.70805020110221,888.0,Unknown,Unknown,Unknown,,Unknown,,Catalog Only,0,0,0,a short history of medicine,steve parker,0-50
Dealmaking: The New Strategy of Negotiauctions (Second Edition),Guhan Subramanian,4.5,4.5,14.0,2.70805020110221,879.0,"""Packed with transformative insights, Dealmaking will help a new generation of business leaders get to yes."" (William Ury, coauthor of Getting to Yes)",Negotiating | Economic Theory | Theory & Philosophy,",#1,577 in Audible Audiobooks & Originals (See Top 100 in Audible Audiobooks & Originals),#7 in Negotiating,#12 in Economic Theory (Audible Audiobooks & Originals),#82 in Theory & Philosophy",1577.0,8 hours and 5 minutes,485.0,Both,1,1,1,dealmaking: the new strategy of negotiauctions (second edition),guhan subramanian,0-50
Geronimo Stilton 22 & 24: The Secret of Cacklefur Castle and The Field Trip to Niagara Falls,Geronimo Stilton,4.5,4.5,14.0,2.70805020110221,469.0,Unknown,Unknown,Unknown,,Unknown,,Both,0,0,0,geronimo stilton 22 & 24: the secret of cacklefur castle and the field trip to niagara falls,geronimo stilton,0-50
Other Colours,Orhan Pamuk,4.5,4.5,14.0,2.70805020110221,759.0,Unknown,Unknown,Unknown,,Unknown,,Both,0,0,0,other colours,orhan pamuk,0-50
"Reborn: Journals and Notebooks, 1947-1963",Susan Sontag,4.5,4.5,14.0,2.70805020110221,668.0,Unknown,Unknown,Unknown,,Unknown,,Catalog Only,0,0,0,"reborn: journals and notebooks, 1947-1963",susan sontag,0-50
Calming Your Angry Mind: How Mindfulness and Compassion Can Free You from Anger and Bring Peace to Your Life,Jeffrey Brantley MD,4.5,4.5,13.0,2.6390573296152584,703.0,Unknown,Unknown,Unknown,,Unknown,,Catalog Only,0,0,0,calming your angry mind: how mindfulness and compassion can free you from anger and bring peace to your life,jeffrey brantley md,0-50
Beyond the Phoenix Project: The Origins and Evolution of DevOps,Gene Kim,4.5,4.5,11.0,2.4849066497880004,668.0,Unknown,Unknown,Unknown,,Unknown,,Both,0,0,0,beyond the phoenix project: the origins and evolution of devops,gene kim,0-50
HBR's 10 Must Reads on Reinventing HR: HBR's 10 Must Reads Series,Harvard Business Review,4.5,4.5,11.0,2.4849066497880004,586.0,Unknown,Unknown,Unknown,,Unknown,,Both,0,0,0,hbr's 10 must reads on reinventing hr: hbr's 10 must reads series,harvard business review,0-50
Simple Self-Discipline Box Set (6-Book Bundle),Martin Meadows,4.5,4.5,11.0,2.4849066497880004,1003.0,Unknown,Unknown,Unknown,,Unknown,,Both,0,0,0,simple self-discipline box set (6-book bundle),martin meadows,0-50
The Bhagavad Gita (Lives of Great Religious Books): A Biography,Richard H. Davis,4.5,4.5,11.0,2.4849066497880004,668.0,Unknown,Unknown,Unknown,,Unknown,,Catalog Only,0,0,0,the bhagavad gita (lives of great religious books): a biography,richard h. davis,0-50
The Heart Sutra: Becoming a Buddha Through Meditation,Osho,4.5,4.5,11.0,2.4849066497880004,351.0,"The Heart Sutra, originally a very short set of verses, was given in privacy as a message to one of Buddha's close disciples, Sariputra, specifically addressed to him. Over time the Heart Sutra became one of Buddhism's core teachings.",Unknown,Unknown,,Unknown,,Both,1,0,0,the heart sutra: becoming a buddha through meditation,osho,0-50
The Adventures of Feluda: Bandits of Bombay,Satyajit Ray,4.5,4.5,10.0,2.3978952727983707,377.0,Unknown,Unknown,Unknown,,Unknown,,Catalog Only,0,0,0,the adventures of feluda: bandits of bombay,satyajit ray,0-50
"The Leather Crafting, Wood Burning and Whittling Starter Handbook: Beginner Friendly 3 in 1 Guide with Process, Tips and Techniques in Leatherworking and Wood Crafting",Stephen Fleming,4.5,4.5,10.0,2.3978952727983707,468.0,Unknown,Unknown,Unknown,,Unknown,,Advanced Only,0,0,0,"the leather crafting, wood burning and whittling starter handbook: beginner friendly 3 in 1 guide with process, tips and techniques in leatherworking and wood crafting",stephen fleming,0-50
NLP Self Mastery: 12 Book Mega Bundle,Modern Psychology Publishing,4.5,4.5,9.0,2.302585092994046,836.0,Unknown,Unknown,Unknown,,Unknown,,Catalog Only,0,0,0,nlp self mastery: 12 book mega bundle,modern psychology publishing,0-50
"Organizational Behaviour: People, Process, Work and Human Resource Management",Raisa Arvinen-Muondo - editor,4.5,4.5,9.0,2.302585092994046,1005.0,"There is a large body of shared knowledge between the study of Organizational Behaviour and Human Resource Management but despite the crossover, they are often treated as very distinct disciplines. Written by a team of experts across both fields, Organizational Behaviour bridges the gap between OB and HRM, with an emphasis on inter-cultural and cross-cultural perspectives of organizational development, talent management, and leadership. Through a critical analysis of existing literature and case studies, the contributors cover topics such as corporate governance, ethical business practices, employee morale and motivation, performance management, corporate politics and conflict resolution, workplace diversity, creativity, and change management - all within the framework of current global employment standards and best practices.",Organisational Behaviour | Analysis & Strategy | Textbooks & Study Guides,",#3,183 in Audible Audiobooks & Originals (See Top 100 in Audible Audiobooks & Originals),#36 in Organisational Behaviour,#5,178 in Analysis & Strategy,#36,055 in Textbooks & Study Guides",3183.0,11 hours and 29 minutes,689.0,Advanced Only,1,1,1,"organizational behaviour: people, process, work and human resource management",raisa arvinen-muondo - editor,0-50
Shamanic Visioning: Connecting with Spirit to Transform Your Inner and Outer Worlds,Sandra Ingerman,4.5,4.5,9.0,2.302585092994046,1148.0,Unknown,Unknown,Unknown,,Unknown,,Catalog Only,0,0,0,shamanic visioning: connecting with spirit to transform your inner and outer worlds,sandra ingerman,0-50
"Snowbound Mystery: The Boxcar Children Mysteries, Book 13",Gertrude Chandler Warner,4.5,4.5,9.0,2.302585092994046,301.0,Unknown,Unknown,Unknown,,Unknown,,Catalog Only,0,0,0,"snowbound mystery: the boxcar children mysteries, book 13",gertrude chandler warner,0-50
Gandhi the Man: How One Man Changed Himself to Change the World,Eknath Easwaran,4.5,4.5,8.0,2.19722457733622,233.0,This is the story of Gandhi's spiritual evolution - the turning points and choices that made him not just a great political leader but also a timeless icon of nonviolence.,Hindu Biographies | Biographies of Politicians | Historical Biographies,",#5,157 in Audible Audiobooks & Originals (See Top 100 in Audible Audiobooks & Originals),#3 in Hindu Biographies,#32 in Biographies of Politicians,#36 in Historical Biographies",5157.0,2 hours and 15 minutes,135.0,Advanced Only,1,1,1,gandhi the man: how one man changed himself to change the world,eknath easwaran,0-50
Reaching Your Potential: Tap into Your Inner Strength and Discover the Power to Succeed,Norman Vincent Peale,4.5,4.5,8.0,2.19722457733622,668.0,Unknown,Unknown,Unknown,,Unknown,,Both,0,0,0,reaching your potential: tap into your inner strength and discover the power to succeed,norman vincent peale,0-50
The Decline and Rise of Democracy: A Global History from Antiquity to Today,David Stastavage,4.5,4.5,8.0,2.19722457733622,703.0,"Historical accounts of democracy's rise tend to focus on ancient Greece and pre-Renaissance Europe. The Decline and Rise of Democracy draws from global evidence to show that the story is much richer - democratic practices were present in many places at many other times. David Stasavage makes the case that understanding how and where these democracies flourished - and when and why they declined - can provide crucial information not just about the history of governance, but about the ways modern democracies work and where they could manifest in the future.",Democracy | Political Science History & Theory | World History,",#5,006 in Audible Audiobooks & Originals (See Top 100 in Audible Audiobooks & Originals),#10 in Democracy,#31 in Political Science History & Theory,#85 in World History (Audible Audiobooks & Originals)",5006.0,11 hours and 34 minutes,694.0,Both,1,1,1,the decline and rise of democracy: a global history from antiquity to today,david stastavage,0-50
Letters to Malcolm: Chiefly on Prayer,C. S. Lewis,4.5,4.5,7.0,2.079441541679836,585.0,Unknown,Unknown,Unknown,,Unknown,,Both,0,0,0,letters to malcolm: chiefly on prayer,c. s. lewis,0-50
The Twice-Born: Life and Death on the Ganges,Aatish Taseer,4.5,4.5,6.0,1.9459101490553128,836.0,Unknown,Unknown,Unknown,,Unknown,,Advanced Only,0,0,0,the twice-born: life and death on the ganges,aatish taseer,0-50
Ajab-Gazab Meri Duniya [My World],Ruskin Bond,4.5,4.5,5.0,1.791759469228055,668.0,"Through this book, Ruskin Bond helps listeners appreciate the small things in life. Not only does he know how to make us laugh but also knows how to laugh at himself. Bond himself weaves in and out of the this eclectic narrative that involves an old lady who climbs trees, clock towers, a cassowary bird, aunts, uncles, grandfathers, djinns, and ghosts.",Fiction Short Stories | Short Stories (Books),",#4,426 in Audible Audiobooks & Originals (See Top 100 in Audible Audiobooks & Originals),#46 in Fiction Short Stories,#2,411 in Short Stories (Books)",4426.0,7 hours and 23 minutes,443.0,Both,1,1,1,ajab-gazab meri duniya [my world],ruskin bond,0-50
Learn English with Innovative Language's Proven Language System - Level 5: Advanced English,Innovative Language Learning,4.5,4.5,5.0,1.791759469228055,0.0,"Congratulations! You have just discovered the fastest and most fun way to learn a language! Are you ready to discover the secret to language learning success? Simply use our program and you will find it. Hundreds of thousands of language learners just like you have already discovered the power of our system. This program offers you a brand new way to learn a language. You'll be speaking from your very first lesson with our fun, easy to use, and innovative method.",English Language Learning,",#52 Free in Audible Audiobooks & Originals (See Top 100 in Audible Audiobooks & Originals),#5 in English Language Learning",,17 minutes,17.0,Both,1,1,1,learn english with innovative language's proven language system - level 5: advanced english,innovative language learning,0-50
"Verbal Advantage Advanced Edition, Sections 6-10",Charles Harrington Elster,4.5,4.5,5.0,1.791759469228055,1406.0,Unknown,Unknown,Unknown,,Unknown,,Catalog Only,0,0,0,"verbal advantage advanced edition, sections 6-10",charles harrington elster,0-50
Classic BBC Radio Shakespeare: Tragedies: Hamlet; Macbeth; Romeo and Juliet,William Shakespeare,4.5,4.5,4.0,1.6094379124341005,888.0,Unknown,Unknown,Unknown,,Unknown,,Both,0,0,0,classic bbc radio shakespeare: tragedies: hamlet; macbeth; romeo and juliet,william shakespeare,0-50
Secrets of Health from the Indian Kitchen,Ratna Rajaiah,4.5,4.5,4.0,1.6094379124341005,836.0,Did you know that a couple of bananas a day can lower your blood pressure? That 19th-century sailors used to eat potatoes to fight scurvy? That Ayurveda considers rice the perfect healing food? That turmeric could have anti-carcinogenic properties? That urad dal is an aphrodisiac?,"Cooking | Food, Drink & Entertaining (Books) | Healthy Living & Wellness",",#2,439 in Audible Audiobooks & Originals (See Top 100 in Audible Audiobooks & Originals),#3 in Cooking,#634 in Food, Drink & Entertaining (Books),#1,894 in Healthy Living & Wellness",2439.0,11 hours and 57 minutes,717.0,Both,1,1,1,secrets of health from the indian kitchen,ratna rajaiah,0-50
The Silver Pony,Holly Webb,4.5,4.5,4.0,1.6094379124341005,664.0,Unknown,Unknown,Unknown,,Unknown,,Catalog Only,0,0,0,the silver pony,holly webb,0-50
"The Spy Game: The Boxcar Children Mysteries, Book 118",Gertrude Chandler Warner,4.5,4.5,4.0,1.6094379124341005,301.0,Unknown,Unknown,Unknown,,Unknown,,Catalog Only,0,0,0,"the spy game: the boxcar children mysteries, book 118",gertrude chandler warner,0-50
"Frozen Enemies: Hyperspace High, Book 2",Zac Harrison,4.5,4.5,3.0,1.3862943611198906,303.0,John learns that museums in outer space are anything but boring when his class travels to the museum planet of Archivus Major. But the field trip goes badly wrong when two rival tribes of aliens are accidentally released from cryogenic storage.,Unknown,Unknown,,Unknown,,Both,1,0,0,"frozen enemies: hyperspace high, book 2",zac harrison,0-50
Crucial Conversations: Make Them Work for You,Deaver Brown,4.5,4.5,2.0,1.0986122886681098,117.0,Unknown,Unknown,Unknown,,Unknown,,Catalog Only,0,0,0,crucial conversations: make them work for you,deaver brown,0-50
Data Science for Business 2019 (2 Books in 1): Master Data Analytics & Machine Learning with Optimized Marketing Strategies,Riley Adams,4.5,4.5,2.0,1.0986122886681098,668.0,Unknown,Unknown,Unknown,,Unknown,,Both,0,0,0,data science for business 2019 (2 books in 1): master data analytics & machine learning with optimized marketing strategies,riley adams,0-50
FinTech Revolution: Universal Inclusion in the New Financial Ecosystem,Sofie Blakstad,4.5,4.5,2.0,1.0986122886681098,873.0,Unknown,Unknown,Unknown,,Unknown,,Catalog Only,0,0,0,fintech revolution: universal inclusion in the new financial ecosystem,sofie blakstad,0-50
Kasturi Kundal Basai,OSHO,4.5,4.5,2.0,1.0986122886681098,502.0,Kabir par Osho samay-samay par bolte rahe hain. Keh sakte hain ki Kabir unke priy rahe hain. Kabir ke saddhukkadi vachanon ko samsamayik Osho hi bana sakte hain.,Meditation | Personal Development & Self-Help,",#2,235 in Audible Audiobooks & Originals (See Top 100 in Audible Audiobooks & Originals),#58 in Meditation (Audible Audiobooks & Originals),#4,747 in Personal Development & Self-Help",2235.0,15 hours,900.0,Both,1,1,1,kasturi kundal basai,osho,0-50
Montessori Toddler Disciplines: How to Talk So Your Children Will Listen: A Survival Guide to Life for Mothers and Fathers,Susy Callory,4.5,4.5,2.0,1.0986122886681098,501.0,Unknown,Unknown,Unknown,,Unknown,,Both,0,0,0,montessori toddler disciplines: how to talk so your children will listen: a survival guide to life for mothers and fathers,susy callory,0-50
"NLP: The Essential Handbook for Business: Communication Techniques to Build Relationships, Influence Others, and Achieve Your Goals",Jeremy Lazarus,4.5,4.5,2.0,1.0986122886681098,656.0,Unknown,Unknown,Unknown,,Unknown,,Catalog Only,0,0,0,"nlp: the essential handbook for business: communication techniques to build relationships, influence others, and achieve your goals",jeremy lazarus,0-50
Rapunzel and Other Stories,Tamsin Greig,4.5,4.5,2.0,1.0986122886681098,140.0,Unknown,Unknown,Unknown,,Unknown,,Both,0,0,0,rapunzel and other stories,tamsin greig,0-50
Rasiya [The Sensualist],Ruskin Bond,4.5,4.5,2.0,1.0986122886681098,233.0,Unknown,Unknown,Unknown,,Unknown,,Both,0,0,0,rasiya [the sensualist],ruskin bond,0-50
Renewal: A Little Book of Courage & Hope,Eknath Easwaran,4.5,4.5,2.0,1.0986122886681098,163.0,"This collection of short readings includes stories from East and West, inspiration from Gandhi and the world's saints, and spiritual insights and practical ideas we can adopt today, no matter what our faith, philosophy, or lifestyle.",Meditation | Personal Success | Spirituality (Books),",#2,926 in Audible Audiobooks & Originals (See Top 100 in Audible Audiobooks & Originals),#77 in Meditation (Audible Audiobooks & Originals),#407 in Personal Success,#484 in Spirituality (Books)",2926.0,1 hour and 23 minutes,83.0,Both,1,1,1,renewal: a little book of courage & hope,eknath easwaran,0-50
Sahaj Yog,OSHO,4.5,4.5,2.0,1.0986122886681098,670.0,"Siddhon ka ek mahaan sandesh, 'Jaago', Osho ki vaani dwara in pravachanon mein aur bhi adhik mukharit hua hai. Osho kehte hain: 'Jaago, man jaagran ki bela! Aur jaagran ki bela hamesha hai. Aisa koi khsan nahi jab tum jaag na sako. Aisa koi pal nahi jab tum palak na khol sako. Aankh band kiye ho yah tumhaara nirnay hai. Aankh kholna chaho to isi khsan kraanti ghat sakti hai.",Meditation | Personal Development & Self-Help,",#371 in Audible Audiobooks & Originals (See Top 100 in Audible Audiobooks & Originals),#13 in Meditation (Audible Audiobooks & Originals),#1,036 in Personal Development & Self-Help",371.0,37 hours and 10 minutes,2230.0,Both,1,1,1,sahaj yog,osho,0-50
Sochiye Aur Ameer Baniye [Think and Be Rich],Napoleon Hill,4.5,4.5,2.0,1.0986122886681098,836.0,"This is a Hindi translation of famous best-selling classic Think and Grow Rich. Napoleon Hill in this book defines the process by which listeners can achieve not just economic success but success in all aspects of life. He asserts that it is our mind and thoughts that shape our actions and that leads to success or failure in any venture and the author reveals the secret to its reader through this book of how we can give real shape to our dreams and aspiration through right thought, right action and right inspiration. Get a copy of this audiobook and embark on an enriching experience that will inspire and motivate you to work hard and achieve your goals.",Personal Success | Personal Development & Self-Help,",#74 in Audible Audiobooks & Originals (See Top 100 in Audible Audiobooks & Originals),#21 in Personal Success,#229 in Personal Development & Self-Help",74.0,11 hours and 10 minutes,670.0,Both,1,1,1,sochiye aur ameer baniye [think and be rich],napoleon hill,0-50
The Art of Critical Decision Making,Michael A. Roberto,4.5,4.5,2.0,1.0986122886681098,1171.0,Unknown,Unknown,Unknown,,Unknown,,Both,0,0,0,the art of critical decision making,michael a. roberto,0-50
