Book Name,Author,Rating,Rating_Filled,Number of Reviews,Log Reviews,Price,Description,Genre,Ranks and Genre,Audible Rank,Listening Time,Listening Time Minutes,Data_Source,Has_Description,Has_Genre,Has_Listening_Time,Book_Name_Key,Author_Key,Review_Group,Description_Length
"13 Things Mentally Strong Parents Don't Do: Raising Self-Assured Children and Training Their Brains for a Life of Happiness, Meaning, and Success",Amy Morin,4.6,4.6,150.0,5.017279836814924,12356.0,Unknown,Unknown,Unknown,,Unknown,,Catalog Only,0,0,0,"13 things mentally strong parents don't do: raising self-assured children and training their brains for a life of happiness, meaning, and success",amy morin,51-200,0
"13 Things Mentally Strong People Don't Do: Take Back Your Power, Embrace Change, Face Your Fears, and Train Your Brain for Happiness and Success",Amy Morin,4.6,4.6,1365.0,7.219642040130735,10378.0,"Everyone knows that regular exercise and weight training lead to physical strength. But how do we strengthen ourselves mentally for the truly tough times? And what should we do when we face these challenges? Or as psychotherapist Amy Morin asks, what should we avoid when we encounter adversity? Through her years counseling others and her own experiences navigating personal loss, Morin realized it is often the habits we cannot break that are holding us back from true success and happiness. Indulging in self-pity or agonizing over things beyond our control, obsessing over past events, resenting the achievements of others, or expecting immediate positive results all hold us back.",Business Motivation & Self-Improvement | Personal Success | Analysis & Strategy,",#1,977 in Audible Audiobooks & Originals (See Top 100 in Audible Audiobooks & Originals),#59 in Business Motivation & Self-Improvement,#291 in Personal Success,#3,126 in Analysis & Strategy",1977.0,6 hours and 36 minutes,396.0,Both,1,1,1,"13 things mentally strong people don't do: take back your power, embrace change, face your fears, and train your brain for happiness and success",amy morin,1001+,685
48-Hour Start-Up: From Idea to Launch in 1 Weekend,Fraser Doherty MBE,4.4,4.4,101.0,4.624972813284271,5373.0,Unknown,Unknown,Unknown,,Unknown,,Catalog Only,0,0,0,48-hour start-up: from idea to launch in 1 weekend,fraser doherty mbe,51-200,0
5 Personal Development Classics: Five All-Time Bestsellers,Napoleon Hill,,4.5,0.0,0.0,1759.0,Unknown,Unknown,Unknown,,Unknown,,Catalog Only,0,0,0,5 personal development classics: five all-time bestsellers,napoleon hill,0-50,0
A Clash of Kings: Book 2 of A Song of Ice and Fire,George R. R. Martin,4.6,4.6,6923.0,8.8427489162961,18149.0,"The complete, unabridged audiobook of A Clash of Kings.",Military Fantasy | Dragon & Mythical Creatures Fantasy | Epic Fantasy,",#187 in Audible Audiobooks & Originals (See Top 100 in Audible Audiobooks & Originals),#1 in Military Fantasy,#2 in Dragon & Mythical Creatures Fantasy,#7 in Epic Fantasy",187.0,37 hours and 12 minutes,2232.0,Both,1,1,1,a clash of kings: book 2 of a song of ice and fire,george r. r. martin,1001+,55
A Dance with Dragons: Book 5 of A Song of Ice and Fire,George R. R. Martin,4.4,4.4,10368.0,9.246575864558276,18149.0,"The complete, unabridged audiobook of A Dance with Dragons.","Fantasy Movie, TV & Video Game Tie-Ins | Movie, TV & Video Game Tie-In Fiction | Action & Adventure Fiction",",#1,086 in Audible Audiobooks & Originals (See Top 100 in Audible Audiobooks & Originals),#1 in Fantasy Movie, TV & Video Game Tie-Ins,#6 in Movie, TV & Video Game Tie-In Fiction,#22 in Action & Adventure Fiction",1086.0,48 hours and 53 minutes,2933.0,Both,1,1,1,a dance with dragons: book 5 of a song of ice and fire,george r. r. martin,1001+,59
A Feast for Crows: Book 4 of A Song of Ice and Fire,George R. R. Martin,4.4,4.4,6389.0,8.762489547371581,18149.0,"The complete, unabridged audiobook of A Feast for Crows.",Unknown,Unknown,,Unknown,,Both,1,0,0,a feast for crows: book 4 of a song of ice and fire,george r. r. martin,1001+,56
A Fine Balance,Rohinton Mistry,4.5,4.5,1294.0,7.166265974133638,1673.0,"With a compassionate realism and narrative sweep that recall the work of Charles Dickens, this magnificent novel captures all the cruelty and corruption, dignity and heroism, of India. The time is 1975. The place is an unnamed city by the sea. The government has just declared a State of Emergency, in whose upheavals four strangers - a spirited widow, a young student uprooted from his idyllic hill station, and two tailors who have fled the caste violence of their native village - will be thrust together, forced to share one cramped apartment and an uncertain future.",Fiction Sagas | Historical Fiction | Literary Fiction,",#1,636 in Audible Audiobooks & Originals (See Top 100 in Audible Audiobooks & Originals),#15 in Fiction Sagas,#49 in Historical Fiction (Audible Audiobooks & Originals),#100 in Literary Fiction",1636.0,25 hours and 49 minutes,1549.0,Both,1,1,1,a fine balance,rohinton mistry,1001+,571
A Game of Thrones: Book 1 of A Song of Ice and Fire,George R. R. Martin,4.7,4.7,12923.0,9.466841326944389,18149.0,Unknown,Unknown,Unknown,,Unknown,,Both,0,0,0,a game of thrones: book 1 of a song of ice and fire,george r. r. martin,1001+,0
A House Without Windows: A Novel,Nadia Hashimi,4.5,4.5,323.0,5.780743515792329,14334.0,"A vivid, unforgettable story of an unlikely sisterhood - an emotionally powerful and haunting tale of friendship that illuminates the plight of women in a traditional culture from the author of the best-selling The Pearl That Broke Its Shell and When the Moon Is Low.",Family Life Fiction | Women's Fiction | World Literature,",#4,823 in Audible Audiobooks & Originals (See Top 100 in Audible Audiobooks & Originals),#69 in Family Life Fiction,#104 in Women's Fiction,#125 in World Literature (Audible Audiobooks & Originals)",4823.0,15 hours and 39 minutes,939.0,Both,1,1,1,a house without windows: a novel,nadia hashimi,201-500,267
A Night Like This,Julia Quinn,4.2,4.2,200.0,5.303304908059076,12356.0,Unknown,Unknown,Unknown,,Unknown,,Both,0,0,0,a night like this,julia quinn,51-200,0
Absent in the Spring: A Mary Westmacott Novel,Agatha Christie,4.3,4.3,93.0,4.543294782270004,5709.0,Unknown,Unknown,Unknown,,Unknown,,Catalog Only,0,0,0,absent in the spring: a mary westmacott novel,agatha christie,51-200,0
"Accessing the Healing Power of the Vagus Nerve: Self-Help Exercises for Anxiety, Depression, Trauma, and Autism",Stanley Rosenberg,4.6,4.6,367.0,5.908082938168931,1505.0,The best-selling book on the topic — now in 13 languages.,Naturopathy | Depression | Neuroscience & Neuropsychology,",#4,012 in Audible Audiobooks & Originals (See Top 100 in Audible Audiobooks & Originals),#5 in Naturopathy,#8 in Depression,#33 in Neuroscience & Neuropsychology",4012.0,8 hours and 53 minutes,533.0,Both,1,1,1,"accessing the healing power of the vagus nerve: self-help exercises for anxiety, depression, trauma, and autism",stanley rosenberg,201-500,57
"Act like a Lady, Think like a Man: What Men Really Think About Love, Relationships, Intimacy, and Commitment",Steve Harvey,4.5,4.5,3609.0,8.191463051326927,10378.0,Unknown,Unknown,Unknown,,Unknown,,Catalog Only,0,0,0,"act like a lady, think like a man: what men really think about love, relationships, intimacy, and commitment",steve harvey,1001+,0
Alibaba: The House That Jack Ma Built,Duncan Clark,4.3,4.3,593.0,6.386879319362645,13345.0,An engrossing insider's account of how a teacher built one of the world's most valuable companies - rivaling Walmart and Amazon - and forever reshaped the global economy.,E-Commerce | Biographies of Business Leaders | Internet & Social Media (Books),",#131 in Audible Audiobooks & Originals (See Top 100 in Audible Audiobooks & Originals),#1 in E-Commerce,#7 in Biographies of Business Leaders,#11 in Internet & Social Media (Books)",131.0,9 hours and 9 minutes,549.0,Both,1,1,1,alibaba: the house that jack ma built,duncan clark,501-1000,170
An Economic History of the World since 1400,Donald J. Harreld,,4.5,0.0,0.0,1774.0,"Most of us have a limited understanding of the powerful role economics has played in shaping human civilization. This makes economic history - the study of how civilizations structured their environments to provide food, shelter, and material goods - a vital lens through which to think about how we arrived at our present, globalized moment.",World History | Economics | Economics Books,",#214 in Audible Audiobooks & Originals (See Top 100 in Audible Audiobooks & Originals),#7 in World History (Audible Audiobooks & Originals),#7 in Economics (Audible Audiobooks & Originals),#122 in Economics Books",214.0,24 hours and 25 minutes,1465.0,Both,1,1,1,an economic history of the world since 1400,donald j. harreld,0-50,342
And Then There Were None,Hugh Fraser,4.6,4.6,6315.0,8.750841375375533,8735.0,Unknown,Unknown,Unknown,,Unknown,,Catalog Only,0,0,0,and then there were none,hugh fraser,1001+,0
"Angel: How to Invest in Technology Startups - Timeless Advice from an Angel Investor Who Turned $100,000 into $100,000,000",Jason Calacanis,4.8,4.8,324.0,5.783825182329737,10873.0,One of Silicon Valley's most successful angel investors shares his rules for investing in start-ups.,Corporate Finance | Business Development | Entrepreneurship,",#3,152 in Audible Audiobooks & Originals (See Top 100 in Audible Audiobooks & Originals),#8 in Corporate Finance,#30 in Business Development (Audible Audiobooks & Originals),#73 in Entrepreneurship (Audible Audiobooks & Originals)",3152.0,8 hours and 19 minutes,499.0,Both,1,1,1,"angel: how to invest in technology startups - timeless advice from an angel investor who turned $100,000 into $100,000,000",jason calacanis,201-500,100
"Annihilation: Southern Reach Trilogy, Book 1",Jeff VanderMeer,3.9,3.9,2151.0,7.674152921281675,5709.0,Unknown,Unknown,Unknown,,Unknown,,Catalog Only,0,0,0,"annihilation: southern reach trilogy, book 1",jeff vandermeer,1001+,0
Attitude is Everything: 10 Life-Changing Steps to Turning Attitude into Action,Keith Harrell,4.5,4.5,52.0,3.970291913552122,8401.0,Unknown,Unknown,Unknown,,Unknown,,Catalog Only,0,0,0,attitude is everything: 10 life-changing steps to turning attitude into action,keith harrell,51-200,0
Barking up the Wrong Tree: The Surprising Science Behind Why Everything You Know About Success Is (Mostly) Wrong,Eric Barker,4.6,4.6,1064.0,6.970730078143525,12356.0,"Much of the advice we've been told about achievement is logical, earnest...and downright wrong. In Barking up the Wrong Tree, Eric Barker reveals the extraordinary science behind what actually determines success and, most importantly, how anyone can achieve it. You'll learn:",Social Psychology | Communication & Social Skills | Sociology,",#1,094 in Audible Audiobooks & Originals (See Top 100 in Audible Audiobooks & Originals),#8 in Social Psychology,#21 in Communication & Social Skills,#29 in Sociology (Audible Audiobooks & Originals)",1094.0,9 hours,540.0,Both,1,1,1,barking up the wrong tree: the surprising science behind why everything you know about success is (mostly) wrong,eric barker,1001+,275
Being and Time,Martin Heidegger,4.4,4.4,157.0,5.062595033026967,1605.0,Unknown,Unknown,Unknown,,Unknown,,Both,0,0,0,being and time,martin heidegger,51-200,0
Biomimicry: Innovation Inspired by Nature,Janine M. Benyus,4.4,4.4,215.0,5.375278407684165,14828.0,"This ""valuable and entertaining"" (New York Times Book Review) book explores how scientists are adapting nature's best ideas to solve tough 21st-century problems.",Ecology | Biology | Economics,",#1,976 in Audible Audiobooks & Originals (See Top 100 in Audible Audiobooks & Originals),#4 in Ecology (Audible Audiobooks & Originals),#10 in Biology (Audible Audiobooks & Originals),#73 in Economics (Audible Audiobooks & Originals)",1976.0,14 hours and 55 minutes,895.0,Both,1,1,1,biomimicry: innovation inspired by nature,janine m. benyus,201-500,161
Bleak House: The Dickens Collection: An Audible Exclusive Series,Charles Dickens,4.4,4.4,1032.0,6.940222469119639,1518.0,"Audie Award, 2019: Literary Fiction and Classics",Classic Literature | Classic Fiction (Books),",#4,258 in Audible Audiobooks & Originals (See Top 100 in Audible Audiobooks & Originals),#229 in Classic Literature,#4,055 in Classic Fiction (Books)",4258.0,43 hours and 12 minutes,2592.0,Both,1,1,1,bleak house: the dickens collection: an audible exclusive series,charles dickens,1001+,48
Blitzscaling: The Lightning-Fast Path to Building Massively Valuable Companies,Reid Hoffman,4.5,4.5,304.0,5.720311776607412,8062.0,Unknown,Unknown,Unknown,,Unknown,,Both,0,0,0,blitzscaling: the lightning-fast path to building massively valuable companies,reid hoffman,201-500,0
Blueprint: The Evolutionary Origins of a Good Society,Nicholas A. Christakis,4.6,4.6,159.0,5.075173815233827,1673.0,"Drawing on advances in social science, evolutionary biology, genetics, neuroscience, and network science, Blueprint shows how and why evolution has placed us on a humane path - and how we are united by our common humanity.",Biological Sciences | Social Sciences | Biology Books,",#3,656 in Audible Audiobooks & Originals (See Top 100 in Audible Audiobooks & Originals),#61 in Biological Sciences,#130 in Social Sciences (Audible Audiobooks & Originals),#895 in Biology Books",3656.0,14 hours and 55 minutes,895.0,Both,1,1,1,blueprint: the evolutionary origins of a good society,nicholas a. christakis,51-200,222
Bottle of Lies: The Inside Story of the Generic Drug Boom,Katherine Eban,4.7,4.7,391.0,5.971261839790462,14828.0,Unknown,Unknown,Unknown,,Unknown,,Both,0,0,0,bottle of lies: the inside story of the generic drug boom,katherine eban,201-500,0
"Bounce: Mozart, Federer, Picasso, Beckham, and the Science of Success",Matthew Syed,4.6,4.6,927.0,6.833031732786201,11862.0,Unknown,Unknown,Unknown,,Unknown,,Catalog Only,0,0,0,"bounce: mozart, federer, picasso, beckham, and the science of success",matthew syed,501-1000,0
Brain Boosters: 20 Minutes a Day to a More Powerful Intelligence,Win Wenger PH.D,,4.5,0.0,0.0,1774.0,Unknown,Unknown,Unknown,,Unknown,,Catalog Only,0,0,0,brain boosters: 20 minutes a day to a more powerful intelligence,win wenger ph.d,0-50,0
Brain Lock,Jeffrey M. Schwartz M.D.,4.5,4.5,574.0,6.354370040797351,4445.0,Unknown,Unknown,Unknown,,Unknown,,Catalog Only,0,0,0,brain lock,jeffrey m. schwartz m.d.,501-1000,0
Buddhist Tantra: Teachings and Practices for Touching Enlightenment with the Body,Reginald A. Ray,4.6,4.6,5.0,1.791759469228055,1477.0,Unknown,Unknown,Unknown,,Unknown,,Catalog Only,0,0,0,buddhist tantra: teachings and practices for touching enlightenment with the body,reginald a. ray,0-50,0
Building a StoryBrand: Clarify Your Message So Customers Will Listen,Donald Miller,4.7,4.7,1712.0,7.44600149832412,9884.0,Unknown,Unknown,Unknown,,Unknown,,Both,0,0,0,building a storybrand: clarify your message so customers will listen,donald miller,1001+,0
Capital and Ideology,Thomas Piketty,4.8,4.8,204.0,5.3230099791384085,1758.0,Unknown,Unknown,Unknown,,Unknown,,Both,0,0,0,capital and ideology,thomas piketty,201-500,0
Capital: Volume 1: A Critique of Political Economy,Karl Marx,4.4,4.4,285.0,5.655991810819852,2004.0,"It can be said of very few books that the world was changed as a result of its publication - but this is certainly the case of Capital: A Critique of Political Economy by Karl Marx (1818-1883). Volume 1 appeared (in German) in 1867, and the two subsequent volumes appeared at later dates after the author's death - completed from extensive notes left by Marx himself.",Communism & Socialism | Political Science History & Theory | Economic Theory,",#2,214 in Audible Audiobooks & Originals (See Top 100 in Audible Audiobooks & Originals),#5 in Communism & Socialism,#13 in Political Science History & Theory,#18 in Economic Theory (Audible Audiobooks & Originals)",2214.0,43 hours and 4 minutes,2584.0,Both,1,1,1,capital: volume 1: a critique of political economy,karl marx,201-500,367
Cat's Cradle,Kurt Vonnegut,4.5,4.5,1202.0,7.0925737159746784,10378.0,Unknown,Unknown,Unknown,,Unknown,,Both,0,0,0,cat's cradle,kurt vonnegut,1001+,0
"Change by Design, Revised and Updated: How Design Thinking Transforms Organizations and Inspires Innovation",Tim Brown,4.5,4.5,106.0,4.672828834461906,11862.0,"The subject of “design thinking” is the rage at business schools, throughout corporations, and increasingly in the popular press - due in large part to work of IDEO, a leading design firm, and its celebrated CEO, Tim Brown, who uses this audiobook to reveal how the techniques and strategies of design belong at every level of business.",Organisational Behaviour | Business Decision Making & Problem Solving | Entrepreneurship,",#1,309 in Audible Audiobooks & Originals (See Top 100 in Audible Audiobooks & Originals),#19 in Organisational Behaviour,#23 in Business Decision Making & Problem Solving,#37 in Entrepreneurship (Audible Audiobooks & Originals)",1309.0,7 hours and 37 minutes,457.0,Advanced Only,1,1,1,"change by design, revised and updated: how design thinking transforms organizations and inspires innovation",tim brown,51-200,336
Clean - Expanded Edition: The Revolutionary Program to Restore the Body's Natural Ability to Heal Itself,Alejandro Junger,4.4,4.4,981.0,6.889591308354466,12356.0,A life-changing medical breakthrough,Naturopathy | Cleansing & Detox Diets | Weight Loss Diets,",#3,033 in Audible Audiobooks & Originals (See Top 100 in Audible Audiobooks & Originals),#2 in Naturopathy,#3 in Cleansing & Detox Diets,#20 in Weight Loss Diets",3033.0,11 hours and 8 minutes,668.0,Both,1,1,1,clean - expanded edition: the revolutionary program to restore the body's natural ability to heal itself,alejandro junger,501-1000,36
Collected Stories of William Faulkner,William Faulkner,4.4,4.4,96.0,4.574710978503383,1633.0,Unknown,Small Town & Rural Fiction | Literature Anthologies | Fiction Short Stories,",#4,065 in Audible Audiobooks & Originals (See Top 100 in Audible Audiobooks & Originals),#9 in Small Town & Rural Fiction,#27 in Literature Anthologies,#43 in Fiction Short Stories",4065.0,31 hours and 13 minutes,1873.0,Both,0,1,1,collected stories of william faulkner,william faulkner,51-200,0
Common Sense on Mutual Funds: Fully Updated 10th Anniversary Edition,John C Bogle,4.3,4.3,42.0,3.7612001156935615,1641.0,"John Bogle - founder of the Vanguard Mutual Fund Group and creator of the first index mutual fund - is an industry pioneer. Over the years, he has single-handedly transformed the mutual fund business, and today, his vision continues to inspire investors .It has been over a decade since the original edition of Common Sense on Mutual Funds was first published. While much has changed during this time, the importance of investing and the issues addressed in the original edition of this book have not. Now, in the Fully Updated 10th Anniversary Edition of Common Sense on Mutual Funds, Bogle returns to update his in-depth look at mutual funds and the business of investing - helping you navigate through the staggering array of investment options found in today's evolving investment landscape.",Mutual Funds | Personal Finance | Analysis & Strategy,",#2,075 in Audible Audiobooks & Originals (See Top 100 in Audible Audiobooks & Originals),#4 in Mutual Funds,#75 in Personal Finance,#3,274 in Analysis & Strategy",2075.0,20 hours and 49 minutes,1249.0,Both,1,1,1,common sense on mutual funds: fully updated 10th anniversary edition,john c bogle,0-50,795
Cousin Kate,Georgette Heyer,4.4,4.4,219.0,5.393627546352362,1477.0,Unknown,Unknown,Unknown,,Unknown,,Catalog Only,0,0,0,cousin kate,georgette heyer,201-500,0
Critical Business Skills for Success,The Great Courses,,4.5,0.0,0.0,2008.0,"What does it take to reach success in business - the kind of success that lasts? How do you set yourself apart from competitors or venture out into different markets? What does it take to develop streamlined processes, become a stronger team leader, and work your way up the corporate ladder?",Business Careers | Personal Development & Self-Help,",#387 in Audible Audiobooks & Originals (See Top 100 in Audible Audiobooks & Originals),#15 in Business Careers,#1,067 in Personal Development & Self-Help",387.0,31 hours and 18 minutes,1878.0,Both,1,1,1,critical business skills for success,the great courses,0-50,292
Crooked House,Hugh Fraser,4.5,4.5,729.0,6.593044534142437,5709.0,Unknown,Unknown,Unknown,,Unknown,,Catalog Only,0,0,0,crooked house,hugh fraser,501-1000,0
Crush It!: Why NOW Is the Time to Cash In on Your Passion,Gary Vaynerchuk,4.4,4.4,1171.0,7.066466970136958,7906.0,Unknown,Unknown,Unknown,,Unknown,,Both,0,0,0,crush it!: why now is the time to cash in on your passion,gary vaynerchuk,1001+,0
"Crushing It!: How Great Entrepreneurs Build Their Business and Influence-and How You Can, Too",Gary Vaynerchuk,4.6,4.6,1732.0,7.457609289715606,11862.0,Four-time New York Times best-selling author Gary Vaynerchuk offers new lessons and inspiration drawn from the experiences of dozens of influencers and entrepreneurs who rejected the predictable corporate path in favor of pursuing their dreams by building thriving businesses and extraordinary personal brands.,Social Media | E-Commerce | Marketing,",#551 in Audible Audiobooks & Originals (See Top 100 in Audible Audiobooks & Originals),#3 in Social Media,#6 in E-Commerce,#15 in Marketing (Audible Audiobooks & Originals)",551.0,8 hours and 2 minutes,482.0,Both,1,1,1,"crushing it!: how great entrepreneurs build their business and influence-and how you can, too",gary vaynerchuk,1001+,310
Curtain: Poirot's Last Case,Hugh Fraser,4.6,4.6,357.0,5.8805329864007,5709.0,Unknown,Unknown,Unknown,,Unknown,,Advanced Only,0,0,0,curtain: poirot's last case,hugh fraser,201-500,0
"Dark Magic: Dark Series, Book 4",Christine Feehan,4.6,4.6,540.0,6.293419278846481,12356.0,"Young Savannah Dubrinsky was a mistress of illusion, a world-famous magician capable of mesmerizing millions. But there was one - Gregori, the Dark One - who held her in terrifying thrall. Whose cold silver eyes and heated sensuality sent shivers of danger, of desire, down her slender spine.",Paranormal Romance | Paranormal Fantasy | Fantasy Romance,",#3,526 in Audible Audiobooks & Originals (See Top 100 in Audible Audiobooks & Originals),#7 in Paranormal Romance,#7 in Paranormal Fantasy,#10 in Fantasy Romance",3526.0,11 hours and 14 minutes,674.0,Advanced Only,1,1,1,"dark magic: dark series, book 4",christine feehan,501-1000,292
Death on the Nile: Poirot,Agatha Christie,4.6,4.6,1105.0,7.00850518208228,8062.0,"An all-new digital audio edition of Death on the Nile narrated by Kenneth Branagh, director and star of 20th Century Studios’ upcoming Death on the Nile feature film, in cinemas this October.",Traditional Detective Mysteries | Crime Thrillers | Classic Fiction (Books),",#878 in Audible Audiobooks & Originals (See Top 100 in Audible Audiobooks & Originals),#5 in Traditional Detective Mysteries,#13 in Crime Thrillers,#898 in Classic Fiction (Books)",878.0,8 hours and 12 minutes,492.0,Both,1,1,1,death on the nile: poirot,agatha christie,1001+,191
Developing the Leader Within You 2.0,John C. Maxwell,4.7,4.7,525.0,6.26530121273771,10378.0,Unknown,Unknown,Unknown,,Unknown,,Both,0,0,0,developing the leader within you 2.0,john c. maxwell,501-1000,0
Directorate S: The C.I.A. and America's Secret Wars in Afghanistan and Pakistan,Steve Coll,4.5,4.5,312.0,5.746203190540153,1633.0,Unknown,Unknown,Unknown,,Unknown,,Advanced Only,0,0,0,directorate s: the c.i.a. and america's secret wars in afghanistan and pakistan,steve coll,201-500,0
Dr. Quantum Presents A User's Guide to Your Universe,Fred Alan Wolf Ph.D.,3.5,3.5,11.0,2.4849066497880004,1640.0,"Quantum physics is an astounding (and mind-boggling) field of science, but can you actually use it to change your life? Absolutely yes, says Dr. Quantum. On A User's Guide to Your Universe, Dr. Quantum, who goes by day as mild-mannered physicist Dr. Fred Alan Wolf, teaches that anyone can understand quantum physics. What's more, it is the most useful, immediate, and relevant kind of science you can learn to profoundly affect your day-to-day life.",Unknown,Unknown,,Unknown,,Advanced Only,1,0,0,dr. quantum presents a user's guide to your universe,fred alan wolf ph.d.,0-50,450
Eleanor Oliphant Is Completely Fine,Gail Honeyman,4.5,4.5,19041.0,9.854402344845637,10080.0,Unknown,Unknown,Unknown,,Unknown,,Both,0,0,0,eleanor oliphant is completely fine,gail honeyman,1001+,0
Eleven Minutes,Paulo Coelho,4.3,4.3,1177.0,7.071573364211532,5709.0,"Eventually, Maria's despairing view of love is put to the test when she meets a handsome young painter. In this odyssey of self-discovery, Maria has to choose between pursuing a path of darkness, 'sexual pleasure for its own sake', or risking everything to find her own 'inner light' and the possibility of sacred sex, sex in the context of love.",Contemporary Fiction (Books) | Personal Development & Self-Help,",#899 in Contemporary Fiction (Books),#1,312 in Personal Development & Self-Help",,6 hours and 13 minutes,373.0,Both,1,1,1,eleven minutes,paulo coelho,1001+,346
Endless Night,Agatha Christie,4.2,4.2,362.0,5.8944028342648505,5709.0,Unknown,Unknown,Unknown,,Unknown,,Catalog Only,0,0,0,endless night,agatha christie,201-500,0
Energy Anatomy,Caroline Myss,4.8,4.8,44.0,3.80666248977032,1640.0,Unknown,Unknown,Unknown,,Unknown,,Catalog Only,0,0,0,energy anatomy,caroline myss,0-50,0
Enlightened Sex,David Deida,3.8,3.8,8.0,2.19722457733622,1640.0,"In this groundbreaking 12-session course, listeners will explore:",Unknown,Unknown,,Unknown,,Both,1,0,0,enlightened sex,david deida,0-50,65
Erotic Stories for Punjabi Widows: A Novel,Balli Kaur Jaswal,4.2,4.2,852.0,6.748759547491679,12356.0,Unknown,Unknown,Unknown,,Unknown,,Catalog Only,0,0,0,erotic stories for punjabi widows: a novel,balli kaur jaswal,501-1000,0
Everything Is F*cked: A Book About Hope,Mark Manson,4.3,4.3,2390.0,7.779466967458324,10378.0,From the author of the international mega-best-seller The Subtle Art of Not Giving A F*ck comes a counterintuitive guide to the problems of hope.,Satire Fiction | Humour (Books) | Personal Success,",#85 in Audible Audiobooks & Originals (See Top 100 in Audible Audiobooks & Originals),#1 in Satire Fiction,#19 in Humour (Books),#24 in Personal Success",85.0,7 hours and 2 minutes,422.0,Both,1,1,1,everything is f*cked: a book about hope,mark manson,1001+,145
Executive Presence: The Missing Link between Merit and Success,Sylvia Ann Hewlett,4.3,4.3,248.0,5.517452896464707,10378.0,"Do you exude confidence and credibility? Can you command a room? Sylvia Ann Hewlett, one of the world's most influential business thinkers, cracks the code of Executive Presence (EP) for men and women intent on winning the next plum assignment and doing something extraordinary with their lives.",Business Etiquette | Workplace Culture | Leadership,",#2,991 in Audible Audiobooks & Originals (See Top 100 in Audible Audiobooks & Originals),#2 in Business Etiquette,#24 in Workplace Culture,#130 in Leadership",2991.0,6 hours and 17 minutes,377.0,Both,1,1,1,executive presence: the missing link between merit and success,sylvia ann hewlett,201-500,295
Experiments in Truth,Ram Dass,3.0,3.0,1.0,0.6931471805599453,1640.0,Unknown,Unknown,Unknown,,Unknown,,Both,0,0,0,experiments in truth,ram dass,0-50,0
"Eye of the Storm: Sean Dillon Series, Book 1",Jack Higgins,4.4,4.4,310.0,5.739792912179234,8735.0,Unknown,Unknown,Unknown,,Unknown,,Catalog Only,0,0,0,"eye of the storm: sean dillon series, book 1",jack higgins,201-500,0
Feeling Good: The New Mood Therapy,David D. Burns,4.3,4.3,3193.0,8.069029328774958,13840.0,Unknown,Unknown,Unknown,,Unknown,,Both,0,0,0,feeling good: the new mood therapy,david d. burns,1001+,0
Fire and Blood: 300 Years Before A Game of Thrones (A Targaryen History) (A Song of Ice and Fire),George R.R. Martin,4.4,4.4,3764.0,8.233503140233994,18149.0,"Set 300 years before A Game of Thrones, an even greater game began, one that set the skies alight with dragon flame and saw the Seven Kingdoms turned to ash.",Action & Adventure Fantasy | Historical Fantasy | Military Fantasy,",#193 in Audible Audiobooks & Originals (See Top 100 in Audible Audiobooks & Originals),#1 in Action & Adventure Fantasy,#1 in Historical Fantasy,#2 in Military Fantasy",193.0,26 hours and 24 minutes,1584.0,Both,1,1,1,fire and blood: 300 years before a game of thrones (a targaryen history) (a song of ice and fire),george r.r. martin,1001+,157
Five Little Pigs,Agatha Christie,4.6,4.6,564.0,6.336825731146441,9390.0,Unknown,Unknown,Unknown,,Unknown,,Catalog Only,0,0,0,five little pigs,agatha christie,501-1000,0
Foundations of Western Civilization II: A History of the Modern Western World,Robert Bucholz,4.6,4.6,3.0,1.3862943611198906,1774.0,"Beginning with the Renaissance, the culture of the West exploded. Over the next 600 years, rapid innovations in philosophy, technology, economics, military affairs, and politics allowed what had once been a cultural backwater left by the collapse of the Roman Empire to dominate the world.",European History | World History | History (Books),",#4,353 in Audible Audiobooks & Originals (See Top 100 in Audible Audiobooks & Originals),#35 in European History (Audible Audiobooks & Originals),#75 in World History (Audible Audiobooks & Originals),#10,813 in History (Books)",4353.0,24 hours and 35 minutes,1475.0,Both,1,1,1,foundations of western civilization ii: a history of the modern western world,robert bucholz,0-50,289
"Game Changers: What Leaders, Innovators and Mavericks Do to Win at Life",Dave Asprey,4.7,4.7,435.0,6.077642243349034,8735.0,"The best-selling author of Head Strong and The Bulletproof Diet answers the question 'how do I kick more ass?' - providing proven techniques for becoming happier, healthier and smarter, culled from the wisdom and insight of world-class thought leaders and mavericks of science and business.",Stress Management | Self-Esteem | Personal Success,",#1,042 in Audible Audiobooks & Originals (See Top 100 in Audible Audiobooks & Originals),#16 in Stress Management,#16 in Self-Esteem,#180 in Personal Success",1042.0,11 hours and 12 minutes,672.0,Both,1,1,1,"game changers: what leaders, innovators and mavericks do to win at life",dave asprey,201-500,290
Glitter Baby,Susan Elizabeth Phillips,4.2,4.2,101.0,4.624972813284271,13840.0,Unknown,Unknown,Unknown,,Unknown,,Both,0,0,0,glitter baby,susan elizabeth phillips,51-200,0
Goals and Vision Mastery Course,Les Brown,,4.5,0.0,0.0,2008.0,Unknown,Unknown,Unknown,,Unknown,,Both,0,0,0,goals and vision mastery course,les brown,0-50,0
Gone with the Wind,Margaret Mitchell,4.6,4.6,3581.0,8.183676582620658,1548.0,"When Gone with the Wind appeared in 1936, it became on overnight sensation. Nothing like it in American literature had ever been seen. It went on to win the Pulitzer Prize and become one of the most celebrated films of all time. It has sold more than 30 million copies worldwide and been translated into 27 languages.",Classic Literature | Classic Fiction (Books),",#412 in Audible Audiobooks & Originals (See Top 100 in Audible Audiobooks & Originals),#19 in Classic Literature,#486 in Classic Fiction (Books)",412.0,47 hours and 11 minutes,2831.0,Both,1,1,1,gone with the wind,margaret mitchell,1001+,317
Good to Great: Why Some Companies Make the Leap...And Others Don't,Jim Collins,4.6,4.6,2425.0,7.793999089503996,15817.0,"Built to Last, the defining management study of the '90s, showed how great companies triumph over time and how long-term sustained performance can be engineered into the DNA of an enterprise from the very beginning.",Business Management | Analysis & Strategy | Textbooks & Study Guides,",#63 in Audible Audiobooks & Originals (See Top 100 in Audible Audiobooks & Originals),#4 in Business Management,#93 in Analysis & Strategy,#526 in Textbooks & Study Guides",63.0,10 hours and 1 minute,601.0,Both,1,1,1,good to great: why some companies make the leap...and others don't,jim collins,1001+,215
Great Expectations: The Dickens Collection: An Audible Exclusive Series,Charles Dickens,4.4,4.4,3232.0,8.081165777725433,1518.0,Unknown,Unknown,Unknown,,Unknown,,Catalog Only,0,0,0,great expectations: the dickens collection: an audible exclusive series,charles dickens,1001+,0
Great Mythologies of the World,The Great Courses,,4.5,0.0,0.0,2008.0,Unknown,Unknown,Unknown,,Unknown,,Catalog Only,0,0,0,great mythologies of the world,the great courses,0-50,0
H.G. Wells: The Science Fiction Collection,H. G. Wells,,4.5,0.0,0.0,1898.0,"He’s often been called the father of science fiction. Now, listen to H. G. Wells’ five science fiction novels in one definitive collection. Introduced by film director and H. G. Wells fanboy Eli Roth, the collection features unabridged recordings of the novels performed by Hugh Bonneville, Jason Isaacs, Sophie Okonedo, David Tennant and Alexander Vlahos.",Science Fiction | Science Fiction (Books),",#237 in Audible Audiobooks & Originals (See Top 100 in Audible Audiobooks & Originals),#5 in Science Fiction (Audible Audiobooks & Originals),#44 in Science Fiction (Books)",237.0,27 hours and 15 minutes,1635.0,Both,1,1,1,h.g. wells: the science fiction collection,h. g. wells,0-50,356
Half of a Yellow Sun,Chimamanda Ngozi Adichie,4.6,4.6,1920.0,7.560601162768557,13442.0,Winner of the Baileys Prize Best of the Best,Small Town & Rural Fiction | War & Military Fiction | Classic Literature,",#2,188 in Audible Audiobooks & Originals (See Top 100 in Audible Audiobooks & Originals),#5 in Small Town & Rural Fiction,#16 in War & Military Fiction,#110 in Classic Literature",2188.0,18 hours and 9 minutes,1089.0,Both,1,1,1,half of a yellow sun,chimamanda ngozi adichie,1001+,44
Ham on Rye: A Novel,Charles Bukowski,4.4,4.4,719.0,6.579251212010101,11862.0,"In what is widely hailed as the best of his many novels, Charles Bukowski details the long, lonely years of his own hardscrabble youth in the raw voice of alter ego Henry Chinaski. From a harrowingly cheerless childhood in Germany through acne-riddled high school years, and his adolescent discoveries of alcohol, women, and the Los Angeles Public Library's collection of D. H. Lawrence, Ham on Rye offers a crude, brutal, and savagely funny portrait of an outcast's coming-of-age during the desperate days of the Great Depression.",Urban Fiction | Coming of Age Fiction | Classic Literature,",#4,291 in Audible Audiobooks & Originals (See Top 100 in Audible Audiobooks & Originals),#18 in Urban Fiction,#33 in Coming of Age Fiction,#231 in Classic Literature",4291.0,7 hours and 38 minutes,458.0,Advanced Only,1,1,1,ham on rye: a novel,charles bukowski,501-1000,531
Hard-Boiled Wonderland and the End of the World,Haruki Murakami,4.5,4.5,669.0,6.507277712385012,1477.0,Unknown,Unknown,Unknown,,Unknown,,Catalog Only,0,0,0,hard-boiled wonderland and the end of the world,haruki murakami,501-1000,0
"Harry Potter and the Deathly Hallows, Book 7",J.K. Rowling,4.7,4.7,8684.0,9.069352678675203,1599.0,Unknown,Unknown,Unknown,,Unknown,,Catalog Only,0,0,0,"harry potter and the deathly hallows, book 7",j.k. rowling,1001+,0
"Harry Potter and the Goblet of Fire, Book 4",J.K. Rowling,4.7,4.7,5485.0,8.60995467149755,1599.0,"""'There will be three tasks, spaced throughout the school year, and they will test the champions in many different ways...their magical prowess - their daring - their powers of deduction - and, of course, their ability to cope with danger.'""",Family Life Fiction for Children | Fantasy & Magic for Children | Fiction on Orphans & Foster Homes for Children,",#46 in Audible Audiobooks & Originals (See Top 100 in Audible Audiobooks & Originals),#2 in Family Life Fiction for Children,#2 in Fantasy & Magic for Children,#2 in Fiction on Orphans & Foster Homes for Children",46.0,22 hours and 17 minutes,1337.0,Both,1,1,1,"harry potter and the goblet of fire, book 4",j.k. rowling,1001+,241
"Harry Potter and the Half-Blood Prince, Book 6",J.K. Rowling,4.7,4.7,7113.0,8.8698199525084,1599.0,"""There it was, hanging in the sky above the school: the blazing green skull with a serpent tongue, the mark Death Eaters left behind whenever they had entered a building...wherever they had murdered....""",Family Life Fiction for Children | Fiction on Friendship for Children | Fiction on Orphans & Foster Homes for Children,",#78 in Audible Audiobooks & Originals (See Top 100 in Audible Audiobooks & Originals),#5 in Family Life Fiction for Children,#5 in Fiction on Friendship for Children,#5 in Fiction on Orphans & Foster Homes for Children",78.0,21 hours and 27 minutes,1287.0,Both,1,1,1,"harry potter and the half-blood prince, book 6",j.k. rowling,1001+,203
"Harry Potter and the Order of the Phoenix, Book 5",J.K. Rowling,4.7,4.7,5583.0,8.627660644442209,1599.0,"""'You are sharing the Dark Lord's thoughts and emotions. The Headmaster thinks it inadvisable for this to continue. He wishes me to teach you how to close your mind to the Dark Lord.'""",Family Life Fiction for Children | Fiction on Friendship for Children | Fiction on Orphans & Foster Homes for Children,",#75 in Audible Audiobooks & Originals (See Top 100 in Audible Audiobooks & Originals),#4 in Family Life Fiction for Children,#4 in Fiction on Friendship for Children,#4 in Fiction on Orphans & Foster Homes for Children",75.0,30 hours and 18 minutes,1818.0,Both,1,1,1,"harry potter and the order of the phoenix, book 5",j.k. rowling,1001+,184
Hashimoto's Protocol: A 90-Day Plan for Reversing Thyroid Symptoms and Getting Your Life Back,Izabella Wentz,4.6,4.6,1469.0,7.293017679772782,12356.0,Unknown,Unknown,Unknown,,Unknown,,Catalog Only,0,0,0,hashimoto's protocol: a 90-day plan for reversing thyroid symptoms and getting your life back,izabella wentz,1001+,0
Head Strong: The Bulletproof Plan to Activate Untapped Brain Energy to Work Smarter and Think Faster - in Just Two Weeks,Dave Asprey,4.5,4.5,722.0,6.583409222158765,12356.0,From the creator of Bulletproof Coffee and author of the best-selling The Bulletproof Diet comes a revolutionary plan to upgrade your brainpower - in two weeks or less.,"Brain & Nervous System Diseases | Diets, Nutrition & Healthy Eating | Biological Sciences",",#2,473 in Audible Audiobooks & Originals (See Top 100 in Audible Audiobooks & Originals),#3 in Brain & Nervous System Diseases,#32 in Diets, Nutrition & Healthy Eating,#37 in Biological Sciences",2473.0,10 hours and 41 minutes,641.0,Advanced Only,1,1,1,head strong: the bulletproof plan to activate untapped brain energy to work smarter and think faster - in just two weeks,dave asprey,501-1000,168
History of the Ancient World: A Global Perspective,Gregory S. Aldrete,,4.5,0.0,0.0,1774.0,Unknown,Unknown,Unknown,,Unknown,,Catalog Only,0,0,0,history of the ancient world: a global perspective,gregory s. aldrete,0-50,0
Hit Refresh,Satya Nadella,4.4,4.4,841.0,6.735780014242327,13442.0,Unknown,Unknown,Unknown,,Unknown,,Both,0,0,0,hit refresh,satya nadella,501-1000,0
Honoring the Self: The Pyschology of Confidence and Respect,Nathaniel Branden PhD,4.4,4.4,131.0,4.882801922586371,1774.0,"""Tell me how a person judges his or her self-esteem"", says pioneering psychologist Nathaniel Branden, ""and I will tell you how that person operates at work, in love, in sex, in parenting, in every important aspect of existence - and how high he or she is likely to rise. The reputation you have with yourself - your self-esteem - is the single most important factor for a fulfilling life.""","Self-Esteem | Personal Success | Mind, Body & Spirit",",#2,630 in Audible Audiobooks & Originals (See Top 100 in Audible Audiobooks & Originals),#29 in Self-Esteem,#374 in Personal Success,#2,813 in Mind, Body & Spirit",2630.0,7 hours and 4 minutes,424.0,Both,1,1,1,honoring the self: the pyschology of confidence and respect,nathaniel branden phd,51-200,389
"How to Listen to and Understand Great Music, 3rd Edition",Robert Greenberg,4.6,4.6,11.0,2.4849066497880004,2008.0,"Great music is a language unto its own, a means of communication of unmatched beauty and genius. And it has an undeniable power to move us in ways that enrich our lives - provided it is understood.",Music Books,",#429 in Music Books",,36 hours and 34 minutes,2194.0,Both,1,1,1,"how to listen to and understand great music, 3rd edition",robert greenberg,0-50,197
How Will You Measure Your Life?,Clayton M. Christensen,4.6,4.6,1181.0,7.074963197966044,10378.0,"In 2010, world-renowned innovation expert Clayton M. Christensen gave a powerful speech to the Harvard Business School's graduating class. Drawing upon his business research, he offered a series of guidelines for finding meaning and happiness in life. He used examples from his own experiences to explain how high achievers can all too often fall into traps that lead to unhappiness.",Unknown,Unknown,,Unknown,,Both,1,0,0,how will you measure your life?,clayton m. christensen,1001+,383
"I Know What to Do, So Why Don't I Do It?: The New Science of Self-Discipline",Nick Hall,4.3,4.3,11.0,2.4849066497880004,2008.0,Unknown,Unknown,Unknown,,Unknown,,Catalog Only,0,0,0,"i know what to do, so why don't i do it?: the new science of self-discipline",nick hall,0-50,0
"In the Zone: Big Nate, Book 6",Lincoln Peirce,4.8,4.8,421.0,6.045005314036012,6423.0,Unknown,Unknown,Unknown,,Unknown,,Both,0,0,0,"in the zone: big nate, book 6",lincoln peirce,201-500,0
Indian Summer: The Secret History of the End of an Empire,Alex von Tunzelmann,4.4,4.4,376.0,5.932245187448011,1545.0,"At midnight on 15 August, 1947, India left the British Empire. This defining moment of world history had been brought about by a handful of people: Jawaharlal Nehru, the fiery Indian prime minister; Mohammed Ali Jinnah, leader of the new nation; and Louis and Edwina Mountbatten, despatched to get Britain out of India.",English History | Indian History | World History,",#539 in Audible Audiobooks & Originals (See Top 100 in Audible Audiobooks & Originals),#2 in English History,#8 in Indian History (Audible Audiobooks & Originals),#12 in World History (Audible Audiobooks & Originals)",539.0,14 hours and 36 minutes,876.0,Both,1,1,1,indian summer: the secret history of the end of an empire,alex von tunzelmann,201-500,319
Influence: The Psychology of Persuasion,Robert B. Cialdini,4.4,4.4,3795.0,8.241703159729818,12356.0,"Influence, the classic book on persuasion, explains the psychology of why people say yes - and how to apply these understandings.",Consumer Behaviour | Marketing | Earth Sciences Books,",#11 in Audible Audiobooks & Originals (See Top 100 in Audible Audiobooks & Originals),#1 in Consumer Behaviour,#1 in Marketing (Audible Audiobooks & Originals),#1 in Earth Sciences Books",11.0,10 hours and 6 minutes,606.0,Both,1,1,1,influence: the psychology of persuasion,robert b. cialdini,1001+,129
Innerline Pass (Hindi Edition),Umesh Pant,4.3,4.3,62.0,4.143134726391533,16771.0,Unknown,Unknown,Unknown,,Unknown,,Catalog Only,0,0,0,innerline pass (hindi edition),umesh pant,51-200,0
Joy on Demand: The Art of Discovering the Happiness Within,Chade-Meng Tan,4.5,4.5,101.0,4.624972813284271,10378.0,Unknown,Unknown,Unknown,,Unknown,,Catalog Only,0,0,0,joy on demand: the art of discovering the happiness within,chade-meng tan,51-200,0
Lair of Dreams: A Diviners Novel,Libba Bray,4.7,4.7,186.0,5.231108616854587,1507.0,Unknown,Unknown,Unknown,,Unknown,,Both,0,0,0,lair of dreams: a diviners novel,libba bray,51-200,0
Last Sacrifice: A Vampire Academy Novel,Richelle Mead,4.7,4.7,1050.0,6.957497370876951,1633.0,Unknown,Unknown,Unknown,,Unknown,,Advanced Only,0,0,0,last sacrifice: a vampire academy novel,richelle mead,1001+,0
Law School for Everyone,The Great Courses,,4.5,0.0,0.0,1774.0,"The skills lawyers wield in courtrooms across the country are the result of years of study. As much as we'd like to cultivate these same skills, the truth is that you cannot know how a lawyer thinks and works without studying the law itself.",Business Careers | Personal Development & Self-Help,",#586 in Audible Audiobooks & Originals (See Top 100 in Audible Audiobooks & Originals),#21 in Business Careers,#1,468 in Personal Development & Self-Help",586.0,25 hours and 17 minutes,1517.0,Both,1,1,1,law school for everyone,the great courses,0-50,241
Learn English: Ultimate Guide to Speaking Business English,Innovative Language Learning LLC,,4.5,0.0,0.0,1876.0,Want to learn English for professional reasons?,English Language Learning | Language Learning & Teaching,",#2,019 in Audible Audiobooks & Originals (See Top 100 in Audible Audiobooks & Originals),#9 in English Language Learning,#639 in Language Learning & Teaching",2019.0,2 hours and 56 minutes,176.0,Both,1,1,1,learn english: ultimate guide to speaking business english,innovative language learning llc,0-50,47
Learn Spanish: Ultimate Guide to Speaking Business Mexican Spanish,Innovative Language Learning,,4.5,0.0,0.0,1876.0,Want to learn Spanish for professional reasons? Then take your Spanish to the next level with Learn Spanish: Ultimate Guide to Speaking Business Mexican Spanish.,Spanish Language Learning | Language Learning & Teaching,",#3,213 in Audible Audiobooks & Originals (See Top 100 in Audible Audiobooks & Originals),#2 in Spanish Language Learning,#1,091 in Language Learning & Teaching",3213.0,3 hours and 27 minutes,207.0,Both,1,1,1,learn spanish: ultimate guide to speaking business mexican spanish,innovative language learning,0-50,161
Lenin's Tomb: The Last Days of the Soviet Empire,David Remnick,4.5,4.5,98.0,4.59511985013459,1759.0,Unknown,Unknown,Unknown,,Unknown,,Catalog Only,0,0,0,lenin's tomb: the last days of the soviet empire,david remnick,51-200,0
Life's Golden Ticket: A Story About Second Chances,Brendon Burchard,4.7,4.7,704.0,6.558197802812269,10378.0,Unknown,Unknown,Unknown,,Unknown,,Catalog Only,0,0,0,life's golden ticket: a story about second chances,brendon burchard,501-1000,0
Malcolm X: A Life of Reinvention,Manning Marable,4.7,4.7,264.0,5.579729825986222,1507.0,Unknown,Unknown,Unknown,,Unknown,,Both,0,0,0,malcolm x: a life of reinvention,manning marable,201-500,0
Maps of Meaning,Jordan B. Peterson,4.7,4.7,773.0,6.651571873589727,1759.0,Jordan B. Peterson's Maps of Meaning is now available for the first time as an audio download!,Psychology | Textbooks & Study Guides,",#587 in Audible Audiobooks & Originals (See Top 100 in Audible Audiobooks & Originals),#47 in Psychology (Audible Audiobooks & Originals),#6,336 in Textbooks & Study Guides",587.0,30 hours and 52 minutes,1852.0,Both,1,1,1,maps of meaning,jordan b. peterson,501-1000,94
"Matthew Henry’s Concise Commentary on the Whole Bible, Vol. 2",Matthew Henry,4.5,4.5,892.0,6.794586580876499,1523.0,Unknown,Unknown,Unknown,,Unknown,,Catalog Only,0,0,0,"matthew henry’s concise commentary on the whole bible, vol. 2",matthew henry,501-1000,0
"Men Are from Mars, Women Are from Venus: The Classic Guide to Understanding the Opposite Sex",John Gray,4.5,4.5,3970.0,8.286773231131251,13345.0,Unknown,Unknown,Unknown,,Unknown,,Both,0,0,0,"men are from mars, women are from venus: the classic guide to understanding the opposite sex",john gray,1001+,0
Million Dollar Habits: 12 Power Practices to Double and Triple Your Income,Brian Tracy,3.8,3.8,5.0,1.791759469228055,1774.0,Accelerate your income... almost overnight!,Small Businesses | Entrepreneurship | Personal Finance,",#1,995 in Audible Audiobooks & Originals (See Top 100 in Audible Audiobooks & Originals),#22 in Small Businesses,#50 in Entrepreneurship (Audible Audiobooks & Originals),#72 in Personal Finance",1995.0,7 hours and 6 minutes,426.0,Both,1,1,1,million dollar habits: 12 power practices to double and triple your income,brian tracy,0-50,43
"Multipliers, Revised and Updated: How the Best Leaders Make Everyone Smarter",Liz Wiseman,4.6,4.6,749.0,6.620073206530356,13345.0,Unknown,Unknown,Unknown,,Unknown,,Both,0,0,0,"multipliers, revised and updated: how the best leaders make everyone smarter",liz wiseman,501-1000,0
Musashi,Eiji Yoshikawa,4.8,4.8,681.0,6.525029657843462,1758.0,Unknown,Unknown,Unknown,,Unknown,,Both,0,0,0,musashi,eiji yoshikawa,501-1000,0
Necronomicon,H. P. Lovecraft,3.4,3.4,7.0,2.079441541679836,1523.0,The only audio edition of Necronomicon authorized by the H. P. Lovecraft Estate!,Unknown,Unknown,,Unknown,,Both,1,0,0,necronomicon,h. p. lovecraft,0-50,80
Nevertheless: A Memoir,Alec Baldwin,4.3,4.3,203.0,5.318119993844216,10873.0,Unknown,Unknown,Unknown,,Unknown,,Catalog Only,0,0,0,nevertheless: a memoir,alec baldwin,201-500,0
On the Origin of Species: By Means of Natural Selection,Charles Darwin,4.4,4.4,134.0,4.90527477843843,2274.0,"On the Origin of Species (1859) by Charles Darwin is a work of scientific literature considered to be the foundation of evolutionary biology. The book introduced the theory that populations evolve over the course of generations through a process of natural selection, backed by a body of evidence that the diversity of life arose by common descent through a branching pattern of evolution. The evidence was gathered on the Beagle expedition in the 1830s and the author’s subsequent findings from research, correspondence, and experimentation. Darwin’s theory that species derive from other species by a gradual evolutionary process and that the average level of each species is heightened by the “survival of the fittest” stirred controversy and opposition. Darwin's concept of evolutionary adaptation through natural selection has become the unifying concept of the life sciences.",Evolution | Biology | Biology Books,",#4,450 in Audible Audiobooks & Originals (See Top 100 in Audible Audiobooks & Originals),#17 in Evolution,#21 in Biology (Audible Audiobooks & Originals),#1,166 in Biology Books",4450.0,16 hours and 5 minutes,965.0,Both,1,1,1,on the origin of species: by means of natural selection,charles darwin,51-200,881
On War,Carl Von Clausewitz,3.6,3.6,178.0,5.187385805840755,1969.0,"Carl von Clausewitz was a Prussian general and military theorist. On War (also widely known by its German name Vom Kriege) is considered to be Clausewitz’s magnum opus, despite the fact it remained unfinished at the time of his death.",Military Strategy | Popular Culture Studies | Military History (Books),",#2,849 in Audible Audiobooks & Originals (See Top 100 in Audible Audiobooks & Originals),#4 in Military Strategy,#14 in Popular Culture Studies,#438 in Military History (Books)",2849.0,11 hours and 22 minutes,682.0,Both,1,1,1,on war,carl von clausewitz,51-200,234
On Writing Well: Audio Collection,William Zinsser,4.6,4.6,1411.0,7.252762418053187,4445.0,"This expanded audio collection presents William Zinsser's On Writing Well, the classic teaching book that has sold more than 1 million copies, together with a new 90-minute section that tells you how to write a memoir.",Business Writing | Education | Writing Guides (Books),",#3,977 in Audible Audiobooks & Originals (See Top 100 in Audible Audiobooks & Originals),#6 in Business Writing,#34 in Education (Audible Audiobooks & Originals),#359 in Writing Guides (Books)",3977.0,2 hours and 23 minutes,143.0,Both,1,1,1,on writing well: audio collection,william zinsser,1001+,218
One Small Step Can Change Your Life: The Kaizen Way to Success,Dr. Robert Maurer,4.6,4.6,673.0,6.513230110912307,1774.0,The kaizen way to change your life.,Business Motivation & Self-Improvement | Personal Success | Analysis & Strategy,",#890 in Audible Audiobooks & Originals (See Top 100 in Audible Audiobooks & Originals),#40 in Business Motivation & Self-Improvement,#160 in Personal Success,#1,416 in Analysis & Strategy",890.0,7 hours and 17 minutes,437.0,Both,1,1,1,one small step can change your life: the kaizen way to success,dr. robert maurer,501-1000,35
Open: The Autobiography,Andre Agassi,4.7,4.7,2954.0,7.991253929840199,5709.0,He is one of the most beloved athletes in history and one of the most gifted men ever to step onto a tennis court - but from early childhood Andre Agassi hated the game.,Unknown,",            5 star,          ,            ,              77%,            ,",,6 hours and 28 minutes,388.0,Both,1,0,1,open: the autobiography,andre agassi,1001+,169
Out of Your Mind,Alan Watts,4.7,4.7,169.0,5.135798437050262,1641.0,Unknown,Unknown,Unknown,,Unknown,,Catalog Only,0,0,0,out of your mind,alan watts,51-200,0
Papillon,Henri Charriere,4.7,4.7,926.0,6.831953565565855,17301.0,Unknown,Unknown,Unknown,,Unknown,,Both,0,0,0,papillon,henri charriere,501-1000,0
Personal History,Katharine Graham,4.5,4.5,298.0,5.700443573390687,1759.0,Unknown,Unknown,Unknown,,Unknown,,Catalog Only,0,0,0,personal history,katharine graham,201-500,0
Philosophy and the Law: How Judges Reason,Professor Stephen Mathis,,4.5,0.0,0.0,1673.0,Unknown,Unknown,Unknown,,Unknown,,Catalog Only,0,0,0,philosophy and the law: how judges reason,professor stephen mathis,0-50,0
Post Office: A Novel,Charles Bukowski,4.5,4.5,844.0,6.739336627357174,8895.0,Unknown,Unknown,Unknown,,Unknown,,Both,0,0,0,post office: a novel,charles bukowski,501-1000,0
Predictably Irrational: The Hidden Forces That Shape Our Decisions,Dan Ariely,4.5,4.5,2130.0,7.664346632098617,5709.0,Why do smart people make irrational decisions every day? The answers will surprise you.,Textbooks & Study Guides,",#2,089 in Textbooks & Study Guides",,7 hours and 24 minutes,444.0,Both,1,1,1,predictably irrational: the hidden forces that shape our decisions,dan ariely,1001+,87
Quiet Leadership: Six Steps to Transforming Performance at Work,David Rock,4.5,4.5,196.0,5.2832037287379885,10378.0,"Improving the performance of your employees involves one of the hardest challenges in the known universe: changing the way they think. In constant demand as a coach, speaker, and consultant to companies around the world, David Rock has proven that the secret to leading people (and living and working with them) is found in the space between their ears. ""If people are being paid to think,"" he writes, ""isn't it time the business world found out what the thing doing the work, the brain, is all about?"" Supported by the latest groundbreaking research, Quiet Leadership provides a brain-based approach that will help busy leaders, executives, and managers improve their own and their colleagues' performance. Rock offers a practical, six-step guide to making permanent workplace performance change by unleashing higher productivity, new levels of morale, and greater job satisfaction.",Business Careers | Leadership | Analysis & Strategy,",#3,464 in Audible Audiobooks & Originals (See Top 100 in Audible Audiobooks & Originals),#100 in Business Careers,#155 in Leadership,#5,726 in Analysis & Strategy",3464.0,6 hours and 57 minutes,417.0,Both,1,1,1,quiet leadership: six steps to transforming performance at work,david rock,51-200,883
Reagan: The Life,H. W. Brands,4.5,4.5,251.0,5.529429087511423,1759.0,Unknown,Unknown,Unknown,,Unknown,,Advanced Only,0,0,0,reagan: the life,h. w. brands,201-500,0
Reminiscences of a Stock Operator,Edwin Lefevre,,4.5,0.0,0.0,1805.0,Unknown,Unknown,Unknown,,Unknown,,Catalog Only,0,0,0,reminiscences of a stock operator,edwin lefevre,0-50,0
Remote Viewing and Remote Influencing: The Next Evolution in Mind Power,Dennis Higgins PH.D.,,4.5,0.0,0.0,1774.0,Unknown,Unknown,Unknown,,Unknown,,Both,0,0,0,remote viewing and remote influencing: the next evolution in mind power,dennis higgins ph.d.,0-50,0
Rethinking Narcissism: The Bad - and Surprising Good - About Feeling Special,Dr. Craig Malkin,4.6,4.6,257.0,5.552959584921617,10378.0,Unknown,Unknown,Unknown,,Unknown,,Catalog Only,0,0,0,rethinking narcissism: the bad - and surprising good - about feeling special,dr. craig malkin,201-500,0
Sales Revelation: Best of 45 Master Courses Reveals the Final Word in Sales,Brian Tracy,,4.5,0.0,0.0,2008.0,"Become the sustaining resource as a sales professional or entrepreneur in today's tough competitive market. The way people buy may change, the way people sell only gets better.",Business Sales | Analysis & Strategy | Textbooks & Study Guides,",#2,109 in Audible Audiobooks & Originals (See Top 100 in Audible Audiobooks & Originals),#34 in Business Sales,#3,364 in Analysis & Strategy,#23,671 in Textbooks & Study Guides",2109.0,11 hours and 56 minutes,716.0,Both,1,1,1,sales revelation: best of 45 master courses reveals the final word in sales,brian tracy,0-50,176
Secrets of the Millionaire Mind in Turbulent Times,T. Harv Eker,,4.5,0.0,0.0,1774.0,Now your economy can ALWAYS be booming!,Personal Success | Personal Development & Self-Help,",#2,732 in Audible Audiobooks & Originals (See Top 100 in Audible Audiobooks & Originals),#383 in Personal Success,#5,660 in Personal Development & Self-Help",2732.0,8 hours and 13 minutes,493.0,Both,1,1,1,secrets of the millionaire mind in turbulent times,t. harv eker,0-50,39
Secrets of the Millionaire Mind: Mastering the Inner Game of Wealth,T. Harv Eker,4.6,4.6,952.0,6.859614903654202,10378.0,Secrets of the Millionaire Mind reveals the missing link between wanting success and achieving it!,Entrepreneurship | Business Motivation & Self-Improvement | Investing & Trading,",#21 in Audible Audiobooks & Originals (See Top 100 in Audible Audiobooks & Originals),#1 in Entrepreneurship (Audible Audiobooks & Originals),#1 in Business Motivation & Self-Improvement,#4 in Investing & Trading",21.0,5 hours and 10 minutes,310.0,Both,1,1,1,secrets of the millionaire mind: mastering the inner game of wealth,t. harv eker,501-1000,98
Self Leadership and the One Minute Manager: Gain the Mindset and Skillset for Getting What You Need to Succeed,Ken Blanchard,4.7,4.7,84.0,4.442651256490317,4700.0,"Twenty years after creating the phenomenal best-selling classic The One Minute Manager, Ken Blanchard returns to its roots with the most powerful and essential title in the series as he explores the skills needed to empower yourself to success.",Business Development | Biographies of Business Leaders | Personal Success,",#681 in Audible Audiobooks & Originals (See Top 100 in Audible Audiobooks & Originals),#10 in Business Development (Audible Audiobooks & Originals),#18 in Biographies of Business Leaders,#126 in Personal Success",681.0,2 hours and 39 minutes,159.0,Both,1,1,1,self leadership and the one minute manager: gain the mindset and skillset for getting what you need to succeed,ken blanchard,51-200,244
Sexual Intelligence: What We Really Want from Sex - and How to Get It,Marty Klein,4.6,4.6,70.0,4.262679877041316,10873.0,"In Sexual Intelligence, Dr. Marty Klein shows how our ideas about sex - and ourselves - are more important than a perfect body or exotic techniques. With many engaging examples from his thirty-year private practice, Marty provides a robust, practical perspective that makes it impossible for people to fail at sex - because they don't aim for success.",Sex Instruction | Human Sexuality Psychology | Love & Romance,",#606 in Audible Audiobooks & Originals (See Top 100 in Audible Audiobooks & Originals),#2 in Sex Instruction,#2 in Human Sexuality Psychology,#7 in Love & Romance",606.0,7 hours and 35 minutes,455.0,Both,1,1,1,sexual intelligence: what we really want from sex - and how to get it,marty klein,51-200,351
Sherlock Holmes: The Definitive Collection,Arthur Conan Doyle,5.0,5.0,6.0,1.9459101490553128,3037.0,"Now updated to include Chapter Name Information, so you can easily find your favourite story or novel","Private Investigator Mysteries | Crime, Thriller & Mystery (Books)",",#15 in Audible Audiobooks & Originals (See Top 100 in Audible Audiobooks & Originals),#1 in Private Investigator Mysteries,#14 in Crime, Thriller & Mystery (Books)",15.0,71 hours and 57 minutes,4317.0,Both,1,1,1,sherlock holmes: the definitive collection,arthur conan doyle,0-50,101
Shogun: The Epic Novel of Japan,James Clavell,4.7,4.7,2157.0,7.67693714581808,1758.0,Unknown,Unknown,Unknown,,Unknown,,Catalog Only,0,0,0,shogun: the epic novel of japan,james clavell,1001+,0
Sidney Sheldon's Angel of the Dark,Sidney Sheldon,4.4,4.4,563.0,6.335054251498059,12356.0,Unknown,Unknown,Unknown,,Unknown,,Both,0,0,0,sidney sheldon's angel of the dark,sidney sheldon,501-1000,0
Sidney Sheldon's Reckless,Sidney Sheldon,4.1,4.1,452.0,6.115892125483034,8735.0,Unknown,Unknown,Unknown,,Unknown,,Both,0,0,0,sidney sheldon's reckless,sidney sheldon,201-500,0
Sleep Programming Spiritual Breakthrough: Listen as You Go to Sleep to Program Your Mind with New Beliefs,Dick Sutphen,,4.5,0.0,0.0,1774.0,"The ultimate deep-brain sleep programming mega-kit for Spiritual Breakthrough... As you relax and drift into first-stage sleep, the cycle per second of your brain slows down to ""Alpha"" level. The second level of ""Theta"" precedes deep ""Delta"" sleep. ""Alpha"" and ""Delta"" are also the levels accessed for hypnosis programming. So sleep programming suggestions delivered at these mental levels are as effective as hypnotic mind programming. Dick Sutphen's Sleep Programming is an extraordinarily powerful audio experience that will super-charge your subconscious to positively change your most basic beliefs.",Self-Hypnosis | Personal Success | Personal Development & Self-Help,",#5,055 in Audible Audiobooks & Originals (See Top 100 in Audible Audiobooks & Originals),#22 in Self-Hypnosis,#665 in Personal Success,#10,606 in Personal Development & Self-Help",5055.0,8 hours and 13 minutes,493.0,Both,1,1,1,sleep programming spiritual breakthrough: listen as you go to sleep to program your mind with new beliefs,dick sutphen,0-50,604
"Stealing Fire: How Silicon Valley, the Navy SEALs, and Maverick Scientists Are Revolutionizing the Way We Live and Work",Steven Kotler,4.4,4.4,503.0,6.222576268071369,11862.0,"The authors of the best-selling Bold and The Rise of Superman explore altered states of consciousness and how they can ignite passion, fuel creativity, and accelerate problem solving, in this groundbreaking book in the vein of Daniel Pink's Drive and Charles Duhigg's Smarter Faster Better.",Pharmacology | Creativity & Genius | Technology & Society,",#1,470 in Audible Audiobooks & Originals (See Top 100 in Audible Audiobooks & Originals),#1 in Pharmacology (Audible Audiobooks & Originals),#4 in Creativity & Genius,#7 in Technology & Society",1470.0,8 hours and 24 minutes,504.0,Both,1,1,1,"stealing fire: how silicon valley, the navy seals, and maverick scientists are revolutionizing the way we live and work",steven kotler,501-1000,290
Super Immunity: A Breakthrough Program to Boost the Body's Defenses and Stay Healthy All Year Round,Joel Fuhrman,4.6,4.6,1112.0,7.014814351275545,10378.0,Unknown,Unknown,Unknown,,Unknown,,Both,0,0,0,super immunity: a breakthrough program to boost the body's defenses and stay healthy all year round,joel fuhrman,1001+,0
Sustaining Presence in the Face of Catastrophe: Teachings on Awakening to Our Essential Nature,Eckhart Tolle,,4.5,0.0,0.0,1477.0,Unknown,Unknown,Unknown,,Unknown,,Catalog Only,0,0,0,sustaining presence in the face of catastrophe: teachings on awakening to our essential nature,eckhart tolle,0-50,0
Switchwords: How to Use One Word to Get What You Want,Liz Dean,4.3,4.3,214.0,5.3706380281276624,5373.0,Unknown,Unknown,Unknown,,Unknown,,Catalog Only,0,0,0,switchwords: how to use one word to get what you want,liz dean,201-500,0
Synchrodestiny: Discover the Power of Meaningful Coincidence to Manifest Abundance in Your Life,Deepak Chopra,,4.5,0.0,0.0,1774.0,Unknown,Unknown,Unknown,,Unknown,,Both,0,0,0,synchrodestiny: discover the power of meaningful coincidence to manifest abundance in your life,deepak chopra,0-50,0
Tales of Horror and Suspense: 50 Great Classic Horror Stories,H. P. Lovecraft,5.0,5.0,2.0,1.0986122886681098,3416.0,Unknown,Unknown,Unknown,,Unknown,,Catalog Only,0,0,0,tales of horror and suspense: 50 great classic horror stories,h. p. lovecraft,0-50,0
Tears to Triumph: The Spiritual Journey from Suffering to Enlightenment,Marianne Williamson,4.6,4.6,365.0,5.902633333401366,10378.0,Unknown,Unknown,Unknown,,Unknown,,Both,0,0,0,tears to triumph: the spiritual journey from suffering to enlightenment,marianne williamson,201-500,0
Ten Things I Love About You,Julia Quinn,4.4,4.4,144.0,4.976733742420574,10378.0,Unknown,Unknown,Unknown,,Unknown,,Catalog Only,0,0,0,ten things i love about you,julia quinn,51-200,0
"Thaumaturge: Spellmonger, Book 11",Terry Mancour,4.7,4.7,167.0,5.123963979403259,1675.0,The Spellmonger in exile!,Unknown,Unknown,,Unknown,,Both,1,0,0,"thaumaturge: spellmonger, book 11",terry mancour,51-200,25
"The 1,000-Year-Old Boy",Ross Welford,4.7,4.7,393.0,5.976350909297934,5709.0,Unknown,Unknown,Unknown,,Unknown,,Catalog Only,0,0,0,"the 1,000-year-old boy",ross welford,201-500,0
The 22 Immutable Laws of Branding,Al Ries,4.5,4.5,378.0,5.937536205082426,10873.0,This marketing classic has been expanded to include new commentary and a bonus book: The 11 Immutable Laws of Internet Branding.,Consumer Behaviour | International Business | Advertising,",#1,689 in Audible Audiobooks & Originals (See Top 100 in Audible Audiobooks & Originals),#8 in Consumer Behaviour,#8 in International Business (Audible Audiobooks & Originals),#8 in Advertising",1689.0,8 hours and 8 minutes,488.0,Both,1,1,1,the 22 immutable laws of branding,al ries,201-500,128
The 22 Immutable Laws of Marketing,Al Ries,4.5,4.5,758.0,6.63200177739563,7906.0,"There are laws of nature, so why shouldn’t there be laws of marketing?",Unknown,Unknown,,Unknown,,Both,1,0,0,the 22 immutable laws of marketing,al ries,501-1000,70
The 5AM Club: Own Your Morning. Elevate Your Life.,Robin Sharma,4.4,4.4,5116.0,8.540323608805092,8735.0,"Legendary leadership and elite performance expert Robin Sharma introduced The 5AM Club concept over 20 years ago, based on a revolutionary morning routine that has helped his clients maximise their productivity, activate their best health and bulletproof their serenity in this age of overwhelming complexity.",Sleep Disorders | Personal Success | Healthy Living & Wellness,",#8 in Audible Audiobooks & Originals (See Top 100 in Audible Audiobooks & Originals),#1 in Sleep Disorders,#6 in Personal Success,#8 in Healthy Living & Wellness",8.0,11 hours and 4 minutes,664.0,Both,1,1,1,the 5am club: own your morning. elevate your life.,robin sharma,1001+,309
The ABC Murders,Hugh Fraser,4.5,4.5,1098.0,7.002155954403621,8735.0,Unknown,Unknown,Unknown,,Unknown,,Both,0,0,0,the abc murders,hugh fraser,1001+,0
The Accelerated Learning German System,Colin Rose,,4.5,0.0,0.0,1774.0,Unknown,Unknown,Unknown,,Unknown,,Catalog Only,0,0,0,the accelerated learning german system,colin rose,0-50,0
"The Achievement Habit: Stop Wishing, Start Doing, and Take Command of Your Life",Bernard Roth,4.2,4.2,223.0,5.41164605185504,10378.0,Unknown,Unknown,Unknown,,Unknown,,Both,0,0,0,"the achievement habit: stop wishing, start doing, and take command of your life",bernard roth,201-500,0
The Alchemist: A Fable About Following Your Dream,Paulo Coelho,4.6,4.6,28237.0,10.248423867569471,10378.0,Unknown,"Metaphysical & Visionary Fiction | Literary Fiction | Crime, Thriller & Mystery (Books)",",#10 in Audible Audiobooks & Originals (See Top 100 in Audible Audiobooks & Originals),#1 in Metaphysical & Visionary Fiction,#1 in Literary Fiction,#6 in Crime, Thriller & Mystery (Books)",10.0,4 hours,240.0,Both,0,1,1,the alchemist: a fable about following your dream,paulo coelho,1001+,0
The Art of Living: Peace and Freedom in the Here and Now,Thich Nhat Hanh,4.8,4.8,327.0,5.793013608384144,8895.0,Unknown,Unknown,Unknown,,Unknown,,Both,0,0,0,the art of living: peace and freedom in the here and now,thich nhat hanh,201-500,0
The Art of Memoir,Mary Karr,4.4,4.4,378.0,5.937536205082426,10378.0,"Credited with sparking the current memoir explosion, Mary Karr's The Liars' Club spent more than a year at the top of the New York Times list. She followed with two other smash best sellers: Cherry and Lit, which were critical hits as well.","Writing, Research & Publishing Guides | Literary History & Criticism | Words, Language & Grammar",",#3,142 in Audible Audiobooks & Originals (See Top 100 in Audible Audiobooks & Originals),#11 in Writing, Research & Publishing Guides,#22 in Literary History & Criticism,#26 in Words, Language & Grammar (Audible Audiobooks & Originals)",3142.0,7 hours and 20 minutes,440.0,Advanced Only,1,1,1,the art of memoir,mary karr,201-500,240
The Best and the Brightest,David Halberstam,4.5,4.5,287.0,5.662960480135946,1759.0,Unknown,Unknown,Unknown,,Unknown,,Catalog Only,0,0,0,the best and the brightest,david halberstam,201-500,0
The Best of Les Brown Audio Collection: Inspiration from the World’s Leading Motivational Speaker,Les Brown,4.4,4.4,21.0,3.091042453358316,1759.0,Unknown,Unknown,Unknown,,Unknown,,Catalog Only,0,0,0,the best of les brown audio collection: inspiration from the world’s leading motivational speaker,les brown,0-50,0
The Book of M: A Novel,Peng Shepherd,4.2,4.2,238.0,5.476463551931511,18290.0,Unknown,Unknown,Unknown,,Unknown,,Catalog Only,0,0,0,the book of m: a novel,peng shepherd,201-500,0
The Born to Win Seminar,Zig Ziglar,4.6,4.6,419.0,6.040254711277414,2008.0,Discover your untapped greatness and how to win at life...in two days flat!,Personal Success | Personal Development & Self-Help,",#3,232 in Audible Audiobooks & Originals (See Top 100 in Audible Audiobooks & Originals),#448 in Personal Success,#6,808 in Personal Development & Self-Help",3232.0,15 hours and 3 minutes,903.0,Both,1,1,1,the born to win seminar,zig ziglar,201-500,75
The Brothers Karamazov [Jimcin Recordings Edition],Walter Covell,4.4,4.4,164.0,5.10594547390058,2814.0,Unknown,Unknown,Unknown,,Unknown,,Advanced Only,0,0,0,the brothers karamazov [jimcin recordings edition],walter covell,51-200,0
The Cartiers: The Untold Story of the Family Behind the Jewelry Empire,Francesca Cartier Brickell,4.7,4.7,189.0,5.247024072160486,1507.0,"""A dynamic group biography studded with design history and high-society dash.... [This] elegantly wrought narrative bears the Cartier hallmark."" (The Economist)",Unknown,Unknown,,Unknown,,Both,1,0,0,the cartiers: the untold story of the family behind the jewelry empire,francesca cartier brickell,51-200,160
"The Complete Conversations with God: An Uncommon Dialogue: Books I, II & III",Neale Donald Walsch,4.7,4.7,792.0,6.675823221634848,1640.0,Unknown,Unknown,Unknown,,Unknown,,Both,0,0,0,"the complete conversations with god: an uncommon dialogue: books i, ii & iii",neale donald walsch,501-1000,0
The Complete Stories of Sherlock Holmes,Arthur Conan Doyle,4.6,4.6,508.0,6.2324480165505225,2251.0,"Here in one recording is every Sherlock Holmes story ever written by Sir Arthur Conan Doyle. Originally appearing in serial form, these famous stories are here presented in the order in which they were first published beginning in 1887. Included in this definitive, awardwinning collection are four novels and 56 short stories, a total of 60 titles. The 56 short stories are aggregated into five named collections, just as they were originally published in book form. The contents of this recording are presented by date of publication as follows:A Study in Scarlett (novel – 1887) 4 hours, 45 minutesThe Sign of Four (novel – 1890) 4 hours, 39 minutesAdventures of Sherlock Holmes (12 short stories – 18911892) 10 hours, 52 minutesThe Memoirs of Sherlock Holmes (11 short stories – 18921893) 9 hours, 21 minutesThe Return of Sherlock Holmes (13 short stories – 19031904) 12 hours, 12 minutesThe Hound of the Baskervilles (novel – 19011902) 6 hours, 18 minutesThe Valley of Fear (novel – 19141915) 6 hours, 7 minutesHis Last Bow (8 short stories – 19081917) 7 hours, 30 minutesThe Case Book of Sherlock Holmes (12 short stories – 19211927) 9 hours",Literature Anthologies | Traditional Detective Mysteries | Anthologies (Books),",#181 in Audible Audiobooks & Originals (See Top 100 in Audible Audiobooks & Originals),#1 in Literature Anthologies,#1 in Traditional Detective Mysteries,#45 in Anthologies (Books)",181.0,70 hours and 48 minutes,4248.0,Both,1,1,1,the complete stories of sherlock holmes,arthur conan doyle,501-1000,1147
The Confidence Code: The Science and Art of Self-Assurance - What Women Should Know,Katty Kay,4.4,4.4,538.0,6.289715570908998,10378.0,Unknown,Unknown,Unknown,,Unknown,,Catalog Only,0,0,0,the confidence code: the science and art of self-assurance - what women should know,katty kay,501-1000,0
The Dance of Anger: A Woman's Guide to Changing the Patterns of Intimate Relationships,Harriet Lerner,4.6,4.6,1131.0,7.0317412587631285,10378.0,Unknown,Unknown,Unknown,,Unknown,,Catalog Only,0,0,0,the dance of anger: a woman's guide to changing the patterns of intimate relationships,harriet lerner,1001+,0
The Devil and Miss Prym: A Novel of Temptation,Paulo Coelho,4.4,4.4,233.0,5.455321115357702,9390.0,Unknown,Unknown,Unknown,,Unknown,,Advanced Only,0,0,0,the devil and miss prym: a novel of temptation,paulo coelho,201-500,0
"The Disease Delusion: Conquering the Causes of Chronic Illness for a Healthier, Longer, and Happier Life",Dr. Jeffrey S. Bland,4.7,4.7,259.0,5.560681631015528,12356.0,Disease care vs health care: Which would you choose?,Unknown,Unknown,,Unknown,,Both,1,0,0,"the disease delusion: conquering the causes of chronic illness for a healthier, longer, and happier life",dr. jeffrey s. bland,201-500,52
The Duchess Deal,Tessa Dare,4.6,4.6,955.0,6.862757913051401,8062.0,Winner of the 2018 Audie award for best romance.,Regency Romance | Romantic Comedy | Contemporary Romance,",#2,074 in Audible Audiobooks & Originals (See Top 100 in Audible Audiobooks & Originals),#8 in Regency Romance,#20 in Romantic Comedy,#68 in Contemporary Romance (Audible Audiobooks & Originals)",2074.0,7 hours and 56 minutes,476.0,Both,1,1,1,the duchess deal,tessa dare,501-1000,48
The E-Myth Revisited: Why Most Small Businesses Don't Work and What to Do About It,Michael E. Gerber,4.6,4.6,3021.0,8.013674142832684,11862.0,Unknown,Small Businesses | Self-Esteem | Entrepreneurship,",#416 in Audible Audiobooks & Originals (See Top 100 in Audible Audiobooks & Originals),#7 in Small Businesses,#7 in Self-Esteem,#15 in Entrepreneurship (Audible Audiobooks & Originals)",416.0,8 hours and 5 minutes,485.0,Both,0,1,1,the e-myth revisited: why most small businesses don't work and what to do about it,michael e. gerber,1001+,0
The Effective Executive: The Definitive Guide to Getting the Right Things Done,Peter F. Drucker,4.6,4.6,645.0,6.470799503782602,10378.0,"A commemorative edition of Peter F. Drucker's timeless classic work on leadership and management, with a foreword by Jim Collins.",Leadership | Business Management | Analysis & Strategy,",#400 in Audible Audiobooks & Originals (See Top 100 in Audible Audiobooks & Originals),#20 in Leadership,#28 in Business Management,#696 in Analysis & Strategy",400.0,6 hours and 15 minutes,375.0,Both,1,1,1,the effective executive: the definitive guide to getting the right things done,peter f. drucker,501-1000,129
The Einstein Factor: A Proven New Method for Increasing Your Intelligence,Win Wenger,4.3,4.3,55.0,4.02535169073515,1774.0,Unknown,Creativity & Genius | Self-Esteem | Personal Success,",#5,272 in Audible Audiobooks & Originals (See Top 100 in Audible Audiobooks & Originals),#17 in Creativity & Genius,#60 in Self-Esteem,#698 in Personal Success",5272.0,7 hours and 49 minutes,469.0,Both,0,1,1,the einstein factor: a proven new method for increasing your intelligence,win wenger,51-200,0
"The Fabric of the Cosmos: Space, Time, and the Texture of Reality",Brian Greene,4.6,4.6,664.0,6.499787040655854,1633.0,"From Brian Greene, one of the world’s leading physicists, comes a grand tour of the universe that makes us look at reality in a completely different way.",Cosmology | Philosophy & Science | Astronomy,",#1,908 in Audible Audiobooks & Originals (See Top 100 in Audible Audiobooks & Originals),#8 in Cosmology,#10 in Philosophy & Science,#11 in Astronomy (Audible Audiobooks & Originals)",1908.0,22 hours and 36 minutes,1356.0,Both,1,1,1,"the fabric of the cosmos: space, time, and the texture of reality",brian greene,501-1000,153
The Fall and Rise of China,Richard Baum,5.0,5.0,2.0,1.0986122886681098,1774.0,"How can we account for China’s momentous - and almost wholly unanticipated - global rise? And what does it mean, for us in the West and for humanity’s future?",Ancient History | World History | Ancient History (Books),",#4,725 in Audible Audiobooks & Originals (See Top 100 in Audible Audiobooks & Originals),#24 in Ancient History (Audible Audiobooks & Originals),#80 in World History (Audible Audiobooks & Originals),#397 in Ancient History (Books)",4725.0,24 hours and 8 minutes,1448.0,Advanced Only,1,1,1,the fall and rise of china,richard baum,0-50,158
"The Five Forces of Wellness: The Ultraprevention System for Living an Active, Age-Defying, Disease-Free Life",Dr. Mark Hyman,4.6,4.6,15.0,2.772588722239781,1774.0,Unknown,Unknown,Unknown,,Unknown,,Catalog Only,0,0,0,"the five forces of wellness: the ultraprevention system for living an active, age-defying, disease-free life",dr. mark hyman,0-50,0
The Great Short Story Collection: 66 Classic Gems of the Short Story Genre,Barry Pain,,4.5,0.0,0.0,2657.0,"The short story is considered to be one of the most challenging genres because of the need for compact plotlines and the ability to conjure up atmosphere and character in a few sentences and to engage the reader instantly. This collection presents 66 of the greatest examples of the genre - many of them well known, some hidden literary treasures, all of them exquisite examples of the short story at its finest.",Classic Literature | Classic Fiction (Books),",#4,951 in Audible Audiobooks & Originals (See Top 100 in Audible Audiobooks & Originals),#267 in Classic Literature,#4,709 in Classic Fiction (Books)",4951.0,26 hours and 22 minutes,1582.0,Both,1,1,1,the great short story collection: 66 classic gems of the short story genre,barry pain,0-50,412
The Happiness Project,Gretchen Rubin,4.3,4.3,1994.0,7.598399329323964,13345.0,Unknown,Unknown,Unknown,,Unknown,,Both,0,0,0,the happiness project,gretchen rubin,1001+,0
The Hard Thing About Hard Things: Building a Business When There Are No Easy Answers,Ben Horowitz,4.6,4.6,1886.0,7.54274354536855,11862.0,Unknown,Unknown,Unknown,,Unknown,,Both,0,0,0,the hard thing about hard things: building a business when there are no easy answers,ben horowitz,1001+,0
The History of Ancient Egypt,Bob Brier,4.8,4.8,5.0,1.791759469228055,1774.0,Unknown,Unknown,Unknown,,Unknown,,Catalog Only,0,0,0,the history of ancient egypt,bob brier,0-50,0
"The History of the United States, 2nd Edition",The Great Courses,5.0,5.0,5.0,1.791759469228055,2008.0,Unknown,Unknown,Unknown,,Unknown,,Advanced Only,0,0,0,"the history of the united states, 2nd edition",the great courses,0-50,0
The History of World Literature,Grant L. Voth,,4.5,0.0,0.0,1774.0,"Whether around the campfire, between the covers of a great book, or in the theater, the desire to tell stories has been a common human impulse for thousands of years. These 48 lectures take you on a journey through time and around the world- from the enormous auditoriums of ancient Greece to a quiet study in the home of a 19th-century New England spinster- to introduce the history of world literature.",Unknown,Unknown,,Unknown,,Both,1,0,0,the history of world literature,grant l. voth,0-50,404
The Hollow,Hugh Fraser,4.4,4.4,264.0,5.579729825986222,5709.0,Unknown,Unknown,Unknown,,Unknown,,Catalog Only,0,0,0,the hollow,hugh fraser,201-500,0
The Hormone Reset Diet: Heal Your Metabolism to Lose Up to 15 Pounds in 21 Days,Sara Gottfried,4.0,4.0,1082.0,6.987490247000991,10378.0,Unknown,Unknown,Unknown,,Unknown,,Catalog Only,0,0,0,the hormone reset diet: heal your metabolism to lose up to 15 pounds in 21 days,sara gottfried,1001+,0
The Hypnosis Collection - Law of Attraction: Four Complete Life-Changing Hypnosis Programs for Manifesting Mastery,Inspire3 Hypnosis,,4.5,0.0,0.0,3037.0,"How would it feel to be able to attract what you want in life? You can manifest love, wealth, happiness and success. Discover attraction techniques that really work - today.",Self-Hypnosis | Personal Development & Self-Help,",#4,591 in Audible Audiobooks & Originals (See Top 100 in Audible Audiobooks & Originals),#20 in Self-Hypnosis,#9,563 in Personal Development & Self-Help",4591.0,3 hours and 40 minutes,220.0,Both,1,1,1,the hypnosis collection - law of attraction: four complete life-changing hypnosis programs for manifesting mastery,inspire3 hypnosis,0-50,173
The Intelligent Investor Rev Ed.,Benjamin Graham,4.4,4.4,9339.0,9.142061531222888,18290.0,The Classic Text Annotated to Update Graham's Timeless Wisdom for Today's Market Conditions,Personal Finance | Investing & Trading | Analysis & Strategy,",#7 in Audible Audiobooks & Originals (See Top 100 in Audible Audiobooks & Originals),#1 in Personal Finance,#1 in Investing & Trading,#4 in Analysis & Strategy",7.0,17 hours and 48 minutes,1068.0,Both,1,1,1,the intelligent investor rev ed.,benjamin graham,1001+,91
The Interpretation of Dreams,Sigmund Freud,3.6,3.6,18.0,2.9444389791664403,1682.0,"The Interpretation of Dreams by Sigmund Freud is one of the most significant books of the 20th century. Though dreams and their role in human consciousness have been a continuing thread in religion and art and life down the centuries, Freud's look at the subject through the prism of his emerging practice and study of psychoanalysis provided a startlingly new and challenging perspective. First published in German in 1899, it sold slowly; but over the following decade he revised and expanded it in response to his experiences working with patients, reviewing his own dreams, and discussions and debates with colleagues. It was translated into numerous languages.",Science | Earth Sciences Books | Psychology,",#2,048 in Audible Audiobooks & Originals (See Top 100 in Audible Audiobooks & Originals),#87 in Science,#148 in Earth Sciences Books,#153 in Psychology (Audible Audiobooks & Originals)",2048.0,25 hours and 49 minutes,1549.0,Both,1,1,1,the interpretation of dreams,sigmund freud,0-50,665
The Journey Into Yourself,Eckhart Tolle,,4.5,0.0,0.0,1875.0,"The Now is inseparable from who you are at the deepest level. It is the prerequisite of Being. As you listen to the words on this tape, you participate in the retreat. To ""retreat"" means to step back - not only from the outer world, but also from the world in your head, the thinking mind. Allow the sound of the words to take you beyond words and beyond sound to the stillness within. Allow the Now to be as it is and so realize the formless essence of the Now as consciousness itself.",Unknown,",          5 star,        ,          (0%),        ,          ,            0%,          ,",,10 hours,600.0,Both,1,0,1,the journey into yourself,eckhart tolle,0-50,486
The Journey: An Extraordinary Guide for Healing Your life and Setting Yourself Free,Brandon Bays,4.4,4.4,284.0,5.652489180268651,4028.0,"This edition of the classic self-help bestseller is fully revised and updated to reflect the newest developments in the mind-body field today. The Journey was born of Brandon Bays’ extraordinary experience of healing from a football-sized tumour, without drugs or surgery, in 6 weeks. Forced to go beyond the limits of known alternative therapies (she had been working in mind/body healing for two decades) she was catapulted into a remarkable, soul-searching and ultimately ground-breaking healing journey.",Unknown,Unknown,,Unknown,,Both,1,0,0,the journey: an extraordinary guide for healing your life and setting yourself free,brandon bays,201-500,507
"The King of Crows: The Diviners, Book 4",Libba Bray,4.5,4.5,101.0,4.624972813284271,1507.0,Unknown,Unknown,Unknown,,Unknown,,Catalog Only,0,0,0,"the king of crows: the diviners, book 4",libba bray,51-200,0
"The Law of Divine Compensation: On Work, Money, and Miracles",Marianne Williamson,4.8,4.8,739.0,6.606650186198215,9884.0,Unknown,Unknown,Unknown,,Unknown,,Advanced Only,0,0,0,"the law of divine compensation: on work, money, and miracles",marianne williamson,501-1000,0
The Light We Lost,Jill Santopolo,4.3,4.3,1324.0,7.1891677384203225,6718.0,Two people. One choice. What if?,Coming of Age Fiction | Women's Fiction | Contemporary Romance,",#2,447 in Audible Audiobooks & Originals (See Top 100 in Audible Audiobooks & Originals),#19 in Coming of Age Fiction,#60 in Women's Fiction,#78 in Contemporary Romance (Audible Audiobooks & Originals)",2447.0,7 hours and 16 minutes,436.0,Both,1,1,1,the light we lost,jill santopolo,1001+,32
The Magic Mountain,Thomas Mann,4.3,4.3,207.0,5.337538079701318,1530.0,Unknown,Psychological Fiction | Psychological Thrillers | Classic Literature,",#4,009 in Audible Audiobooks & Originals (See Top 100 in Audible Audiobooks & Originals),#33 in Psychological Fiction,#61 in Psychological Thrillers,#211 in Classic Literature",4009.0,37 hours and 27 minutes,2247.0,Both,0,1,1,the magic mountain,thomas mann,201-500,0
The Magic of Believing: Original Classic Version,Claude M. Bristol,4.5,4.5,920.0,6.825460036255307,1774.0,"Originally published in 1948, this is the true masterpiece about using the power of your mind to create anything you want. Mystical, motivating and inspiring, this book presents an extraordinary self-improvement program which draws on the philosophy that the energy of the subconscious mind can help individuals achieve any goal. This book has helped countless people attain both personal and professional goals, and the appeal of its philosophy remains a powerful tool for change.",Personal Success | Personal Development & Self-Help,",#497 in Audible Audiobooks & Originals (See Top 100 in Audible Audiobooks & Originals),#99 in Personal Success,#1,316 in Personal Development & Self-Help",497.0,7 hours and 11 minutes,431.0,Both,1,1,1,the magic of believing: original classic version,claude m. bristol,501-1000,481
"The Magician's Nephew: The Chronicles of Narnia, Book 1",Kenneth Branagh,4.7,4.7,1314.0,7.181591944611865,5373.0,Unknown,Unknown,Unknown,,Unknown,,Advanced Only,0,0,0,"the magician's nephew: the chronicles of narnia, book 1",kenneth branagh,1001+,0
The Measure of a Man: A Spiritual Autobiography,Sidney Poitier,4.5,4.5,389.0,5.966146739123692,1973.0,Unknown,Unknown,Unknown,,Unknown,,Catalog Only,0,0,0,the measure of a man: a spiritual autobiography,sidney poitier,201-500,0
The Middle Length Discourses of the Buddha: A Translation of the Majjhima Nikāya,Bhikkhu Ñānamoli,4.9,4.9,160.0,5.081404364984463,1898.0,Unknown,Unknown,Unknown,,Unknown,,Both,0,0,0,the middle length discourses of the buddha: a translation of the majjhima nikāya,bhikkhu ñānamoli,51-200,0
The Midnight Gang,David Walliams,4.8,4.8,2404.0,7.785305182539862,5709.0,Unknown,Unknown,Unknown,,Unknown,,Catalog Only,0,0,0,the midnight gang,david walliams,1001+,0
The Mind-Body Code: How the Mind Wounds and Heals the Body,Mario Martinez Psy.D,4.6,4.6,55.0,4.02535169073515,1640.0,Unknown,Unknown,Unknown,,Unknown,,Catalog Only,0,0,0,the mind-body code: how the mind wounds and heals the body,mario martinez psy.d,51-200,0
The Miracle of Self Discipline: The 'No Excuses' Way to Getting Things Done,Brian Tracy,4.4,4.4,9.0,2.302585092994046,1774.0,"To be successful today, you don't need to have been born under a lucky star, with incredible wealth, with terrific contacts and connections, or even with special skills. But what you do need to succeed in any of your life goals is self-discipline.",Personal Success | Personal Development & Self-Help,",#2,197 in Audible Audiobooks & Originals (See Top 100 in Audible Audiobooks & Originals),#321 in Personal Success,#4,668 in Personal Development & Self-Help",2197.0,7 hours and 13 minutes,433.0,Advanced Only,1,1,1,the miracle of self discipline: the 'no excuses' way to getting things done,brian tracy,0-50,247
"The Mixer: The Story of Premier League Tactics, from Route One to False Nines",Michael Cox,4.7,4.7,316.0,5.75890177387728,9744.0,"An absolutely essential book for every modern football fan, about the development of Premier League tactics, published to coincide with 25 years of the competition.",Football | Coaching | Soccer (Books),",#844 in Audible Audiobooks & Originals (See Top 100 in Audible Audiobooks & Originals),#1 in Football (Audible Audiobooks & Originals),#1 in Coaching,#6 in Soccer (Books)",844.0,14 hours and 24 minutes,864.0,Both,1,1,1,"the mixer: the story of premier league tactics, from route one to false nines",michael cox,201-500,164
The Monogram Murders: The New Hercule Poirot Mystery,Sophie Hannah,3.5,3.5,1330.0,7.193685818395112,13345.0,"Since the publication of her first novel, in 1920, more than two billion copies of Agatha Christie's books have been sold around the globe. Now, for the first time ever, the guardians of her legacy have approved a brand-new novel featuring Dame Agatha's most beloved creation, Hercule Poirot.",Historical Thrillers | Traditional Detective Mysteries | Literary Fiction,",#2,814 in Audible Audiobooks & Originals (See Top 100 in Audible Audiobooks & Originals),#9 in Historical Thrillers,#18 in Traditional Detective Mysteries,#169 in Literary Fiction",2814.0,11 hours and 13 minutes,673.0,Both,1,1,1,the monogram murders: the new hercule poirot mystery,sophie hannah,1001+,292
The Murder at the Vicarage,Joan Hickson,4.5,4.5,620.0,6.431331081933479,8735.0,Unknown,Unknown,Unknown,,Unknown,,Catalog Only,0,0,0,the murder at the vicarage,joan hickson,501-1000,0
The Murder of Roger Ackroyd,Hugh Fraser,4.6,4.6,2273.0,7.729295674310482,8735.0,Unknown,Unknown,Unknown,,Unknown,,Both,0,0,0,the murder of roger ackroyd,hugh fraser,1001+,0
The Once and Future King,T. H. White,4.3,4.3,644.0,6.4692503167957724,1641.0,Unknown,Unknown,Unknown,,Unknown,,Both,0,0,0,the once and future king,t. h. white,501-1000,0
The Origin and Evolution of Earth: From the Big Bang to the Future of Human Existence,Robert M. Hazen,,4.5,0.0,0.0,1774.0,Unknown,Unknown,Unknown,,Unknown,,Catalog Only,0,0,0,the origin and evolution of earth: from the big bang to the future of human existence,robert m. hazen,0-50,0
The Phoenix,Sidney Sheldon,4.0,4.0,276.0,5.6240175061873385,8735.0,The New York Times best-selling author,Private Investigator Mysteries | Political Thrillers | Urban Fiction,",#4,745 in Audible Audiobooks & Originals (See Top 100 in Audible Audiobooks & Originals),#7 in Private Investigator Mysteries,#18 in Political Thrillers,#20 in Urban Fiction",4745.0,14 hours and 10 minutes,850.0,Both,1,1,1,the phoenix,sidney sheldon,201-500,38
The Pilgrimage,Paulo Coelho,4.3,4.3,812.0,6.70073110954781,10378.0,Unknown,Unknown,Unknown,,Unknown,,Catalog Only,0,0,0,the pilgrimage,paulo coelho,501-1000,0
The Prosperity Paradox: How Innovation Can Lift Nations out of Poverty,Clayton M. Christensen,4.7,4.7,102.0,4.634728988229636,13345.0,Unknown,Unknown,Unknown,,Unknown,,Catalog Only,0,0,0,the prosperity paradox: how innovation can lift nations out of poverty,clayton m. christensen,51-200,0
The Pursuit of Happyness (Abridged),Chris Gardner,4.6,4.6,297.0,5.697093486505405,9390.0,Unknown,Unknown,Unknown,,Unknown,,Both,0,0,0,the pursuit of happyness (abridged),chris gardner,201-500,0
The Rig Veda,Anonymous,4.1,4.1,54.0,4.007333185232471,2088.0,"Often appearing as Ṛgveda, the oldest of the four sacred books linked to Hinduism, it was composed in an ancient form of Sanskrit about 1500 BCE. The Rig Veda (Sanskrit: The Knowledge of Verses) was preserved in secrecy by ancient clans, initially orally, before it was written down about 300 BCE.",Hindu Sacred Writings | Hinduism (Books),",#311 in Audible Audiobooks & Originals (See Top 100 in Audible Audiobooks & Originals),#4 in Hindu Sacred Writings,#294 in Hinduism (Books)",311.0,41 hours and 22 minutes,2482.0,Both,1,1,1,the rig veda,anonymous,51-200,297
The Rāmāyana of Valmīki,ValmĪki,,4.5,0.0,0.0,2847.0,Unknown,Unknown,Unknown,,Unknown,,Both,0,0,0,the rāmāyana of valmīki,valmīki,0-50,0
The Second Sex,Simone de Beauvoir,4.5,4.5,427.0,6.059123195581797,1884.0,Unabridged and available on audio for the first time,Women's Studies | Society & Culture (Books) | Textbooks & Study Guides,",#2,113 in Audible Audiobooks & Originals (See Top 100 in Audible Audiobooks & Originals),#7 in Women's Studies,#1,475 in Society & Culture (Books),#23,698 in Textbooks & Study Guides",2113.0,39 hours and 9 minutes,2349.0,Both,1,1,1,the second sex,simone de beauvoir,201-500,52
The Secret Advantage: Core Fundamentals to Get Anything You Want,Earl Nightingale,,4.5,0.0,0.0,2008.0,Unknown,Unknown,Unknown,,Unknown,,Both,0,0,0,the secret advantage: core fundamentals to get anything you want,earl nightingale,0-50,0
The Shadow Effect: Illuminating the Hidden Power of Your True Self,Deepak Chopra,4.5,4.5,257.0,5.552959584921617,10378.0,Unknown,Unknown,Unknown,,Unknown,,Both,0,0,0,the shadow effect: illuminating the hidden power of your true self,deepak chopra,201-500,0
The Shell Collector,Anthony Doerr,4.3,4.3,400.0,5.993961427306569,8062.0,Unknown,Unknown,Unknown,,Unknown,,Catalog Only,0,0,0,the shell collector,anthony doerr,201-500,0
The Silmarillion,J. R. R. Tolkien,4.6,4.6,3609.0,8.191463051326927,11425.0,"A thoroughly enchanting tale that sets the trajectory for the cosmos of J.R.R. Tolkien's magnificent fantasy series Lord of the Rings and The Hobbit. Like the dark matter at the centre of every origin story, this is a must-listen for fans who want to delve deeper into this mythical world.",Epic Fantasy | Fantasy (Books) | Classic Fiction (Books),",#807 in Audible Audiobooks & Originals (See Top 100 in Audible Audiobooks & Originals),#16 in Epic Fantasy,#545 in Fantasy (Books),#845 in Classic Fiction (Books)",807.0,14 hours and 49 minutes,889.0,Both,1,1,1,the silmarillion,j. r. r. tolkien,1001+,289
The Silva Ultramind ESP System,Michael Wickett,,4.5,0.0,0.0,1774.0,"Unleash the telepathic powers you were born with! Skeptical? I was, until I proved it to myself. You see, telepathic powers exist in all of us; they are part of the natural way we communicate with each other. Your brain beats at various frequencies, much like your heart. Usually your brain beats at 14 cycles per second, the Beta frequency. Very occasionally it beats between 7 and 14 cycles per second. This frequency is known as Alpha frequency. Alpha is the key to becoming telepathic. A man named Jose Silva perfected a simple 15-minute technique for entering the Alpha level at will, creating his own brand of ESP, which he called ""effective sensory projection"". The result of this breakthrough is the new Silva Ultramind ESP System. Once you've mastered the techniques, you'll be able to:","ESP | Occult & Paranormal | Mind, Body & Spirit",",#1,233 in Audible Audiobooks & Originals (See Top 100 in Audible Audiobooks & Originals),#2 in ESP,#68 in Occult & Paranormal,#1,314 in Mind, Body & Spirit",1233.0,7 hours and 23 minutes,443.0,Both,1,1,1,the silva ultramind esp system,michael wickett,0-50,795
The Sleeping Murder,Stephanie Cole,4.7,4.7,433.0,6.073044534100405,5709.0,Unknown,Unknown,Unknown,,Unknown,,Advanced Only,0,0,0,the sleeping murder,stephanie cole,201-500,0
The Subtle Art of Not Giving a F*ck: A Counterintuitive Approach to Living a Good Life,Mark Manson,4.4,4.4,20306.0,9.918720933176717,10378.0,"In this generation-defining self-help guide, a superstar blogger cuts through the crap to show us how to stop trying to be positive all the time so that we can truly become better, happier people.",Personal Success | Personal Development & Self-Help,",#3 in Audible Audiobooks & Originals (See Top 100 in Audible Audiobooks & Originals),#3 in Personal Success,#16 in Personal Development & Self-Help",3.0,5 hours and 17 minutes,317.0,Both,1,1,1,the subtle art of not giving a f*ck: a counterintuitive approach to living a good life,mark manson,1001+,196
The Success Principles: How to get from where you are to where you want to be,Jack Canfield,4.6,4.6,936.0,6.842683282238422,5709.0,Unknown,Unknown,Unknown,,Unknown,,Catalog Only,0,0,0,the success principles: how to get from where you are to where you want to be,jack canfield,501-1000,0
The Thank You Economy,Gary Vaynerchuk,4.6,4.6,314.0,5.752572638825633,10378.0,"If this were 1923, this book would have been called ""Why Radio Is Going to Change the Game"" . . .",Customer Service | Consumer Behaviour | E-Commerce,",#2,417 in Audible Audiobooks & Originals (See Top 100 in Audible Audiobooks & Originals),#5 in Customer Service,#10 in Consumer Behaviour,#20 in E-Commerce",2417.0,5 hours and 41 minutes,341.0,Both,1,1,1,the thank you economy,gary vaynerchuk,201-500,97
The Ultimate Brian Tracy Library,Brian Tracy,,4.5,0.0,0.0,2008.0,Unknown,Unknown,Unknown,,Unknown,,Both,0,0,0,the ultimate brian tracy library,brian tracy,0-50,0
The Ultimate Dale Carnegie Library,Dale Carnegie Training,,4.5,0.0,0.0,1774.0,"Throughout the years, Nightingale-Conant launched many audio programs by Dale Carnegie, such as The Five Essential People Skills and Stand and Deliver - revealing the secrets of the classic Dale Carnegie Public Speaking Course - and Sell Like a Pro, to name a few.",Unknown,Unknown,,Unknown,,Both,1,0,0,the ultimate dale carnegie library,dale carnegie training,0-50,264
The Ultimate David Hawkins Library,Dr. David Hawkins,,4.5,0.0,0.0,2008.0,Unknown,Unknown,Unknown,,Unknown,,Catalog Only,0,0,0,the ultimate david hawkins library,dr. david hawkins,0-50,0
The Ultimate Deepak Chopra Collection,Deepak Chopra MD,1.0,1.0,1.0,0.6931471805599453,2008.0,Meet the one power that can make all the difference in your life!,Religion & Spirituality | Personal Success | Religion & Spirituality (Books),",#429 in Audible Audiobooks & Originals (See Top 100 in Audible Audiobooks & Originals),#50 in Religion & Spirituality (Audible Audiobooks & Originals),#86 in Personal Success,#803 in Religion & Spirituality (Books)",429.0,20 hours and 41 minutes,1241.0,Both,1,1,1,the ultimate deepak chopra collection,deepak chopra md,0-50,65
The Ultimate Goals Program: How to Get Everything You Want - Faster than You Ever Throught Possible,Brian Tracy,3.7,3.7,13.0,2.6390573296152584,1774.0,Unknown,Unknown,Unknown,,Unknown,,Both,0,0,0,the ultimate goals program: how to get everything you want - faster than you ever throught possible,brian tracy,0-50,0
The Ultimate Jim Rohn Library,Jim Rohn,5.0,5.0,1.0,0.6931471805599453,2008.0,"So, what is it about Jim Rohn that has made him so tremendously effective in teaching others how to become so massively successful?",Personal Success | Personal Development & Self-Help,",#323 in Audible Audiobooks & Originals (See Top 100 in Audible Audiobooks & Originals),#71 in Personal Success,#925 in Personal Development & Self-Help",323.0,11 hours and 23 minutes,683.0,Both,1,1,1,the ultimate jim rohn library,jim rohn,0-50,131
The Ultimate Law of Attraction Library,Dr. Joe Vitale,,4.5,0.0,0.0,2008.0,"Don't just attract some of what you want... attract it all! The ultimate ""attraction arsenal"" from Master Teacher Joe Vitale! In this collection, world-renowned teacher and bestselling Nightingale-Conant author Joe Vitale opens his complete ""attraction arsenal"" to you. Every secret. Every strategy. Every system. Every step. Everything you need to unleash the most powerful force in the universe in every single area of your life! This library is not your typical ""greatest hits"" compilation. Joe has specifically organized and structured this information in a very intentional, targeted, and unique way. As he says, ""We're going to get real practical and real spiritual many times right in the same session!"" His goal for this program is to guide you through a complete journey to a life of abundance and fulfillment on every possible level, from the material to the spiritual and everything in between. A journey that will feel as fresh and exciting to his longtime fans and students as it will to those hearing him for the first time. This comprehensive system will empower you with the tools to attract not just some or most of what you want... but all of it. Topics Joe covers include:",Personal Success | Personal Development & Self-Help,",#3,197 in Audible Audiobooks & Originals (See Top 100 in Audible Audiobooks & Originals),#442 in Personal Success,#6,708 in Personal Development & Self-Help",3197.0,12 hours and 46 minutes,766.0,Both,1,1,1,the ultimate law of attraction library,dr. joe vitale,0-50,1191
The Ultimate Les Brown Library: The Les Brown Story,Les Brown,,4.5,0.0,0.0,2008.0,"Les Brown is a dynamic personality and highly-sought-after resource in business and professional circles for Fortune 500 CEOs, small business owners, non-profit and community leaders from all sectors of society looking to expand opportunity. For three decades he has not only studied the science of achievement, he’s mastered it by interviewing hundreds of successful business leaders and collaborating with them in the boardroom translating theory into bottom-line results for his clients.",Personal Success | Personal Development & Self-Help,",#4,819 in Audible Audiobooks & Originals (See Top 100 in Audible Audiobooks & Originals),#632 in Personal Success,#10,110 in Personal Development & Self-Help",4819.0,10 hours and 47 minutes,647.0,Both,1,1,1,the ultimate les brown library: the les brown story,les brown,0-50,490
The Ultimate Self-Discipline Library: How to Eliminate Excuses and Take Charge of Your Life!,Larry Winget,,4.5,0.0,0.0,2008.0,"Jim Whitaker, the first American to climb Mt. Everest, once said: “You can never conquer the mountain. You can only conquer yourself.” Yet, when the vast majority of people encounter obstacles to their goals, or difficulties on the journey of life, they tend to put their focus on the mountain - things that they cannot control, things outside of themselves - rather than turning inward, taking responsibility and conquering the self. That process of conquering the self is another name for that priceless quality of personality we call self-discipline. And, in this priceless collection of great ideas in sound from the world leader in personal development, Nightingale-Conant, you will be provided with all of the essential tools of self-discipline to conquer the self in every major arena of life. Welcome to The Ultimate Self-Discipline Library: How to Eliminate Excuses and Take Charge of Your Life!",Unknown,Unknown,,Unknown,,Both,1,0,0,the ultimate self-discipline library: how to eliminate excuses and take charge of your life!,larry winget,0-50,904
The Ultimate Zig Ziglar Library,Zig Ziglar,4.0,4.0,1.0,0.6931471805599453,2008.0,"""You can get everything in life you want if you will just help enough other people get what they want."" This statement defining a philosophy of success, wealth and happiness is perhaps the most famous quote of legendary speaker, author, and businessman Zig Ziglar. Yet the monumental legacy of this incredible man can hardly be summarized by a single quote or idea. For Zig Ziglar was truly a giant in the field of personal development.",Personal Success | Personal Development & Self-Help,",#1,435 in Audible Audiobooks & Originals (See Top 100 in Audible Audiobooks & Originals),#221 in Personal Success,#3,195 in Personal Development & Self-Help",1435.0,14 hours and 10 minutes,850.0,Both,1,1,1,the ultimate zig ziglar library,zig ziglar,0-50,436
The Upside of Irrationality: The Unexpected Benefits of Defying Logic at Work and at Home,Dan Ariely,4.4,4.4,300.0,5.707110264748875,11862.0,Unknown,Unknown,Unknown,,Unknown,,Both,0,0,0,the upside of irrationality: the unexpected benefits of defying logic at work and at home,dan ariely,201-500,0
"The Vanishing Stair: Truly Devious Series, Book 2",Maureen Johnson,4.7,4.7,397.0,5.986452005284438,13345.0,New York Times and Publishers Weekly best seller!,Mystery & Detective Fiction for Teens | Thrillers & Suspense for Teens | Horror Fiction for Teens,",#2,207 in Audible Audiobooks & Originals (See Top 100 in Audible Audiobooks & Originals),#1 in Mystery & Detective Fiction for Teens,#2 in Thrillers & Suspense for Teens,#3 in Horror Fiction for Teens",2207.0,9 hours and 13 minutes,553.0,Both,1,1,1,"the vanishing stair: truly devious series, book 2",maureen johnson,201-500,49
The Wealth of Nations,Adam Smith,4.6,4.6,460.0,6.133398042996649,2847.0,"The Wealth of Nations, first published in 1776, is the first book of modern political economy and still provides the foundation for the study of that discipline. An Enquiry into the Nature and Causes of the Wealth of Nations, to give it is full title, was an immediate best seller and has since rightfully claimed its place in the Western intellectual canon. Its author, Adam Smith (1723-1790), was one of the brightest stars of the 18th-century Scottish Enlightenment.",Economic History | Economic Theory | Theory & Philosophy,",#1,245 in Audible Audiobooks & Originals (See Top 100 in Audible Audiobooks & Originals),#6 in Economic History (Audible Audiobooks & Originals),#10 in Economic Theory (Audible Audiobooks & Originals),#65 in Theory & Philosophy",1245.0,41 hours and 58 minutes,2518.0,Both,1,1,1,the wealth of nations,adam smith,201-500,469
The Wind-Up Bird Chronicle,Haruki Murakami,4.4,4.4,1164.0,7.060476365999801,2719.0,Unknown,"Literary Fiction | Crime, Thriller & Mystery (Books) | Contemporary Fiction (Books)",",#1,269 in Audible Audiobooks & Originals (See Top 100 in Audible Audiobooks & Originals),#74 in Literary Fiction,#1,636 in Crime, Thriller & Mystery (Books),#2,352 in Contemporary Fiction (Books)",1269.0,26 hours and 6 minutes,1566.0,Both,0,1,1,the wind-up bird chronicle,haruki murakami,1001+,0
The Wisdom of Your Cells: How Your Beliefs Control Your Biology,Bruce H. Lipton Ph.D.,4.6,4.6,43.0,3.784189633918261,1875.0,Unknown,Unknown,Unknown,,Unknown,,Catalog Only,0,0,0,the wisdom of your cells: how your beliefs control your biology,bruce h. lipton ph.d.,0-50,0
The Witch of Portobello,Paulo Coelho,4.4,4.4,355.0,5.87493073085203,10873.0,"The Witch of Portobello is the story of a mysterious woman named Athena, told by the many who knew her well - or hardly at all.",Fairy Tale Fantasy | Women's Fiction | Literary Fiction,",#3,235 in Audible Audiobooks & Originals (See Top 100 in Audible Audiobooks & Originals),#18 in Fairy Tale Fantasy,#75 in Women's Fiction,#189 in Literary Fiction",3235.0,8 hours and 9 minutes,489.0,Advanced Only,1,1,1,the witch of portobello,paulo coelho,201-500,127
The Woman in the Window,A. J. Finn,4.3,4.3,11498.0,9.350015354048663,8735.0,What did she see?,Urban Fiction | Amateur Sleuth Mysteries | Psychological Thrillers,",#1,647 in Audible Audiobooks & Originals (See Top 100 in Audible Audiobooks & Originals),#8 in Urban Fiction,#9 in Amateur Sleuth Mysteries,#26 in Psychological Thrillers",1647.0,13 hours and 42 minutes,822.0,Advanced Only,1,1,1,the woman in the window,a. j. finn,1001+,17
"The World as Will And Idea, Volume 1",Leighton Pugh,1.0,1.0,1.0,0.6931471805599453,1530.0,Unknown,Unknown,Unknown,,Unknown,,Both,0,0,0,"the world as will and idea, volume 1",leighton pugh,0-50,0
The World's Best Classic Short Stories,O. Henry,,4.5,0.0,0.0,1898.0,Unknown,Unknown,Unknown,,Unknown,,Catalog Only,0,0,0,the world's best classic short stories,o. henry,0-50,0
The World's Worst Teachers,David Walliams,4.8,4.8,2310.0,7.745435610274381,5373.0,Unknown,Unknown,Unknown,,Unknown,,Catalog Only,0,0,0,the world's worst teachers,david walliams,1001+,0
The Zahir,Paulo Coelho,4.4,4.4,409.0,6.016157159698354,5709.0,Unknown,Unknown,Unknown,,Unknown,,Both,0,0,0,the zahir,paulo coelho,201-500,0
"Theater of the Imagination, Volume II",Clarissa Pinkola Estes,5.0,5.0,6.0,1.9459101490553128,1640.0,Unknown,Unknown,Unknown,,Unknown,,Catalog Only,0,0,0,"theater of the imagination, volume ii",clarissa pinkola estes,0-50,0
Think BIG and Kick Ass in Business and Life,Donald J. Trump,4.6,4.6,558.0,6.326149473155099,9390.0,Unknown,Unknown,Unknown,,Unknown,,Catalog Only,0,0,0,think big and kick ass in business and life,donald j. trump,501-1000,0
Think Like a Monk: The Secret of How to Harness the Power of Positivity and Be Happy Now,Jay Shetty,4.9,4.9,371.0,5.918893854273146,10080.0,"Over the past three years, Jay Shetty has become one of the world’s most popular influencers. One of his clips was the most watched video on Facebook last year, with more than 360 million views. His social media following totals more than 32 million, he has produced more than 400 viral videos which have amassed more than five billion views, and his podcast, On Purpose, is consistently ranked the world’s number one health-related podcast.",Personal Success | Stress Management | Society & Culture (Books),",#1 in Audible Audiobooks & Originals (See Top 100 in Audible Audiobooks & Originals),#1 in Personal Success,#1 in Stress Management,#2 in Society & Culture (Books)",1.0,10 hours and 54 minutes,654.0,Both,1,1,1,think like a monk: the secret of how to harness the power of positivity and be happy now,jay shetty,201-500,441
Thirty Great Detective Stories,Arthur Conan Doyle,,4.5,0.0,0.0,3416.0,"A wonderful collection of 30 of the greatest detective and mystery stories ever written. Featuring all the great classic sleuths, including Sherlock Holmes, Father Brown, Max Carrados, Dr. Thorndyke and Madame Rosika Storey.",Classic Literature | Classic Fiction (Books),",#4,370 in Audible Audiobooks & Originals (See Top 100 in Audible Audiobooks & Originals),#236 in Classic Literature,#4,129 in Classic Fiction (Books)",4370.0,21 hours and 10 minutes,1270.0,Both,1,1,1,thirty great detective stories,arthur conan doyle,0-50,224
This Heart of Mine,Susan Elizabeth Phillips,4.5,4.5,181.0,5.204006687076795,12356.0,Unknown,Unknown,Unknown,,Unknown,,Catalog Only,0,0,0,this heart of mine,susan elizabeth phillips,51-200,0
Three Act Tragedy,Hugh Fraser,,4.5,0.0,0.0,5709.0,Unknown,Unknown,Unknown,,Unknown,,Catalog Only,0,0,0,three act tragedy,hugh fraser,0-50,0
"Tools of Titans: The Tactics, Routines, and Habits of Billionaires, Icons, and World-Class Performers",Tim Ferriss,4.4,4.4,3692.0,8.214194414852564,1506.0,"The latest groundbreaking tome from Tim Ferriss, the number-one New York Times best-selling author of The 4-Hour Workweek.",Developmental Psychology | Business Motivation & Self-Improvement | Personal Success,",#102 in Audible Audiobooks & Originals (See Top 100 in Audible Audiobooks & Originals),#1 in Developmental Psychology (Audible Audiobooks & Originals),#8 in Business Motivation & Self-Improvement,#26 in Personal Success",102.0,22 hours and 41 minutes,1361.0,Both,1,1,1,"tools of titans: the tactics, routines, and habits of billionaires, icons, and world-class performers",tim ferriss,1001+,122
"Training the Mind, Healing the Body: A Complete Course for Holistic Health and Well Being",Dr. Deepak Chopra,,4.5,0.0,0.0,2008.0,Training the mind... Healing the body... Transforming your life,"Diets, Nutrition & Healthy Eating | Healthy Living & Wellness",",#2,295 in Audible Audiobooks & Originals (See Top 100 in Audible Audiobooks & Originals),#30 in Diets, Nutrition & Healthy Eating,#1,759 in Healthy Living & Wellness",2295.0,14 hours and 13 minutes,853.0,Both,1,1,1,"training the mind, healing the body: a complete course for holistic health and well being",dr. deepak chopra,0-50,63
Trauma and Memory: Brain and Body in a Search for the Living Past: A Practical Guide for Understanding and Working with Traumatic Memory,Peter A. Levine PhD,4.7,4.7,149.0,5.010635294096256,1505.0,Unknown,Unknown,Unknown,,Unknown,,Advanced Only,0,0,0,trauma and memory: brain and body in a search for the living past: a practical guide for understanding and working with traumatic memory,peter a. levine phd,51-200,0
Unlearn: 101 Simple Truths for a Better Life,Humble the Poet,4.7,4.7,679.0,6.522092798170152,5373.0,"Influencer, rapper and spoken word artist Humble the Poet is here to revolutionise your life and help you reach your full potential.",Mental Health | Meditation | Psychology,",#364 in Audible Audiobooks & Originals (See Top 100 in Audible Audiobooks & Originals),#4 in Mental Health (Audible Audiobooks & Originals),#12 in Meditation (Audible Audiobooks & Originals),#28 in Psychology (Audible Audiobooks & Originals)",364.0,3 hours and 55 minutes,235.0,Both,1,1,1,unlearn: 101 simple truths for a better life,humble the poet,501-1000,132
"Valkyrie: Expeditionary Force, Book 9",Craig Alanson,4.4,4.4,419.0,6.040254711277414,1507.0,Unknown,Unknown,Unknown,,Unknown,,Catalog Only,0,0,0,"valkyrie: expeditionary force, book 9",craig alanson,201-500,0
Verbal Command: Speak Like a Pro,Brian Tracy,,4.5,0.0,0.0,1875.0,Unknown,Unknown,Unknown,,Unknown,,Both,0,0,0,verbal command: speak like a pro,brian tracy,0-50,0
Veronika Decides to Die,Paulo Coelho,4.4,4.4,1114.0,7.016609683894219,9390.0,Unknown,Unknown,Unknown,,Unknown,,Catalog Only,0,0,0,veronika decides to die,paulo coelho,1001+,0
Wayne Dyer's Ultimate Library,Wayne Dyer,,4.5,0.0,0.0,2008.0,Unknown,Unknown,Unknown,,Unknown,,Catalog Only,0,0,0,wayne dyer's ultimate library,wayne dyer,0-50,0
What Every BODY Is Saying: An Ex-FBI Agent’s Guide to Speed-Reading People,Joe Navarro,4.5,4.5,3401.0,8.132118772955806,10378.0,He says that's his best offer. Is it?,Business Sales | Communication & Social Skills | Business Careers,",#165 in Audible Audiobooks & Originals (See Top 100 in Audible Audiobooks & Originals),#1 in Business Sales,#3 in Communication & Social Skills,#3 in Business Careers",165.0,7 hours and 19 minutes,439.0,Both,1,1,1,what every body is saying: an ex-fbi agent’s guide to speed-reading people,joe navarro,1001+,37
What to Expect the First Year,Heidi Murkoff,4.7,4.7,2986.0,8.00202481821611,1673.0,"Some things about babies, happily, will never change. They still arrive warm, cuddly, soft, and smelling impossibly sweet. But how moms and dads care for their brand new bundles of baby joy has changed—and now, so has the world’s best-selling, best-loved guide to the instructions babies don’t come with…but totally should. In audio, and only on Audible, for the first time ever, What to Expect in the First Year is brought to life by the engaging, comforting narration of author Heidi Murkoff. Accompanied by a full cast of audio talent, Heidi enlivens the empathetic, reality-based advice, practical tips, and reassuring support that makes First Year the definitive, must-have baby bible. Best of all, she’s there for you anywhere, anytime—talking you (and cheering you on) through those long nights and sometimes longer days, through crying jags, gas, and blowout diapers, nap strikes, breastfeeding struggles, stuffy noses, teething, and so much more.",Parenting Infants & Toddlers | Relationships | Family & Relationships,",#409 in Audible Audiobooks & Originals (See Top 100 in Audible Audiobooks & Originals),#2 in Parenting Infants & Toddlers,#12 in Relationships,#162 in Family & Relationships",409.0,36 hours and 47 minutes,2207.0,Both,1,1,1,what to expect the first year,heidi murkoff,1001+,955
What to Expect When You’re Expecting,Heidi Murkoff,4.6,4.6,5253.0,8.566744970245486,1673.0,"It’s all here. Everything you need to know--and can’t wait to find out—about your amazing nine months, from conception to birth and beyond in the world’s best-selling and best-loved pregnancy guide: Heidi Murkoff’s What to Expect When You’re Expecting. And now, only from Audible, you’ll hear it in the reassuring, relatable voice expectant parents turn to for the must-have advice and information they crave and trust.",Pregnancy & Childbirth | Parenting Infants & Toddlers | Relationships,",#730 in Audible Audiobooks & Originals (See Top 100 in Audible Audiobooks & Originals),#3 in Pregnancy & Childbirth,#6 in Parenting Infants & Toddlers,#30 in Relationships",730.0,32 hours and 43 minutes,1963.0,Both,1,1,1,what to expect when you’re expecting,heidi murkoff,1001+,419
Who Says Elephants Can't Dance?: Inside IBM's Historic Turnaround,Louis V. Gerstner Jr.,4.4,4.4,219.0,5.393627546352362,10873.0,"Enter Lou Gerstner. The presumption was that Gerstner had joined IBM to preside over its continued dissolution into a confederation of autonomous business units, effectively eliminating the corporation that had invented many of the industry's most important technologies. Instead, Gerstner took hold of the company, making the bold decision to keep it together, defiantly announcing, ""The last thing IBM needs right now is a vision.""",Leadership | Industries | Computers & Internet,",#2,997 in Audible Audiobooks & Originals (See Top 100 in Audible Audiobooks & Originals),#131 in Leadership,#774 in Industries,#1,823 in Computers & Internet",2997.0,8 hours and 29 minutes,509.0,Both,1,1,1,who says elephants can't dance?: inside ibm's historic turnaround,louis v. gerstner jr.,201-500,433
Winning,Jack Welch,4.6,4.6,505.0,6.226536669287466,13345.0,"Welch's optimistic, no excuses, get-it-done mind-set is riveting. Packed with personal anecdotes and written in Jack's distinctive no-b.s. voice, Winning is a great read and a great business book. It offers deep insights, original thinking, and nuts-and-bolts advice that are bound to change the way people think about work.",Business Motivation & Self-Improvement | Business Careers | Leadership,",#4,011 in Audible Audiobooks & Originals (See Top 100 in Audible Audiobooks & Originals),#85 in Business Motivation & Self-Improvement,#116 in Business Careers,#182 in Leadership",4011.0,11 hours and 23 minutes,683.0,Both,1,1,1,winning,jack welch,501-1000,324
"WomanCode: Perfect Your Cycle, Amplify Your Fertility, Supercharge Your Sex Drive, and Become a Power Source",Alisa Vitti,4.5,4.5,885.0,6.786716950605081,11862.0,Unknown,Unknown,Unknown,,Unknown,,Advanced Only,0,0,0,"womancode: perfect your cycle, amplify your fertility, supercharge your sex drive, and become a power source",alisa vitti,501-1000,0
WordMaster,Denis E. Waitley,4.2,4.2,48.0,3.8918202981106265,2008.0,"WordMaster uses the science of word order, suggestopedic music, and male/female voices to ensure you get the most in vocabulary building in the least time with minimum effort.",English Language Learning | Language Learning & Teaching | Education (Books),",#244 in Audible Audiobooks & Originals (See Top 100 in Audible Audiobooks & Originals),#2 in English Language Learning,#75 in Language Learning & Teaching,#111 in Education (Books)",244.0,10 hours and 21 minutes,621.0,Both,1,1,1,wordmaster,denis e. waitley,0-50,175
"Your Brain at Work: Strategies for Overcoming Distraction, Regaining Focus, and Working Smarter All Day Long",David Rock,4.6,4.6,452.0,6.115892125483034,13345.0,"Meet Emily and Paul: The parents of two young children, Emily is the newly promoted VP of marketing at a large corporation while Paul works from home or from clients' offices as an independent IT consultant. Their lives, like all of ours, are filled with a bewildering blizzard of emails, phone calls, yet more emails, meetings, projects, proposals, and plans. Just staying ahead of the storm has become a seemingly insurmountable task.",Business Decision Making & Problem Solving | Science | Earth Sciences Books,",#669 in Audible Audiobooks & Originals (See Top 100 in Audible Audiobooks & Originals),#15 in Business Decision Making & Problem Solving,#29 in Science,#46 in Earth Sciences Books",669.0,9 hours and 42 minutes,582.0,Both,1,1,1,"your brain at work: strategies for overcoming distraction, regaining focus, and working smarter all day long",david rock,201-500,436
