Book Name,Author,Rating,Rating_Filled,Number of Reviews,Log Reviews,Price,Description,Genre,Ranks and Genre,Audible Rank,Listening Time,Listening Time Minutes,Data_Source,Has_Description,Has_Genre,Has_Listening_Time,Book_Name_Key,Author_Key,Review_Group,Description_Length
#Girlboss,Sophia Amoruso,4.5,4.5,2272.0,7.728855823852543,615.0,Unknown,Unknown,Unknown,,Unknown,,Both,0,0,0,#girlboss,sophia amoruso,1001+,0
101 Panchtantra Stories,Dreamland Publications,4.3,4.3,1625.0,7.3938782901077555,233.0,"The Panchatantra is a collection of short stories from India, which was written mainly for children more than 2,000 years ago. This book contains a few hand-picked stories from that legendary collection.","Fairy Tales, Folk Tales & Myths for Children | Literature & Fiction for Children | Children's Traditional Stories (Books)",",#536 in Audible Audiobooks & Originals (See Top 100 in Audible Audiobooks & Originals),#8 in Fairy Tales, Folk Tales & Myths for Children,#30 in Literature & Fiction for Children,#184 in Children's Traditional Stories (Books)",536.0,1 hour and 41 minutes,101.0,Both,1,1,1,101 panchtantra stories,dreamland publications,1001+,203
12 Rules for Life: An Antidote to Chaos,Jordan B. Peterson,4.6,4.6,14042.0,9.54987932996818,1093.0,Unknown,Unknown,Unknown,,Unknown,,Catalog Only,0,0,0,12 rules for life: an antidote to chaos,jordan b. peterson,1001+,0
1984,George Orwell,4.5,4.5,17140.0,9.749228533507058,797.0,"George Orwell's nightmare vision of a dystopian world has become more apt in these modern, chaotic times. Casting a pall of oppressive dread from the very first sentence, this classic audiobook takes hold of your imagination and stays with you long after the last four words are uttered.",Dystopian Science Fiction | Political Fiction | Literary Fiction,",#130 in Audible Audiobooks & Originals (See Top 100 in Audible Audiobooks & Originals),#1 in Dystopian Science Fiction,#1 in Political Fiction,#4 in Literary Fiction",130.0,12 hours and 19 minutes,739.0,Both,1,1,1,1984,george orwell,1001+,287
21 Lessons for the 21st Century,Yuval Noah Harari,4.4,4.4,2836.0,7.950502434808851,1093.0,Brought to you by Penguin.,Political Science History & Theory | United States Politics & Government | Political Theory,",#14 in Audible Audiobooks & Originals (See Top 100 in Audible Audiobooks & Originals),#1 in Political Science History & Theory,#1 in United States Politics & Government,#1 in Political Theory",14.0,11 hours and 41 minutes,701.0,Both,1,1,1,21 lessons for the 21st century,yuval noah harari,1001+,26
48 Laws of Power,Robert Greene,4.4,4.4,2121.0,7.660114319173928,820.0,"Amoral, cunning, ruthless, and instructive, this piercing work distills 3,000 years of the history of power into 48 well-explicated laws. This bold volume outlines the laws of power in their unvarnished essence, synthesizing the philosophies of Machiavelli, Sun Tzu, Carl von Clausewitz, and other infamous strategists. The 48 Laws of Power will fascinate any listener interested in gaining, observing, or defending against ultimate control.",Ethics & Morality Philosophy | Political Science History & Theory | Political Theory,",#140 in Audible Audiobooks & Originals (See Top 100 in Audible Audiobooks & Originals),#1 in Ethics & Morality Philosophy,#2 in Political Science History & Theory,#23 in Political Theory",140.0,23 hours and 6 minutes,1386.0,Both,1,1,1,48 laws of power,robert greene,1001+,441
61 Hours: Jack Reacher 14,Lee Child,4.5,4.5,3446.0,8.145259566516865,1093.0,Unknown,Unknown,Unknown,,Unknown,,Catalog Only,0,0,0,61 hours: jack reacher 14,lee child,1001+,0
A Beginner's Guide to the Stock Market: Everything You Need to Start Making Money Today,Matthew R. Kratter,4.4,4.4,2080.0,7.640603826393634,233.0,"Learn to make money in the stock market, even if you've never traded before.",Stocks | Analysis & Strategy | Textbooks & Study Guides,",#158 in Audible Audiobooks & Originals (See Top 100 in Audible Audiobooks & Originals),#4 in Stocks,#305 in Analysis & Strategy,#1,924 in Textbooks & Study Guides",158.0,1 hour and 42 minutes,102.0,Both,1,1,1,a beginner's guide to the stock market: everything you need to start making money today,matthew r. kratter,1001+,76
A Brief History of Time: From Big Bang to Black Holes,Stephen Hawking,4.6,4.6,5391.0,8.592671652592143,888.0,Brought to you by Penguin.,Physics | Cosmology | Astronomy,",#87 in Audible Audiobooks & Originals (See Top 100 in Audible Audiobooks & Originals),#1 in Physics (Audible Audiobooks & Originals),#1 in Cosmology,#1 in Astronomy (Audible Audiobooks & Originals)",87.0,6 hours and 57 minutes,417.0,Both,1,1,1,a brief history of time: from big bang to black holes,stephen hawking,1001+,26
A Clash of Kings: Book 2 of A Song of Ice and Fire,George R. R. Martin,4.6,4.6,6923.0,8.8427489162961,18149.0,"The complete, unabridged audiobook of A Clash of Kings.",Military Fantasy | Dragon & Mythical Creatures Fantasy | Epic Fantasy,",#187 in Audible Audiobooks & Originals (See Top 100 in Audible Audiobooks & Originals),#1 in Military Fantasy,#2 in Dragon & Mythical Creatures Fantasy,#7 in Epic Fantasy",187.0,37 hours and 12 minutes,2232.0,Both,1,1,1,a clash of kings: book 2 of a song of ice and fire,george r. r. martin,1001+,55
"A Column of Fire: The Kingsbridge Novels, Book 3",Ken Follett,4.6,4.6,6602.0,8.79527937019457,323.0,Unknown,Unknown,Unknown,,Unknown,,Both,0,0,0,"a column of fire: the kingsbridge novels, book 3",ken follett,1001+,0
A Court of Frost and Starlight,Sarah J. Maas,4.4,4.4,3665.0,8.20685642839965,379.0,"When Feyre kills a wolf, a beastlike creature arrives to demand retribution for it. Dragged to a magical land, Feyre discovers that her captor is not an animal. As she dwells on his estate, her feelings for Tamlin transform from icy hostility into a fiery passion that burns through every lie and warning she's been told about the beautiful, dangerous world of the Fae. But an ancient shadow is growing, and Feyre must find a way to stop it....",Unknown,Unknown,,Unknown,,Both,1,0,0,a court of frost and starlight,sarah j. maas,1001+,444
A Court of Mist and Fury,Sarah J. Maas,4.8,4.8,5810.0,8.667507952075105,1407.0,Unknown,Unknown,Unknown,,Unknown,,Catalog Only,0,0,0,a court of mist and fury,sarah j. maas,1001+,0
A Court of Thorns and Roses,Sarah J. Maas,4.7,4.7,6107.0,8.717354666338522,949.0,Unknown,Unknown,Unknown,,Unknown,,Catalog Only,0,0,0,a court of thorns and roses,sarah j. maas,1001+,0
A Court of Wings and Ruin,Sarah J. Maas,4.8,4.8,5017.0,8.520786726926367,1055.0,Unknown,Unknown,Unknown,,Unknown,,Both,0,0,0,a court of wings and ruin,sarah j. maas,1001+,0
A Dance with Dragons: Book 5 of A Song of Ice and Fire,George R. R. Martin,4.4,4.4,10368.0,9.246575864558276,18149.0,"The complete, unabridged audiobook of A Dance with Dragons.","Fantasy Movie, TV & Video Game Tie-Ins | Movie, TV & Video Game Tie-In Fiction | Action & Adventure Fiction",",#1,086 in Audible Audiobooks & Originals (See Top 100 in Audible Audiobooks & Originals),#1 in Fantasy Movie, TV & Video Game Tie-Ins,#6 in Movie, TV & Video Game Tie-In Fiction,#22 in Action & Adventure Fiction",1086.0,48 hours and 53 minutes,2933.0,Both,1,1,1,a dance with dragons: book 5 of a song of ice and fire,george r. r. martin,1001+,59
A Dog's Purpose: A novel for humans,W. Bruce Cameron,4.7,4.7,4575.0,8.428580533059634,323.0,"This is the remarkable story of one endearing dog's search for his purpose over the course of several lives. More than just another charming dog story, A Dog's Purpose touches on the universal quest for an answer to life's most basic question: why are we here?","Animal Fiction | Movie, TV & Video Game Tie-In Fiction | Humorous Fiction",",#3,259 in Audible Audiobooks & Originals (See Top 100 in Audible Audiobooks & Originals),#3 in Animal Fiction,#17 in Movie, TV & Video Game Tie-In Fiction,#29 in Humorous Fiction",3259.0,8 hours and 17 minutes,497.0,Both,1,1,1,a dog's purpose: a novel for humans,w. bruce cameron,1001+,260
A Feast for Crows: Book 4 of A Song of Ice and Fire,George R. R. Martin,4.4,4.4,6389.0,8.762489547371581,18149.0,"The complete, unabridged audiobook of A Feast for Crows.",Unknown,Unknown,,Unknown,,Both,1,0,0,a feast for crows: book 4 of a song of ice and fire,george r. r. martin,1001+,56
A Game of Thrones: Book 1 of A Song of Ice and Fire,George R. R. Martin,4.7,4.7,12923.0,9.466841326944389,18149.0,Unknown,Unknown,Unknown,,Unknown,,Both,0,0,0,a game of thrones: book 1 of a song of ice and fire,george r. r. martin,1001+,0
A Gentleman in Moscow,Amor Towles,4.6,4.6,16358.0,9.702533483594172,873.0,Unknown,Unknown,Unknown,,Unknown,,Both,0,0,0,a gentleman in moscow,amor towles,1001+,0
A Legacy of Spies,John le Carré,4.2,4.2,2315.0,7.747596838692885,888.0,Unknown,Unknown,Unknown,,Unknown,,Advanced Only,0,0,0,a legacy of spies,john le carré,1001+,0
A Little Life,Hanya Yanagihara,4.3,4.3,5291.0,8.573951525234847,323.0,Unknown,Unknown,Unknown,,Unknown,,Both,0,0,0,a little life,hanya yanagihara,1001+,0
A New Earth: Awakening Your Life's Purpose,Eckhart Tolle,4.7,4.7,5188.0,8.55429627936774,1131.0,"Building on the astonishing success of The Power of Now, Eckhart Tolle presents listeners with an honest look at the current state of humanity: He implores us to see and accept that this state, which is based on an erroneous identification with the egoic mind, is one of dangerous insanity.","Other Religions, Practices & Sacred Texts | Personal Development | Mind, Body & Spirit",",#347 in Audible Audiobooks & Originals (See Top 100 in Audible Audiobooks & Originals),#3 in Other Religions, Practices & Sacred Texts,#95 in Personal Development,#372 in Mind, Body & Spirit",347.0,9 hours and 12 minutes,552.0,Both,1,1,1,a new earth: awakening your life's purpose,eckhart tolle,1001+,290
A Prisoner of Birth,Jeffrey Archer,4.6,4.6,2287.0,7.735433352499688,323.0,You heard it here first: The unabridged edition of A Prisoner of Birth is only available as a download.,"Suspense | Literature & Fiction | Crime, Thriller & Mystery (Books)",",#1,725 in Audible Audiobooks & Originals (See Top 100 in Audible Audiobooks & Originals),#55 in Suspense,#382 in Literature & Fiction (Audible Audiobooks & Originals),#2,368 in Crime, Thriller & Mystery (Books)",1725.0,16 hours and 22 minutes,982.0,Both,1,1,1,a prisoner of birth,jeffrey archer,1001+,103
A River in Darkness: One Man's Escape from North Korea,Masaji Ishikawa,4.6,4.6,5131.0,8.543250725735527,586.0,"The harrowing true story of one man's life in—and subsequent escape from—North Korea, one of the world's most brutal totalitarian regimes.","Cultural, Ethnic & Regional Biographies | Biographies of Activists | Biographies of Politicians",",#1,285 in Audible Audiobooks & Originals (See Top 100 in Audible Audiobooks & Originals),#2 in Cultural, Ethnic & Regional Biographies,#6 in Biographies of Activists,#13 in Biographies of Politicians",1285.0,5 hours and 54 minutes,354.0,Both,1,1,1,a river in darkness: one man's escape from north korea,masaji ishikawa,1001+,138
"A Scare of a Dare: Diary of a Minecraft Zombie, Book 1",Zack Zombie,4.7,4.7,3028.0,8.015987811027237,132.0,Unknown,Unknown,Unknown,,Unknown,,Catalog Only,0,0,0,"a scare of a dare: diary of a minecraft zombie, book 1",zack zombie,1001+,0
A Short History of Nearly Everything,William Roberts,4.5,4.5,4319.0,8.371010681238156,797.0,Featuring a special introduction written for the audiobook edition and read by the author,Unknown,Unknown,,Unknown,,Both,1,0,0,a short history of nearly everything,william roberts,1001+,89
A Spy Among Friends: Kim Philby and the Great Betrayal,Ben Macintyre,4.6,4.6,1819.0,7.506591780070841,839.0,Unknown,Unknown,Unknown,,Unknown,,Both,0,0,0,a spy among friends: kim philby and the great betrayal,ben macintyre,1001+,0
A Squash and a Squeeze,Imelda Staunton,4.8,4.8,1643.0,7.404887575616125,323.0,"Visit the farm in this audio edition of A Squash and a Squeeze, read by Imelda Staunton and Steven Pacey - the first ever book from the unparalleled picture book partnership of Julia Donaldson and Axel Scheffler, creators of The Gruffalo. This audiobook also includes a read-along track, a song and an instrumental.",Literature & Fiction for Children | Children's Literature & Fiction (Books),",#4,222 in Audible Audiobooks & Originals (See Top 100 in Audible Audiobooks & Originals),#275 in Literature & Fiction for Children,#8,137 in Children's Literature & Fiction (Books)",4222.0,23 minutes,23.0,Both,1,1,1,a squash and a squeeze,imelda staunton,1001+,315
A Tale of Two Cities,Charles Dickens,4.2,4.2,7181.0,8.879333174786028,32.0,"After eighteen years as a political prisoner in the Bastille, the ageing Doctor Manette is finally released and reunited with his daughter in England. There the lives of two very different men, Charles Darnay, an exiled French aristocrat, and Sydney Carton, a disreputable but brilliant English lawyer, become enmeshed through their love for Lucie Manette. From the tranquil roads of London, they are drawn against their will to the vengeful, bloodstained streets of Paris at the height of the Reign of Terror, and they soon fall under the lethal shadow of La Guillotine.",Historical Fiction | Classic Literature | Historical Fiction (Books),",#667 in Audible Audiobooks & Originals (See Top 100 in Audible Audiobooks & Originals),#22 in Historical Fiction (Audible Audiobooks & Originals),#36 in Classic Literature,#312 in Historical Fiction (Books)",667.0,13 hours and 26 minutes,806.0,Both,1,1,1,a tale of two cities,charles dickens,1001+,571
A Time to Kill,John Grisham,4.6,4.6,3300.0,8.101980731853192,410.0,Unknown,Unknown,Unknown,,Unknown,,Both,0,0,0,a time to kill,john grisham,1001+,0
A Walk in the Woods,Bill Bryson,4.5,4.5,4078.0,8.313607139317558,683.0,Unknown,Unknown,Unknown,,Unknown,,Catalog Only,0,0,0,a walk in the woods,bill bryson,1001+,0
A Walk to Remember,Nicholas Sparks,4.5,4.5,1756.0,7.471363088187097,469.0,Unknown,Unknown,Unknown,,Unknown,,Both,0,0,0,a walk to remember,nicholas sparks,1001+,0
A Wanted Man: Jack Reacher 17,Lee Child,4.3,4.3,5723.0,8.652423140676342,1093.0,Unknown,Unknown,Unknown,,Unknown,,Catalog Only,0,0,0,a wanted man: jack reacher 17,lee child,1001+,0
A Wrinkle in Time,Madeleine L'Engle,4.5,4.5,3719.0,8.221478947267192,904.0,"Madeleine L'Engle's groundbreaking science fiction and fantasy classic, soon to be a major motion picture. This movie tie-in audiobook includes an introduction read by director Ava DuVernay, a foreword read by the author, and an afterword read by Madeleine L’Engle’s granddaughter Charlotte Jones Voiklis.",Time Travel Science Fiction for Children | Fiction Classics for Children | Fantasy & Magic for Children,",#2,226 in Audible Audiobooks & Originals (See Top 100 in Audible Audiobooks & Originals),#2 in Time Travel Science Fiction for Children,#24 in Fiction Classics for Children,#47 in Fantasy & Magic for Children",2226.0,6 hours and 27 minutes,387.0,Both,1,1,1,a wrinkle in time,madeleine l'engle,1001+,305
"Act like a Lady, Think like a Man: What Men Really Think About Love, Relationships, Intimacy, and Commitment",Steve Harvey,4.5,4.5,3609.0,8.191463051326927,10378.0,Unknown,Unknown,Unknown,,Unknown,,Catalog Only,0,0,0,"act like a lady, think like a man: what men really think about love, relationships, intimacy, and commitment",steve harvey,1001+,0
Alexander Hamilton,Ron Chernow,4.7,4.7,6558.0,8.788593431293735,1138.0,"Alexander Hamilton was an illegitimate, largely self-taught orphan from the Caribbean who overcame all the odds to become George Washington's aide-de-camp and the first Treasury Secretary of the United States. Few figures in American history are more controversial.",Historical Biographies | Biographies & Autobiographies (Books) | Textbooks & Study Guides,",#3,252 in Audible Audiobooks & Originals (See Top 100 in Audible Audiobooks & Originals),#23 in Historical Biographies,#4,098 in Biographies & Autobiographies (Books),#36,962 in Textbooks & Study Guides",3252.0,35 hours and 58 minutes,2158.0,Both,1,1,1,alexander hamilton,ron chernow,1001+,265
Alice's Adventures in Wonderland,Lewis Carroll,4.4,4.4,7605.0,8.936692688488204,333.0,"Golden Globe nominee Scarlett Johansson (Lost in Translation, Girl with a Pearl Earring) brings a palpable sense of joy and exuberance to her performance of Lewis Carroll's enduring classic Alice's Adventures in Wonderland. From the White Rabbit and Mad Hatter to the Cheshire Cat and Queen of Hearts, she imbues each madcap character with a distinct voice and personality that will leave a lasting impression long after the adventure is over.",Classic Fiction (Books),",#2,110 in Classic Fiction (Books)",,2 hours and 44 minutes,164.0,Both,1,1,1,alice's adventures in wonderland,lewis carroll,1001+,443
All the Bright Places: Movie Tie-In Edition,Jennifer Niven,4.7,4.7,2841.0,7.952263308657046,1256.0,This New York Times best-selling love story about two teens who find each other while standing on the edge is soon to be a Netflix film starring Elle Fanning and Justice Smith!,Fiction on Depression for Teens | Fiction on Suicide for Teens | Fiction on Mental Illness for Teens,",#3,237 in Audible Audiobooks & Originals (See Top 100 in Audible Audiobooks & Originals),#1 in Fiction on Depression for Teens,#2 in Fiction on Suicide for Teens,#2 in Fiction on Mental Illness for Teens",3237.0,11 hours and 4 minutes,664.0,Both,1,1,1,all the bright places: movie tie-in edition,jennifer niven,1001+,176
"Along Came a Spider: Alex Cross, Book 1",James Patterson,4.6,4.6,1759.0,7.473069088032197,820.0,Unknown,Unknown,Unknown,,Unknown,,Advanced Only,0,0,0,"along came a spider: alex cross, book 1",james patterson,1001+,0
"Always and Forever, Lara Jean",Jenny Han,4.7,4.7,2089.0,7.644919344958857,820.0,Lara Jean's letter-writing days aren't over in this surprise follow-up to the best-selling To All the Boys I've Loved Before and P.S. I Still Love You.,Fiction on Dating & Sex for Teens | Multicultural Romance | Contemporary Romance for Teens,",#2,277 in Audible Audiobooks & Originals (See Top 100 in Audible Audiobooks & Originals),#3 in Fiction on Dating & Sex for Teens,#4 in Multicultural Romance,#5 in Contemporary Romance for Teens",2277.0,8 hours and 47 minutes,527.0,Both,1,1,1,"always and forever, lara jean",jenny han,1001+,151
Americanah,Chimamanda Ngozi Adichie,4.5,4.5,6254.0,8.741136422901011,827.0,Shortlisted for the Baileys Women’s Prize for Fiction 2014.,African American Literature | Political Fiction | Women's Fiction,",#2,164 in Audible Audiobooks & Originals (See Top 100 in Audible Audiobooks & Originals),#8 in African American Literature,#10 in Political Fiction,#52 in Women's Fiction",2164.0,17 hours and 28 minutes,1048.0,Both,1,1,1,americanah,chimamanda ngozi adichie,1001+,59
An American Marriage (Oprah’s Book Club): A Novel,Tayari Jones,4.4,4.4,6002.0,8.700014623251842,820.0,Unknown,Unknown,Unknown,,Unknown,,Both,0,0,0,an american marriage (oprah’s book club): a novel,tayari jones,1001+,0
An Astronaut's Guide to Life on Earth,Chris Hadfield,4.7,4.7,2046.0,7.624130585661289,323.0,Unknown,Unknown,Unknown,,Unknown,,Both,0,0,0,an astronaut's guide to life on earth,chris hadfield,1001+,0
And the Mountains Echoed,Khaled Hosseini,4.3,4.3,10978.0,9.303739636234733,836.0,An unforgettable novel about finding a lost piece of yourself in someone else.,"Family Life Fiction | Literary Fiction | Crime, Thriller & Mystery (Books)",",#2,249 in Audible Audiobooks & Originals (See Top 100 in Audible Audiobooks & Originals),#33 in Family Life Fiction,#139 in Literary Fiction,#3,465 in Crime, Thriller & Mystery (Books)",2249.0,14 hours,840.0,Both,1,1,1,and the mountains echoed,khaled hosseini,1001+,78
And Then There Were None,Hugh Fraser,4.6,4.6,6315.0,8.750841375375533,8735.0,Unknown,Unknown,Unknown,,Unknown,,Catalog Only,0,0,0,and then there were none,hugh fraser,1001+,0
Animal Farm,George Orwell,4.6,4.6,10848.0,9.29182818882245,645.0,Unknown,Unknown,Unknown,,Unknown,,Both,0,0,0,animal farm,george orwell,1001+,0
Anna Karenina (AmazonClassics Edition),Leo Tolstoy,4.2,4.2,2560.0,7.848153086199526,1055.0,"Beautiful, popular, and fortunate, Anna Karenina is an upright wife and mother. But her passionless marriage to a senior statesman leads her into the arms of Count Alexey Vronsky. The dashing cavalry officer stokes in her something exciting and defiant. In abandoning the rules of her noble station, she's aware of the risks: a degraded reputation and the hostile recriminations of St. Petersburg society. But there are even greater stakes as Anna follows desires both romantic and carnal, emancipating and destructive.",Classic Literature | Literary Fiction | Classic Fiction (Books),",#4,020 in Audible Audiobooks & Originals (See Top 100 in Audible Audiobooks & Originals),#213 in Classic Literature,#231 in Literary Fiction,#3,792 in Classic Fiction (Books)",4020.0,38 hours and 7 minutes,2287.0,Advanced Only,1,1,1,anna karenina (amazonclassics edition),leo tolstoy,1001+,519
Anne of Green Gables (BBC Children's Classics),L. M. Montgomery,4.6,4.6,3923.0,8.274866820685254,410.0,Unknown,Unknown,Unknown,,Unknown,,Catalog Only,0,0,0,anne of green gables (bbc children's classics),l. m. montgomery,1001+,0
"Annihilation: Southern Reach Trilogy, Book 1",Jeff VanderMeer,3.9,3.9,2151.0,7.674152921281675,5709.0,Unknown,Unknown,Unknown,,Unknown,,Catalog Only,0,0,0,"annihilation: southern reach trilogy, book 1",jeff vandermeer,1001+,0
Apke Avchetan Man Ki Shakti [The Power of Your Subconscious Mind],Dr. Joseph Murphy,4.5,4.5,2296.0,7.739359202689098,668.0,Unknown,Unknown,Unknown,,Unknown,,Both,0,0,0,apke avchetan man ki shakti [the power of your subconscious mind],dr. joseph murphy,1001+,0
Armada,Ernest Cline,3.9,3.9,2795.0,7.935945103353701,888.0,Unknown,Unknown,Unknown,,Unknown,,Catalog Only,0,0,0,armada,ernest cline,1001+,0
Around the World in Eighty Days (AmazonClassics Edition),Jules Verne,4.4,4.4,1841.0,7.518607216815252,668.0,"Pragmatic gambler Phileas Fogg has made a gentlemanly wager to the members of his exclusive club: that he can circle the world in just eighty days, right down to the minute. Fetching his newly appointed French valet, Fogg embarks on a fabulous journey across land and sea - by steamer, rail, and elephant - to win the bet of a lifetime.",Classic Literature | Literary Fiction | Classic Fiction (Books),",#3,447 in Audible Audiobooks & Originals (See Top 100 in Audible Audiobooks & Originals),#180 in Classic Literature,#200 in Literary Fiction,#3,306 in Classic Fiction (Books)",3447.0,6 hours and 43 minutes,403.0,Advanced Only,1,1,1,around the world in eighty days (amazonclassics edition),jules verne,1001+,336
Art of Seduction: An Indispensible Primer on the Ultimate Form of Power,Robert Greene,4.5,4.5,1792.0,7.491645473605133,820.0,Unknown,Unknown,Unknown,,Unknown,,Catalog Only,0,0,0,art of seduction: an indispensible primer on the ultimate form of power,robert greene,1001+,0
Artemis,Andy Weir,4.1,4.1,3093.0,8.037220031133012,1003.0,The best-selling author of The Martian returns with an irresistible new near-future thriller - a heist story set on the moon.,"Science Fiction (Books) | Fantasy (Books) | Crime, Thriller & Mystery (Books)",",#901 in Science Fiction (Books),#2,455 in Fantasy (Books),#5,577 in Crime, Thriller & Mystery (Books)",,8 hours and 57 minutes,537.0,Both,1,1,1,artemis,andy weir,1001+,125
As a Man Thinketh,James Allen,4.4,4.4,4840.0,8.484876589939695,132.0,Unknown,Unknown,Unknown,,Unknown,,Catalog Only,0,0,0,as a man thinketh,james allen,1001+,0
"Ask Again, Yes",Mary Beth Keane,4.3,4.3,1844.0,7.520234556474628,888.0,Unknown,Unknown,Unknown,,Unknown,,Catalog Only,0,0,0,"ask again, yes",mary beth keane,1001+,0
Astrophysics for People in a Hurry,Neil deGrasse Tyson,4.6,4.6,7315.0,8.897819009510757,585.0,What is the nature of space and time? How do we fit within the universe? How does the universe fit within us? There's no better guide through these mind-expanding questions than acclaimed astrophysicist and best-selling author Neil deGrasse Tyson.,Physics | Astronomy | Astronomy (Books),",#203 in Audible Audiobooks & Originals (See Top 100 in Audible Audiobooks & Originals),#3 in Physics (Audible Audiobooks & Originals),#3 in Astronomy (Audible Audiobooks & Originals),#19 in Astronomy (Books)",203.0,3 hours and 41 minutes,221.0,Both,1,1,1,astrophysics for people in a hurry,neil degrasse tyson,1001+,247
Atlas Shrugged,Ayn Rand,4.3,4.3,5399.0,8.594154232552366,1406.0,"In defense of those greatest of human qualities that have made civilization possible, one man sets out to show what would happen to the world if all the heroes of innovation and industry went on strike. Is he a destroyer or a liberator? And why does he fight his hardest battle not against his enemies but against the woman he loves?",Political Fiction | Literary Fiction | Classic Literature,",#141 in Audible Audiobooks & Originals (See Top 100 in Audible Audiobooks & Originals),#2 in Political Fiction,#7 in Literary Fiction,#7 in Classic Literature",141.0,62 hours and 56 minutes,3776.0,Both,1,1,1,atlas shrugged,ayn rand,1001+,333
Atomic Habits: An Easy and Proven Way to Build Good Habits and Break Bad Ones,James Clear,4.6,4.6,4678.0,8.450839690866216,888.0,Brought to you by Penguin.,Psychology | Stress Management | Personal Success,",#5 in Audible Audiobooks & Originals (See Top 100 in Audible Audiobooks & Originals),#1 in Psychology (Audible Audiobooks & Originals),#3 in Stress Management,#4 in Personal Success",5.0,5 hours and 35 minutes,335.0,Both,1,1,1,atomic habits: an easy and proven way to build good habits and break bad ones,james clear,1001+,26
Autobiography of a Yogi,Paramahansa Yogananda,4.6,4.6,2244.0,7.716460800176355,1126.0,"This audio edition, featuring Academy Award winner Ben Kingsley's masterful narration, contains the complete text of Paramahansa Yogananda's life story, an absorbing account of a singular search for Truth. Yogananda describes his experiences with modern-day saints and illuminated masters of India, and presents a definitive introduction to the whole science and philosophy of Yoga.",Unknown,Unknown,,Unknown,,Both,1,0,0,autobiography of a yogi,paramahansa yogananda,1001+,382
Autobiography of a Yogi - Original Edition,Paramahansa Yogananda,4.6,4.6,2751.0,7.920083199053234,609.0,Unknown,Unknown,Unknown,,Unknown,,Catalog Only,0,0,0,autobiography of a yogi - original edition,paramahansa yogananda,1001+,0
Bad Blood,John Carreyrou,4.7,4.7,4679.0,8.451053388911692,323.0,A New York Times best seller.,White Collar & Corporate True Crime | True Accounts (Books) | Business & Careers,",#340 in Audible Audiobooks & Originals (See Top 100 in Audible Audiobooks & Originals),#1 in White Collar & Corporate True Crime,#79 in True Accounts (Books),#79 in Business & Careers",340.0,11 hours and 36 minutes,696.0,Both,1,1,1,bad blood,john carreyrou,1001+,29
Bad Luck and Trouble: Jack Reacher 11,Lee Child,4.6,4.6,3400.0,8.131824785007195,1093.0,Unknown,Unknown,Unknown,,Unknown,,Catalog Only,0,0,0,bad luck and trouble: jack reacher 11,lee child,1001+,0
"Bared to You: A Crossfire Novel, Book 1",Sylvia Day,4.3,4.3,8799.0,9.0825070004663,469.0,Please note: This audiobook contains graphic adult content.,Erotic Romance | Romantic Suspense | Women's Fiction,",#2,065 in Audible Audiobooks & Originals (See Top 100 in Audible Audiobooks & Originals),#4 in Erotic Romance,#9 in Romantic Suspense (Audible Audiobooks & Originals),#48 in Women's Fiction",2065.0,11 hours and 32 minutes,692.0,Both,1,1,1,"bared to you: a crossfire novel, book 1",sylvia day,1001+,59
Beartown,Fredrik Backman,4.5,4.5,3531.0,8.16961956172385,820.0,"Penguin presents the audiobook edition of Beartown by Fredik Backman, read by John Sackville.",Small Town & Rural Fiction | Sports Fiction | Crime Thrillers,",#1,763 in Audible Audiobooks & Originals (See Top 100 in Audible Audiobooks & Originals),#1 in Small Town & Rural Fiction,#4 in Sports Fiction,#26 in Crime Thrillers",1763.0,13 hours and 43 minutes,823.0,Advanced Only,1,1,1,beartown,fredrik backman,1001+,93
Beatrix Potter: The Complete Tales,Beatrix Potter,4.8,4.8,2207.0,7.699842407396986,615.0,Unknown,Unknown,Unknown,,Unknown,,Catalog Only,0,0,0,beatrix potter: the complete tales,beatrix potter,1001+,0
Because of Winn-Dixie,Kate DiCamillo,4.8,4.8,2341.0,7.758760544157663,502.0,A 2001 Newbery Medal Honor Book and now a major motion picture from Twentieth Century Fox.,Unknown,Unknown,,Unknown,,Both,1,0,0,because of winn-dixie,kate dicamillo,1001+,90
Becoming,Michelle Obama,4.6,4.6,13941.0,9.542661146046344,1093.0,Penguin presents the audiobook edition of Becoming by Michelle Obama.,Women Biographies | Biographies & Autobiographies (Books),",#12 in Audible Audiobooks & Originals (See Top 100 in Audible Audiobooks & Originals),#1 in Women Biographies,#13 in Biographies & Autobiographies (Books)",12.0,19 hours and 3 minutes,1143.0,Both,1,1,1,becoming,michelle obama,1001+,69
Before I Go To Sleep,S J Watson,4.2,4.2,7474.0,8.919319398258887,820.0,Unknown,Unknown,Unknown,,Unknown,,Catalog Only,0,0,0,before i go to sleep,s j watson,1001+,0
Behind Closed Doors,B A Paris,4.3,4.3,9641.0,9.173883834965569,713.0,"In this dark, psychological thriller, Georgia Maguire pushes listeners to explore the furthest limits of their moral codes. If the circumstances were bleak enough, what would you be willing to do to protect the ones you love?",Psychological Fiction | Psychological Thrillers | Crime Thrillers,",#3,892 in Audible Audiobooks & Originals (See Top 100 in Audible Audiobooks & Originals),#31 in Psychological Fiction,#59 in Psychological Thrillers,#61 in Crime Thrillers",3892.0,8 hours and 46 minutes,526.0,Both,1,1,1,behind closed doors,b a paris,1001+,225
Behind the Mask: My Autobiography,Tyson Fury,4.7,4.7,2076.0,7.638679823876112,888.0,Unknown,Unknown,Unknown,,Unknown,,Catalog Only,0,0,0,behind the mask: my autobiography,tyson fury,1001+,0
Believe in Yourself,Dr. Joseph Murphy,4.2,4.2,1739.0,7.461640392208575,234.0,Unknown,Unknown,Unknown,,Unknown,,Both,0,0,0,believe in yourself,dr. joseph murphy,1001+,0
Beloved,Toni Morrison,4.5,4.5,2397.0,7.7823903355874595,1131.0,"Toni Morrison is the Robert F. Goheen Professor of Humanities at Princeton University. She has received the National Book Critics Circle Award and the Pulitzer Prize. In 1993 she was awarded the Nobel Prize in Literature. She lives in Rockland County, New York, and Princeton, New Jersey.",African American Literature | Coming of Age Fiction | Historical Fiction,",#1,958 in Audible Audiobooks & Originals (See Top 100 in Audible Audiobooks & Originals),#6 in African American Literature,#14 in Coming of Age Fiction,#64 in Historical Fiction (Audible Audiobooks & Originals)",1958.0,12 hours and 3 minutes,723.0,Both,1,1,1,beloved,toni morrison,1001+,288
Beneath a Scarlet Sky: A Novel,Mark Sullivan,4.7,4.7,24240.0,10.095800693457734,804.0,Unknown,Unknown,Unknown,,Unknown,,Catalog Only,0,0,0,beneath a scarlet sky: a novel,mark sullivan,1001+,0
Between Shades of Gray,Ruta Sepetys,4.7,4.7,1633.0,7.3987862754199485,1156.0,Unknown,Unknown,Unknown,,Unknown,,Catalog Only,0,0,0,between shades of gray,ruta sepetys,1001+,0
Between the World and Me,Ta-Nehisi Coates,4.7,4.7,6615.0,8.797246236703527,879.0,Number-one New York Times best seller National Book Award winner Named one of Time’s Ten Best Nonfiction Books of the Decade Pulitzer Prize finalist National Book Critics Circle Award finalist,Racism & Discrimination Studies | United States History | Biographies & Memoirs,",#4,014 in Audible Audiobooks & Originals (See Top 100 in Audible Audiobooks & Originals),#8 in Racism & Discrimination Studies,#27 in United States History (Audible Audiobooks & Originals),#332 in Biographies & Memoirs (Audible Audiobooks & Originals)",4014.0,3 hours and 35 minutes,215.0,Both,1,1,1,between the world and me,ta-nehisi coates,1001+,192
Big Little Lies,Liane Moriarty,4.6,4.6,18129.0,9.805323303748898,930.0,Originally published as Little Lies.,Family Life Fiction | Women's Fiction | Mysteries,",#2,129 in Audible Audiobooks & Originals (See Top 100 in Audible Audiobooks & Originals),#31 in Family Life Fiction,#51 in Women's Fiction,#71 in Mysteries",2129.0,15 hours and 55 minutes,955.0,Both,1,1,1,big little lies,liane moriarty,1001+,36
Big Magic: Creative Living Beyond Fear,Elizabeth Gilbert,4.5,4.5,4222.0,8.348301054933943,1195.0,Unknown,Unknown,Unknown,,Unknown,,Catalog Only,0,0,0,big magic: creative living beyond fear,elizabeth gilbert,1001+,0
Bigger Leaner Stronger: The Simple Science of Building the Ultimate Male Body,Michael Matthews,4.6,4.6,5731.0,8.653819788948063,501.0,This book has helped thousands of men build their best bodies ever. Will you be next?,Fitness Workouts | Bodybuilding & Weightlifting | Healthy Living & Wellness,",#217 in Audible Audiobooks & Originals (See Top 100 in Audible Audiobooks & Originals),#1 in Fitness Workouts,#4 in Bodybuilding & Weightlifting,#124 in Healthy Living & Wellness",217.0,16 hours and 2 minutes,962.0,Both,1,1,1,bigger leaner stronger: the simple science of building the ultimate male body,michael matthews,1001+,85
Blood Meridian: Or the Evening Redness in the West,Cormac McCarthy,4.3,4.3,1801.0,7.496652438168283,1218.0,Unknown,Unknown,Unknown,,Unknown,,Advanced Only,0,0,0,blood meridian: or the evening redness in the west,cormac mccarthy,1001+,0
"Born to Run: The Hidden Tribe, the Ultra-Runners, and the Greatest Race the World Has Never Seen",Christopher McDougall,4.7,4.7,5106.0,8.538367426647644,721.0,Unknown,Outdoor Survival Skills (Books) | Marathon & Running | Travel Writing (Books),",#2 in Outdoor Survival Skills (Books),#6 in Marathon & Running,#25 in Travel Writing (Books)",,11 hours and 6 minutes,666.0,Both,0,1,1,"born to run: the hidden tribe, the ultra-runners, and the greatest race the world has never seen",christopher mcdougall,1001+,0
"Braiding Sweetgrass: Indigenous Wisdom, Scientific Knowledge and the Teachings of Plants",Robin Wall Kimmerer,4.8,4.8,1954.0,7.578145472419466,1172.0,Unknown,Native American Demographic Studies | Native American History | Botany & Plants,",#4,825 in Audible Audiobooks & Originals (See Top 100 in Audible Audiobooks & Originals),#4 in Native American Demographic Studies,#4 in Native American History,#5 in Botany & Plants",4825.0,16 hours and 44 minutes,1004.0,Both,0,1,1,"braiding sweetgrass: indigenous wisdom, scientific knowledge and the teachings of plants",robin wall kimmerer,1001+,0
Brave New World,Aldous Huxley,4.4,4.4,4987.0,8.514790306799927,702.0,Unknown,Unknown,Unknown,,Unknown,,Both,0,0,0,brave new world,aldous huxley,1001+,0
Braving the Wilderness: The Quest for True Belonging and the Courage to Stand Alone,Brené Brown,4.7,4.7,2614.0,7.869019376499023,615.0,"Random House presents the audiobook edition of Braving the Wilderness, written and read by Brené Brown.",Psychology | Society & Culture (Books) | Personal Development & Self-Help,",#2,739 in Audible Audiobooks & Originals (See Top 100 in Audible Audiobooks & Originals),#203 in Psychology (Audible Audiobooks & Originals),#1,928 in Society & Culture (Books),#5,671 in Personal Development & Self-Help",2739.0,4 hours and 12 minutes,252.0,Both,1,1,1,braving the wilderness: the quest for true belonging and the courage to stand alone,brené brown,1001+,103
Breaking the Habit of Being Yourself,Joe Dispenza,4.7,4.7,3667.0,8.207401833376355,836.0,"You are not doomed by your genes and hardwired to be a certain way for the rest of your life. A new science is emerging that empowers all human beings to create the reality they choose. In Breaking the Habit of Being Yourself, renowned author, speaker, researcher, and chiropractor Dr. Joe Dispenza combines the fields of quantum physics, neuroscience, brain chemistry, biology, and genetics to show you what is truly possible.",New Thought Spirituality | Spirituality (Books) | Personal Success,",#297 in Audible Audiobooks & Originals (See Top 100 in Audible Audiobooks & Originals),#3 in New Thought Spirituality,#37 in Spirituality (Books),#65 in Personal Success",297.0,10 hours and 49 minutes,649.0,Both,1,1,1,breaking the habit of being yourself,joe dispenza,1001+,427
Bring Up the Bodies,Hilary Mantel,4.5,4.5,4259.0,8.357024439263416,1032.0,"Costa Book of the Year, 2012",Fiction Sagas | World Literature | Historical Fiction,",#2,380 in Audible Audiobooks & Originals (See Top 100 in Audible Audiobooks & Originals),#22 in Fiction Sagas,#70 in World Literature (Audible Audiobooks & Originals),#85 in Historical Fiction (Audible Audiobooks & Originals)",2380.0,14 hours and 33 minutes,873.0,Both,1,1,1,bring up the bodies,hilary mantel,1001+,28
"Brisingr: The Inheritance Cycle, Book 3",Christopher Paolini,4.7,4.7,1749.0,7.467371066917559,1093.0,"Following the colossal battle against the Empire's warriors, Eragon and Saphira narrowly escaped with their lives. But more awaits the Rider and his dragon, as Eragon finds himself bound by promises he may not be able to keep, including his oath to cousin Roran to help rescue his beloved Katrina. When unrest claims the rebels and danger strikes, Eragon must make choices that take him across the Empire and beyond, choices that may lead to unimagined sacrifice.",Unknown,Unknown,,Unknown,,Both,1,0,0,"brisingr: the inheritance cycle, book 3",christopher paolini,1001+,463
Building a StoryBrand: Clarify Your Message So Customers Will Listen,Donald Miller,4.7,4.7,1712.0,7.44600149832412,9884.0,Unknown,Unknown,Unknown,,Unknown,,Both,0,0,0,building a storybrand: clarify your message so customers will listen,donald miller,1001+,0
Burial Rites,Hannah Kent,4.4,4.4,2294.0,7.738488122494646,323.0,Unknown,Unknown,Unknown,,Unknown,,Catalog Only,0,0,0,burial rites,hannah kent,1001+,0
Bury My Heart at Wounded Knee: An Indian History of the American West,Dee Brown,4.7,4.7,1774.0,7.4815557019095165,1003.0,Unknown,Unknown,Unknown,,Unknown,,Both,0,0,0,bury my heart at wounded knee: an indian history of the american west,dee brown,1001+,0
"Cabin Fever: Diary of a Wimpy Kid, Book 6",Jeff Kinney,4.6,4.6,3903.0,8.269756947532983,410.0,Unknown,Unknown,Unknown,,Unknown,,Both,0,0,0,"cabin fever: diary of a wimpy kid, book 6",jeff kinney,1001+,0
Call Me By Your Name,André Aciman,4.7,4.7,5971.0,8.69483715865908,635.0,Unknown,Unknown,Unknown,,Unknown,,Both,0,0,0,call me by your name,andré aciman,1001+,0
Can You Keep a Secret?,Sophie Kinsella,4.4,4.4,1800.0,7.496097345175956,911.0,Unknown,Unknown,Unknown,,Unknown,,Catalog Only,0,0,0,can you keep a secret?,sophie kinsella,1001+,0
Can't Hurt Me: Master Your Mind and Defy the Odds,David Goggins,4.8,4.8,11336.0,9.335826992017598,836.0,"For David Goggins, childhood was a nightmare - poverty, prejudice, and physical abuse colored his days and haunted his nights. But through self-discipline, mental toughness, and hard work, Goggins transformed himself from a depressed, overweight young man with no future into a US Armed Forces icon and one of the world's top endurance athletes. The only man in history to complete elite training as a Navy SEAL, Army Ranger, and Air Force Tactical Air Controller, he went on to set records in numerous endurance events, inspiring Outside magazine to name him The Fittest (Real) Man in America.",Biographies & Memoirs | Personal Success | Biographies & Autobiographies (Books),",#35 in Audible Audiobooks & Originals (See Top 100 in Audible Audiobooks & Originals),#7 in Biographies & Memoirs (Audible Audiobooks & Originals),#13 in Personal Success,#44 in Biographies & Autobiographies (Books)",35.0,13 hours and 37 minutes,817.0,Both,1,1,1,can't hurt me: master your mind and defy the odds,david goggins,1001+,594
Capital in the Twenty-First Century,Thomas Piketty,4.5,4.5,2164.0,7.68017564043659,1338.0,Unknown,Unknown,Unknown,,Unknown,,Both,0,0,0,capital in the twenty-first century,thomas piketty,1001+,0
Carry On,Rainbow Rowell,4.6,4.6,1703.0,7.440733707389261,323.0,"Simon Snow just wants to relax and savour his last year at the Watford School of Magicks, but no one will let him. His girlfriend broke up with him, his best friend is a pest and his mentor keeps trying to hide him away in the mountains, where maybe he'll be safe.",Unknown,Unknown,,Unknown,,Both,1,0,0,carry on,rainbow rowell,1001+,264
Catch 22,Joseph Heller,4.2,4.2,2424.0,7.793586803371584,93.0,"It’s the closing months of World War II and Yossarian has never been closer to death. Stationed in an American bomber squadron off the coast of Italy, each flight mission introduces him to thousands of people determined to kill him. But the enemy above is not Yossarian’s problem - it is his own army intent on keeping him airborne, and the maddening Catch-22 that allows for no possibility of escape.","Classic Literature | Classic Fiction (Books) | Crime, Thriller & Mystery (Books)",",#1,168 in Audible Audiobooks & Originals (See Top 100 in Audible Audiobooks & Originals),#57 in Classic Literature,#1,221 in Classic Fiction (Books),#1,498 in Crime, Thriller & Mystery (Books)",1168.0,2 hours and 42 minutes,162.0,Both,1,1,1,catch 22,joseph heller,1001+,401
"Catching Fire: The Hunger Games, Book 2",Suzanne Collins,4.7,4.7,15953.0,9.677464860471074,656.0,Unknown,Unknown,Unknown,,Unknown,,Both,0,0,0,"catching fire: the hunger games, book 2",suzanne collins,1001+,0
Chariots of the Gods,Erich von Daniken,4.3,4.3,2739.0,7.9157131993821155,668.0,"Erich von Däniken's Chariots of the Gods is a work of monumental importance---the first book to introduce the shocking theory that ancient Earth was visited by aliens. This world-famous best seller has withstood the test of time, inspiring countless books and films, including the author's own popular sequel, The Eye of the Sphinx. But here is where it all began---von Däniken's startling theories of our earliest encounters with alien worlds, based upon his lifelong studies of ancient ruins, lost cities, potential spaceports, and a myriad of hard scientific facts that point to extraterrestrial intervention in human history. Most incredible of all, however, is von Däniken's theory that we ourselves are the descendents of these galactic pioneers---and the archaeological discoveries that prove it:",Unexplained Mysteries | Ancient History | World History,",#2,270 in Audible Audiobooks & Originals (See Top 100 in Audible Audiobooks & Originals),#5 in Unexplained Mysteries,#12 in Ancient History (Audible Audiobooks & Originals),#39 in World History (Audible Audiobooks & Originals)",2270.0,5 hours and 55 minutes,355.0,Both,1,1,1,chariots of the gods,erich von daniken,1001+,803
Charlie and the Chocolate Factory,Roald Dahl,4.6,4.6,3531.0,8.16961956172385,615.0,Brought to you by Penguin.,Fiction Classics for Children | Fantasy & Magic for Children | Children's Fantasy (Books),",#1,064 in Audible Audiobooks & Originals (See Top 100 in Audible Audiobooks & Originals),#12 in Fiction Classics for Children,#22 in Fantasy & Magic for Children,#694 in Children's Fantasy (Books)",1064.0,3 hours and 17 minutes,197.0,Both,1,1,1,charlie and the chocolate factory,roald dahl,1001+,26
Charlotte's Web,E. B. White,4.8,4.8,5072.0,8.53168763756669,754.0,Unknown,Unknown,Unknown,,Unknown,,Both,0,0,0,charlotte's web,e. b. white,1001+,0
Children of Blood and Bone,Tomi Adeyemi,4.7,4.7,4945.0,8.506334448081361,323.0,Unknown,Unknown,Unknown,,Unknown,,Catalog Only,0,0,0,children of blood and bone,tomi adeyemi,1001+,0
Children of Time,Adrian Tchaikovsky,4.5,4.5,3748.0,8.229244416735913,873.0,Adrian Tchaikovksy's critically acclaimed stand-alone novel Children of Time is the epic story of humanity's battle for survival on a terraformed planet.,First Contact Science Fiction | Space Exploration Science Fiction | Space Opera Science Fiction,",#714 in Audible Audiobooks & Originals (See Top 100 in Audible Audiobooks & Originals),#1 in First Contact Science Fiction,#1 in Space Exploration Science Fiction,#2 in Space Opera Science Fiction",714.0,16 hours and 31 minutes,991.0,Both,1,1,1,children of time,adrian tchaikovsky,1001+,153
China Rich Girlfriend,Kevin Kwan,4.5,4.5,2667.0,7.889084407035514,805.0,"Kevin Kwan, best-selling author of Crazy Rich Asians, is back with a wickedly funny new novel of social climbing, secret e-mails, art-world scandal, lovesick billionaires and the outrageous story of what happens when Rachel Chu, engaged to marry Asia's most eligible bachelor, discovers her birth father.",Humorous Fiction | Literature & Fiction (Books),",#4,045 in Audible Audiobooks & Originals (See Top 100 in Audible Audiobooks & Originals),#38 in Humorous Fiction,#23,950 in Literature & Fiction (Books)",4045.0,15 hours and 4 minutes,904.0,Both,1,1,1,china rich girlfriend,kevin kwan,1001+,304
"Choose Yourself!: Be Happy, Make Millions, Live the Dream",James Altucher,4.4,4.4,2084.0,7.642524134232902,501.0,Unknown,Unknown,Unknown,,Unknown,,Catalog Only,0,0,0,"choose yourself!: be happy, make millions, live the dream",james altucher,1001+,0
Cilka's Journey: The Sequel to The Tattooist of Auschwitz,Heather Morris,4.8,4.8,3763.0,8.23323750070527,1328.0,Nominated in Best Fiction at the Audie Awards 2020.,Unknown,Unknown,,Unknown,,Both,1,0,0,cilka's journey: the sequel to the tattooist of auschwitz,heather morris,1001+,51
"Cinder: The Lunar Chronicles, Book 1",Marissa Meyer,4.6,4.6,3172.0,8.062432791583195,1063.0,The first instalment of The Lunar Chronicles - a futuristic reenvisioning of Cinderella in which Cinder is a cyborg mechanic.,Contemporary Fantasy | Children's Fantasy (Books) | Fantasy (Books),",#3,706 in Audible Audiobooks & Originals (See Top 100 in Audible Audiobooks & Originals),#18 in Contemporary Fantasy,#2,356 in Children's Fantasy (Books),#2,789 in Fantasy (Books)",3706.0,10 hours and 3 minutes,603.0,Both,1,1,1,"cinder: the lunar chronicles, book 1",marissa meyer,1001+,125
Circe,Madeline Miller,4.5,4.5,6560.0,8.788898309344878,721.0,Shortlisted for the Women's Prize for Fiction 2019,Epic Fantasy | Historical Fiction | Literary Fiction,",#517 in Audible Audiobooks & Originals (See Top 100 in Audible Audiobooks & Originals),#11 in Epic Fantasy,#16 in Historical Fiction (Audible Audiobooks & Originals),#28 in Literary Fiction",517.0,12 hours and 8 minutes,728.0,Both,1,1,1,circe,madeline miller,1001+,50
"City of Ashes: Mortal Instruments, Book 2",Cassandra Clare,4.7,4.7,3207.0,8.073402968986406,937.0,"With her mother in a coma and her father hell-bent on destroying the world, Clary Fray is dragged deeper into New York City's terrifying underworld of werewolves, demons, and the mysterious Shadowhunters. Discovering the truth about her past was only the beginning. Now the fate of the world rests on Clary's shoulders, but can she master her new-found powers and control her feelings for a boy who can never be hers?",Unknown,Unknown,,Unknown,,Advanced Only,1,0,0,"city of ashes: mortal instruments, book 2",cassandra clare,1001+,417
City of Bones,Cassandra Clare,4.5,4.5,4461.0,8.403352374992478,937.0,"Clary Fray is seeing things: vampires in Brooklyn and werewolves in Manhattan. Irresistably drawn towards a group of sexy demon hunters, Clary encounters the dark side of New York City - and the dangers of forbidden love.",Fantasy for Teens | Children's Horror & Ghost Stories (Books) | Painting (Books),",#1,096 in Audible Audiobooks & Originals (See Top 100 in Audible Audiobooks & Originals),#5 in Fantasy for Teens,#62 in Children's Horror & Ghost Stories (Books),#166 in Painting (Books)",1096.0,14 hours and 12 minutes,852.0,Both,1,1,1,city of bones,cassandra clare,1001+,221
City of Girls,Elizabeth Gilbert,4.4,4.4,4265.0,8.358431899031295,1328.0,"The blazingly brilliant new novel from Elizabeth Gilbert, author of the international best seller Eat Pray Love: a glittering coming-of-age epic stitched across the fabric of a lost New York.",Historical Fiction (Books),",#1,257 in Historical Fiction (Books)",,15 hours and 8 minutes,908.0,Advanced Only,1,1,1,city of girls,elizabeth gilbert,1001+,191
"City of Lost Souls: Mortal Instruments, Book 5",Cassandra Clare,4.7,4.7,3620.0,8.19450550976564,930.0,"Jace is now a servant of evil, bound for all eternity to Sebastian. Only a small band of Shadowhunters believe he can be saved. To do this they must defy the Clave. And they must act without Clary. For Clary is playing a dangerous game utterly alone. The price of losing is not just her own life but Jace's soul. Clary is willing to do anything for Jace, but can she still trust him? Or is he truly lost?",Paranormal Fantasy for Teens | Paranormal & Supernatural Fiction for Teens | Paranormal Romance for Teens,",#4,052 in Audible Audiobooks & Originals (See Top 100 in Audible Audiobooks & Originals),#1 in Paranormal Fantasy for Teens,#1 in Paranormal & Supernatural Fiction for Teens,#1 in Paranormal Romance for Teens",4052.0,17 hours and 39 minutes,1059.0,Advanced Only,1,1,1,"city of lost souls: mortal instruments, book 5",cassandra clare,1001+,404
Clockwork Prince,Cassandra Clare,4.8,4.8,1979.0,7.590852123688581,824.0,Unknown,Unknown,Unknown,,Unknown,,Catalog Only,0,0,0,clockwork prince,cassandra clare,1001+,0
Come Away with Me,Kristen Proby,4.0,4.0,2622.0,7.872073979866873,836.0,"Being confronted on the beach by a sexy stranger wasn't part of Natalie Conner's plans for a peaceful morning taking photos. And why on earth would he think she's taking pictures of him, anyway? Who is he? One thing’s for sure, he’s hot, and incredibly romantic, feeding Natalie’s wounded soul.",Unknown,Unknown,,Unknown,,Advanced Only,1,0,0,come away with me,kristen proby,1001+,294
Come Sundown,Nora Roberts,4.5,4.5,2761.0,7.923710333969238,1005.0,Unknown,Unknown,Unknown,,Unknown,,Catalog Only,0,0,0,come sundown,nora roberts,1001+,0
"Cometh the Hour: The Clifton Chronicles, Book 6",Jeffrey Archer,4.4,4.4,4512.0,8.414717399827001,323.0,"Cometh the Hour opens with the reading of a suicide note, which has devastating consequences for Harry and Emma Clifton, Giles Barrington and Lady Virginia.",Fiction Sagas | Family Life Fiction | Historical Fiction,",#2,087 in Audible Audiobooks & Originals (See Top 100 in Audible Audiobooks & Originals),#20 in Fiction Sagas,#30 in Family Life Fiction,#74 in Historical Fiction (Audible Audiobooks & Originals)",2087.0,13 hours and 3 minutes,783.0,Both,1,1,1,"cometh the hour: the clifton chronicles, book 6",jeffrey archer,1001+,156
Complex PTSD: From Surviving to Thriving,Pete Walker,4.8,4.8,2030.0,7.616283561580385,586.0,Unknown,Unknown,Unknown,,Unknown,,Both,0,0,0,complex ptsd: from surviving to thriving,pete walker,1001+,0
Conversations with Friends,Sally Rooney,4.3,4.3,2547.0,7.843064016692054,713.0,"Frances is a 21-year-old college student in Dublin; she performs at spoken word events with her best friend and ex-lover, Bobbi. When they are profiled by journalist Melissa, they enter an orbit of beautiful houses and raucous dinner parties. Initially unimpressed, Frances begins an affair with Nick, Melissa's husband, which gives way to an unexpected intimacy. Desperate to reconcile her desires and vulnerabilities of her body, Frances's intellectual certainties begin to yield to something new: a disorienting way of living from moment to moment.",Literary Fiction | Contemporary Fiction (Books),",#3,135 in Audible Audiobooks & Originals (See Top 100 in Audible Audiobooks & Originals),#180 in Literary Fiction,#6,039 in Contemporary Fiction (Books)",3135.0,8 hours and 33 minutes,513.0,Both,1,1,1,conversations with friends,sally rooney,1001+,551
Coraline: An Adventure Too Weird for Words,Neil Gaiman,4.7,4.7,2933.0,7.984121958702927,292.0,"Shortly after moving into an old house Coraline discovers a big, carved, brown wooden door at the far corner of the drawing room. And it is locked. Curiosity runs riot in Coraline's mind and she unlocks the door to see what lies behind it. Disappointingly, it opens onto a brick wall. Days later, after exploring the rest of the house and garden, Coraline returns to the same mysterious door and opens it again. This time, however, there is a dark hallway in front of her. Stepping inside, the place beyond has an eerie familiarity about it. The carpet and wallpaper are the same as in her flat. The picture hanging on the wall is the same. Almost. Strangest of all, her mum and dad are there too. Only they have buttons for eyes and seem more possessive than normal. It's a twisted version of her world that is familiar, and yet sinister. And matters get even more surreal for Coraline when her ""other"" parents seem reluctant to let her leave.",Unknown,",            5 star,          ,            ,              80%,            ,",,3 hours and 34 minutes,214.0,Both,1,0,1,coraline: an adventure too weird for words,neil gaiman,1001+,944
"Craving: The Steel Brothers Saga, Book 1",Helen Hardt,4.2,4.2,8840.0,9.087155271405804,837.0,Unknown,Unknown,Unknown,,Unknown,,Catalog Only,0,0,0,"craving: the steel brothers saga, book 1",helen hardt,1001+,0
Crazy Rich Asians,Kevin Kwan,4.3,4.3,4681.0,8.451480648050856,721.0,"Crazy Rich Asians is the outrageously funny debut novel about three super-rich, pedigreed Chinese families and the gossip, backbiting, and scheming that occurs when the heir to one of the most massive fortunes in Asia brings home his ABC (American-born Chinese) girlfriend to the wedding of the season.",Unknown,Unknown,,Unknown,,Both,1,0,0,crazy rich asians,kevin kwan,1001+,302
Creativity Inc.,Ed Catmull,4.7,4.7,1895.0,7.547501682814967,888.0,Unknown,Unknown,Unknown,,Unknown,,Both,0,0,0,creativity inc.,ed catmull,1001+,0
"Cress: The Lunar Chronicles, Book 3",Marissa Meyer,4.8,4.8,2185.0,7.689828668736484,1063.0,Unknown,Unknown,Unknown,,Unknown,,Both,0,0,0,"cress: the lunar chronicles, book 3",marissa meyer,1001+,0
Crime and Punishment,Fyodor Dostoevsky,4.4,4.4,2768.0,7.926241523170962,1338.0,Unknown,Russian Literature | Literary History & Criticism | Classic Literature,",#343 in Audible Audiobooks & Originals (See Top 100 in Audible Audiobooks & Originals),#1 in Russian Literature,#3 in Literary History & Criticism,#16 in Classic Literature",343.0,20 hours and 28 minutes,1228.0,Both,0,1,1,crime and punishment,fyodor dostoevsky,1001+,0
Crooked Kingdom,Leigh Bardugo,4.7,4.7,2077.0,7.639161171659173,1003.0,The highly anticipated sequel to the thrilling New York Times best-selling Six of Crows.,"Suspense | Literature & Fiction | Crime, Thriller & Mystery (Books)",",#2,302 in Audible Audiobooks & Originals (See Top 100 in Audible Audiobooks & Originals),#80 in Suspense,#545 in Literature & Fiction (Audible Audiobooks & Originals),#3,565 in Crime, Thriller & Mystery (Books)",2302.0,17 hours and 58 minutes,1078.0,Both,1,1,1,crooked kingdom,leigh bardugo,1001+,88
Crown of Midnight: A Throne of Glass Novel,Sarah J. Maas,4.8,4.8,3641.0,8.200288260287554,836.0,Unknown,Unknown,Unknown,,Unknown,,Both,0,0,0,crown of midnight: a throne of glass novel,sarah j. maas,1001+,0
"Crushing It!: How Great Entrepreneurs Build Their Business and Influence-and How You Can, Too",Gary Vaynerchuk,4.6,4.6,1732.0,7.457609289715606,11862.0,Four-time New York Times best-selling author Gary Vaynerchuk offers new lessons and inspiration drawn from the experiences of dozens of influencers and entrepreneurs who rejected the predictable corporate path in favor of pursuing their dreams by building thriving businesses and extraordinary personal brands.,Social Media | E-Commerce | Marketing,",#551 in Audible Audiobooks & Originals (See Top 100 in Audible Audiobooks & Originals),#3 in Social Media,#6 in E-Commerce,#15 in Marketing (Audible Audiobooks & Originals)",551.0,8 hours and 2 minutes,482.0,Both,1,1,1,"crushing it!: how great entrepreneurs build their business and influence-and how you can, too",gary vaynerchuk,1001+,310
Crushing: God Turns Pressure into Power,T. D. Jakes,4.8,4.8,1653.0,7.410951875583635,469.0,Unknown,Unknown,Unknown,,Unknown,,Both,0,0,0,crushing: god turns pressure into power,t. d. jakes,1001+,0
Daisy Jones and the Six,Taylor Jenkins Reid,4.4,4.4,3753.0,8.230577217146454,888.0,Brought to you by Penguin.,Contemporary Romance | Music Books | Contemporary Fiction (Books),",#2,208 in Audible Audiobooks & Originals (See Top 100 in Audible Audiobooks & Originals),#70 in Contemporary Romance (Audible Audiobooks & Originals),#306 in Music Books,#4,174 in Contemporary Fiction (Books)",2208.0,9 hours and 3 minutes,543.0,Both,1,1,1,daisy jones and the six,taylor jenkins reid,1001+,26
Dare to Lead,Brené Brown,4.7,4.7,3445.0,8.144969417087875,888.0,Brought to you by Penguin.,Leadership | Analysis & Strategy,",#446 in Audible Audiobooks & Originals (See Top 100 in Audible Audiobooks & Originals),#24 in Leadership,#760 in Analysis & Strategy",446.0,8 hours and 10 minutes,490.0,Both,1,1,1,dare to lead,brené brown,1001+,26
Dare: The New Way to End Anxiety and Stop Panic Attacks Fast,Barry McDonagh,4.7,4.7,1796.0,7.493873886783559,668.0,Unknown,Unknown,Unknown,,Unknown,,Catalog Only,0,0,0,dare: the new way to end anxiety and stop panic attacks fast,barry mcdonagh,1001+,0
"Daring Greatly: How the Courage to Be Vulnerable Transforms the Way We Live, Love, Parent, and Lead",Brené Brown,4.7,4.7,7407.0,8.910315776326016,888.0,"Penguin presents the audiobook edition of Daring Greatly, written and read by Brené Brown.",Self-Esteem | Leadership | Analysis & Strategy,",#246 in Audible Audiobooks & Originals (See Top 100 in Audible Audiobooks & Originals),#5 in Self-Esteem,#11 in Leadership,#436 in Analysis & Strategy",246.0,6 hours and 30 minutes,390.0,Both,1,1,1,"daring greatly: how the courage to be vulnerable transforms the way we live, love, parent, and lead",brené brown,1001+,90
"Dark in Death: In Death, Book 46",J. D. Robb,4.6,4.6,2279.0,7.731930721948486,1005.0,Unknown,Unknown,Unknown,,Unknown,,Catalog Only,0,0,0,"dark in death: in death, book 46",j. d. robb,1001+,0
Dark Matter,Blake Crouch,4.4,4.4,5083.0,8.533853632309345,323.0,'Are you happy in your life?',Technothrillers | Alternate History Science Fiction | Romance,",#250 in Audible Audiobooks & Originals (See Top 100 in Audible Audiobooks & Originals),#1 in Technothrillers,#1 in Alternate History Science Fiction,#4 in Romance (Audible Audiobooks & Originals)",250.0,10 hours and 8 minutes,608.0,Both,1,1,1,dark matter,blake crouch,1001+,29
Darker: Fifty Shades Darker as Told by Christian,E L James,4.7,4.7,5237.0,8.563695025067657,1093.0,Unknown,Unknown,Unknown,,Unknown,,Catalog Only,0,0,0,darker: fifty shades darker as told by christian,e l james,1001+,0
David and Goliath,Malcolm Gladwell,4.4,4.4,3949.0,8.281470857895167,569.0,Unknown,Unknown,Unknown,,Unknown,,Catalog Only,0,0,0,david and goliath,malcolm gladwell,1001+,0
David Copperfield,Charles Dickens,4.4,4.4,2601.0,7.86403565907245,1338.0,Unknown,Unknown,Unknown,,Unknown,,Both,0,0,0,david copperfield,charles dickens,1001+,0
Dear Zoo and Friends,Rod Campbell,4.7,4.7,9069.0,9.112727543109182,323.0,Unknown,Unknown,Unknown,,Unknown,,Catalog Only,0,0,0,dear zoo and friends,rod campbell,1001+,0
"Diary of a Wimpy Kid: Diary of a Wimpy Kid, Book 1",Jeff Kinney,4.6,4.6,4450.0,8.400884069015854,410.0,Brought to you by Puffin.,Humorous Fiction for Children | Children's Literature & Fiction (Books),",#1,467 in Audible Audiobooks & Originals (See Top 100 in Audible Audiobooks & Originals),#14 in Humorous Fiction for Children,#2,553 in Children's Literature & Fiction (Books)",1467.0,2 hours and 19 minutes,139.0,Both,1,1,1,"diary of a wimpy kid: diary of a wimpy kid, book 1",jeff kinney,1001+,25
Diary of a Young Girl,Anne Frank,4.5,4.5,3331.0,8.111328003286733,888.0,Brought to you by Penguin.,History of Judaism | World War II History | Historical Biographies,",#192 in Audible Audiobooks & Originals (See Top 100 in Audible Audiobooks & Originals),#1 in History of Judaism,#1 in World War II History,#2 in Historical Biographies",192.0,10 hours and 8 minutes,608.0,Both,1,1,1,diary of a young girl,anne frank,1001+,26
Diary of an Awesome Friendly Kid: Rowley Jefferson's Journal,Jeff Kinney,4.5,4.5,2669.0,7.889833751394295,410.0,"Get ready for a whole new look into Jeff Kinney's Diary of a Wimpy Kid! Introducing the newest Wimpy Kid author - Rowley Jefferson! Rowley's best friend, Greg Heffley, has been chronicling his middle-school years in 13 Diary of a Wimpy Kid journals...and counting. But it's finally time for listeners to hear directly from Rowley in a journal of his own.",Humorous Fiction for Children | Children's Literature & Fiction (Books),",#1,643 in Audible Audiobooks & Originals (See Top 100 in Audible Audiobooks & Originals),#19 in Humorous Fiction for Children,#2,932 in Children's Literature & Fiction (Books)",1643.0,1 hour and 36 minutes,96.0,Both,1,1,1,diary of an awesome friendly kid: rowley jefferson's journal,jeff kinney,1001+,354
"Die Trying: Jack Reacher, Book 2",Lee Child,4.4,4.4,5909.0,8.684401110400144,1093.0,Brought to you by Penguin.,Unknown,Unknown,,Unknown,,Both,1,0,0,"die trying: jack reacher, book 2",lee child,1001+,26
"Do No Harm: Stories of Life, Death, and Brain Surgery",Henry Marsh,4.7,4.7,2730.0,7.912423121473705,713.0,Unknown,Unknown,Unknown,,Unknown,,Catalog Only,0,0,0,"do no harm: stories of life, death, and brain surgery",henry marsh,1001+,0
"Dog Days: Diary of a Wimpy Kid, Book 4",Jeff Kinney,4.5,4.5,2681.0,7.894318063841624,410.0,Brought to you by Puffin.,Humorous Fiction for Children | Children's Literature & Fiction (Books),",#990 in Audible Audiobooks & Originals (See Top 100 in Audible Audiobooks & Originals),#8 in Humorous Fiction for Children,#1,627 in Children's Literature & Fiction (Books)",990.0,2 hours and 28 minutes,148.0,Both,1,1,1,"dog days: diary of a wimpy kid, book 4",jeff kinney,1001+,25
Don't Let Go,Harlan Coben,4.5,4.5,1969.0,7.585788821732034,752.0,Unknown,Unknown,Unknown,,Unknown,,Catalog Only,0,0,0,don't let go,harlan coben,1001+,0
"Double Down: Diary of a Wimpy Kid, Book 11",Jeff Kinney,4.6,4.6,4538.0,8.420462002456466,410.0,Brought to you by Puffin.,Humorous Fiction for Children | Children's Literature & Fiction (Books),",#1,180 in Audible Audiobooks & Originals (See Top 100 in Audible Audiobooks & Originals),#11 in Humorous Fiction for Children,#2,065 in Children's Literature & Fiction (Books)",1180.0,2 hours and 25 minutes,145.0,Both,1,1,1,"double down: diary of a wimpy kid, book 11",jeff kinney,1001+,25
Dracula [Audible Edition],Bram Stoker,4.3,4.3,6008.0,8.701013624333928,1003.0,Unknown,Unknown,Unknown,,Unknown,,Catalog Only,0,0,0,dracula [audible edition],bram stoker,1001+,0
Drive: The Surprising Truth about What Motivates Us,Daniel H. Pink,4.5,4.5,2069.0,7.635303886259415,683.0,Unknown,Unknown,Unknown,,Unknown,,Both,0,0,0,drive: the surprising truth about what motivates us,daniel h. pink,1001+,0
Drop the Rock: Removing Character Defects - Steps Six and Seven,Bill P.,4.8,4.8,2129.0,7.6638772587034705,501.0,Unknown,Unknown,Unknown,,Unknown,,Catalog Only,0,0,0,drop the rock: removing character defects - steps six and seven,bill p.,1001+,0
Dumpty: The Age of Trump in Verse,John Lithgow,4.7,4.7,1721.0,7.451241684987676,500.0,Unknown,Unknown,Unknown,,Unknown,,Both,0,0,0,dumpty: the age of trump in verse,john lithgow,1001+,0
"Dying to Be Me: My Journey from Cancer, to Near Death, to True Healing",Anita Moorjani,4.5,4.5,4107.0,8.32069157104845,585.0,"In this truly inspirational audio book, Anita Moorjani relates how, after fighting cancer for almost four years, her body began shutting down - overwhelmed by the malignant cells spreading throughout her system. As her organs failed, she entered into an extraordinary near-death experience (NDE) where she realized her inherent worth... and the actual cause of her disease. Upon regaining consciousness, Anita found that her condition had improved so rapidly that she was released from the hospital within weeks - without a trace of cancer in her body!",Healthy Living & Wellness | Biographies & Autobiographies (Books),",#4,039 in Healthy Living & Wellness,#6,114 in Biographies & Autobiographies (Books)",,6 hours and 40 minutes,400.0,Both,1,1,1,"dying to be me: my journey from cancer, to near death, to true healing",anita moorjani,1001+,552
E-Squared: Nine Do-It-Yourself Energy Experiments That Prove Your Thoughts Create Your Reality,Pam Grout,4.4,4.4,4442.0,8.399085102935908,561.0,Unknown,Unknown,Unknown,,Unknown,,Catalog Only,0,0,0,e-squared: nine do-it-yourself energy experiments that prove your thoughts create your reality,pam grout,1001+,0
Eat That Frog!,Brian Tracy,4.5,4.5,2094.0,7.647308832356238,351.0,"There just isn't enough time for everything on our to-do list - and there never will be. Successful people don't try to do everything. They learn to focus on the most important tasks and make sure those get done. They eat their frogs. There's an old saying that if the first thing you do each morning is eat a live frog, you'll have the satisfaction of knowing you're done with the worst thing you'll have to do all day. For Tracy, eating a frog is a metaphor for tackling your most challenging task - but also the one that can have the greatest positive impact on your life. Eat That Frog! shows you how to organize each day so you can zero in on these critical tasks and accomplish them efficiently and effectively.",Time Management & Productivity | Business Management | Business Motivation & Self-Improvement,",#57 in Audible Audiobooks & Originals (See Top 100 in Audible Audiobooks & Originals),#2 in Time Management & Productivity,#3 in Business Management,#4 in Business Motivation & Self-Improvement",57.0,2 hours and 37 minutes,157.0,Both,1,1,1,eat that frog!,brian tracy,1001+,717
"Eat, Pray, Love: One Woman's Search for Everything Across Italy, India and Indonesia",Elizabeth Gilbert,4.3,4.3,3136.0,8.051022208190679,937.0,"It's 3 a.m., and Elizabeth Gilbert is sobbing on the bathroom floor. She's in her 30s, she has a husband, a house, they're trying for a baby - and she doesn't want any of it. A bitter divorce and a turbulent love affair later, she emerges battered and bewildered, and realises it is time to pursue her own journey in search of three things she has been missing: pleasure, devotion, and balance.","Adventurers, Explorers & Survival Biographies | Biographies of Authors | Travel Writing & Commentary",",#1,225 in Audible Audiobooks & Originals (See Top 100 in Audible Audiobooks & Originals),#3 in Adventurers, Explorers & Survival Biographies,#3 in Biographies of Authors,#4 in Travel Writing & Commentary",1225.0,12 hours and 50 minutes,770.0,Both,1,1,1,"eat, pray, love: one woman's search for everything across italy, india and indonesia",elizabeth gilbert,1001+,394
Educated,Tara Westover,4.7,4.7,19643.0,9.885527227159136,888.0,Brought to you by Penguin.,Relationships | Women Biographies | Family & Relationships,",#107 in Audible Audiobooks & Originals (See Top 100 in Audible Audiobooks & Originals),#1 in Relationships,#2 in Women Biographies,#48 in Family & Relationships",107.0,12 hours and 10 minutes,730.0,Both,1,1,1,educated,tara westover,1001+,26
Ego Is the Enemy,Ryan Holiday,4.5,4.5,1665.0,7.418180822726788,586.0,"""While the history books are filled with tales of obsessive visionary geniuses who remade the world in their images with sheer, almost irrational force, I've found that history is also made by individuals who fought their egos at every turn, who eschewed the spotlight, and who put their higher goals above their desire for recognition."" (From the prologue)",Business Motivation & Self-Improvement | Personal Success | Analysis & Strategy,",#857 in Audible Audiobooks & Originals (See Top 100 in Audible Audiobooks & Originals),#39 in Business Motivation & Self-Improvement,#152 in Personal Success,#1,372 in Analysis & Strategy",857.0,6 hours and 56 minutes,416.0,Both,1,1,1,ego is the enemy,ryan holiday,1001+,357
El Alquimista [The Alchemist],Paulo Coelho,4.7,4.7,2227.0,7.708859601047175,601.0,Unknown,Unknown,Unknown,,Unknown,,Catalog Only,0,0,0,el alquimista [the alchemist],paulo coelho,1001+,0
Elantris,Brandon Sanderson,4.6,4.6,1836.0,7.515889085215125,990.0,"Elantris was built on magic, and it thrived. But then the magic began to fade, and Elantris began to rot. Now its shattered citizens face domination by a powerful Imperium. Can a young Princess unite the people of Elantris and lead a rebellion against the imperial zealots?",Action & Adventure Fantasy | Epic Fantasy | Fantasy (Books),",#764 in Audible Audiobooks & Originals (See Top 100 in Audible Audiobooks & Originals),#4 in Action & Adventure Fantasy,#15 in Epic Fantasy,#511 in Fantasy (Books)",764.0,28 hours and 42 minutes,1722.0,Both,1,1,1,elantris,brandon sanderson,1001+,273
Eleanor Oliphant Is Completely Fine,Gail Honeyman,4.5,4.5,19041.0,9.854402344845637,10080.0,Unknown,Unknown,Unknown,,Unknown,,Both,0,0,0,eleanor oliphant is completely fine,gail honeyman,1001+,0
Elon Musk,Ashlee Vance,4.5,4.5,6491.0,8.778325928634482,888.0,Brought to you by Penguin.,Biographies of Science & Technology Leaders | Engineering & Technology (Books) | Biographies of Business Leaders,",#23 in Audible Audiobooks & Originals (See Top 100 in Audible Audiobooks & Originals),#1 in Biographies of Science & Technology Leaders,#3 in Engineering & Technology (Books),#3 in Biographies of Business Leaders",23.0,13 hours and 23 minutes,803.0,Both,1,1,1,elon musk,ashlee vance,1001+,26
Emma [Naxos Edition],Jane Austen,4.3,4.3,2025.0,7.613818684808629,1003.0,"One of Jane Austen's most popular novels. Arrogant, self-willed, and egotistical, Emma is her most unusual heroine.",Historical Fiction | Classic Literature | Historical Fiction (Books),",#3,550 in Audible Audiobooks & Originals (See Top 100 in Audible Audiobooks & Originals),#130 in Historical Fiction (Audible Audiobooks & Originals),#186 in Classic Literature,#2,613 in Historical Fiction (Books)",3550.0,16 hours and 39 minutes,999.0,Both,1,1,1,emma [naxos edition],jane austen,1001+,115
Empire of Storms,Sarah J. Maas,4.8,4.8,3751.0,8.230044310126114,1338.0,Unknown,Unknown,Unknown,,Unknown,,Both,0,0,0,empire of storms,sarah j. maas,1001+,0
End of Days: What You Need to Know Now About the End of the World,Sylvia Browne,4.2,4.2,2547.0,7.843064016692054,632.0,"Religious wars, global terrorism, genocide, ecological disaster: Today's world is a scary place. The Information Age has carried us into the Age of Anxiety, where everyone is on edge, wondering what is coming next. What will happen in 2012, when the Mayan calendar predicts the end of the world? What will the next 50 years bring? The next 100 years? If the world really is going to end, what then?","Divination | Mind, Body & Spirit",",#3,095 in Audible Audiobooks & Originals (See Top 100 in Audible Audiobooks & Originals),#2 in Divination,#3,295 in Mind, Body & Spirit",3095.0,5 hours and 6 minutes,306.0,Both,1,1,1,end of days: what you need to know now about the end of the world,sylvia browne,1001+,398
Endurance: Shackleton's Incredible Voyage,Alfred Lansing,4.8,4.8,3005.0,8.00836557031292,836.0,"In August of 1914, the British ship Endurance set sail for the South Atlantic. In October 1915, still half a continent away from its intended base, the ship was trapped, then crushed in the ice. For five months, Sir Ernest Shackleton and his men, drifting on ice packs, were castaways in one of the most savage regions of the world.",World History | History (Books) | Textbooks & Study Guides,",#518 in Audible Audiobooks & Originals (See Top 100 in Audible Audiobooks & Originals),#11 in World History (Audible Audiobooks & Originals),#1,245 in History (Books),#5,704 in Textbooks & Study Guides",518.0,10 hours and 20 minutes,620.0,Both,1,1,1,endurance: shackleton's incredible voyage,alfred lansing,1001+,332
Essentialism: The Disciplined Pursuit of Less,Greg McKeown,4.6,4.6,2997.0,8.005700678662542,888.0,Brought to you by Penguin.,Business & Careers | Analysis & Strategy,",#119 in Audible Audiobooks & Originals (See Top 100 in Audible Audiobooks & Originals),#32 in Business & Careers,#232 in Analysis & Strategy",119.0,6 hours and 14 minutes,374.0,Both,1,1,1,essentialism: the disciplined pursuit of less,greg mckeown,1001+,26
Everyone Has a Story,Savi Sharma,4.1,4.1,4943.0,8.505929999137527,501.0,Unknown,Unknown,Unknown,,Unknown,,Both,0,0,0,everyone has a story,savi sharma,1001+,0
Everything I Never Told You,Celeste Ng,4.3,4.3,7599.0,8.935903526274423,793.0,Lydia is the favourite child of Marilyn and James Lee - a girl who inherited her mother's bright-blue eyes and her father's jet-black hair.,Contemporary Fiction (Books),",#7,890 in Contemporary Fiction (Books)",,10 hours and 1 minute,601.0,Both,1,1,1,everything i never told you,celeste ng,1001+,139
Everything Is F*cked: A Book About Hope,Mark Manson,4.3,4.3,2390.0,7.779466967458324,10378.0,From the author of the international mega-best-seller The Subtle Art of Not Giving A F*ck comes a counterintuitive guide to the problems of hope.,Satire Fiction | Humour (Books) | Personal Success,",#85 in Audible Audiobooks & Originals (See Top 100 in Audible Audiobooks & Originals),#1 in Satire Fiction,#19 in Humour (Books),#24 in Personal Success",85.0,7 hours and 2 minutes,422.0,Both,1,1,1,everything is f*cked: a book about hope,mark manson,1001+,145
Everything is Figureoutable: How One Simple Belief Can Help Us Overcome Any Obstacle and Create Unstoppable Success,Marie Forleo,4.8,4.8,1877.0,7.537962659768208,888.0,Brought to you by Penguin.,Lifestyle & Personal Style Guides (Books) | Personal Success in Business | Personal Success,",#82 in Audible Audiobooks & Originals (See Top 100 in Audible Audiobooks & Originals),#5 in Lifestyle & Personal Style Guides (Books),#12 in Personal Success in Business,#23 in Personal Success",82.0,7 hours and 54 minutes,474.0,Both,1,1,1,everything is figureoutable: how one simple belief can help us overcome any obstacle and create unstoppable success,marie forleo,1001+,26
"Everything, Everything",Nicola Yoon,4.6,4.6,3354.0,8.118207049405783,1005.0,"This innovative, heartfelt debut novel tells the story of a girl who's literally allergic to the outside world. When a new family moves in next door, she begins a complicated romance that challenges everything she's ever known.",Unknown,Unknown,,Unknown,,Both,1,0,0,"everything, everything",nicola yoon,1001+,227
Evicted: Poverty and Profit in the American City,Matthew Desmond,4.7,4.7,1938.0,7.569927655242652,752.0,Unknown,Unknown,Unknown,,Unknown,,Catalog Only,0,0,0,evicted: poverty and profit in the american city,matthew desmond,1001+,0
Eye of the Needle,Ken Follett,4.6,4.6,2442.0,7.8009820712577405,323.0,Unknown,Unknown,Unknown,,Unknown,,Catalog Only,0,0,0,eye of the needle,ken follett,1001+,0
Fahrenheit 451,Ray Bradbury,4.5,4.5,6720.0,8.812992231969966,668.0,Unknown,Unknown,Unknown,,Unknown,,Catalog Only,0,0,0,fahrenheit 451,ray bradbury,1001+,0
Fall of Giants,Ken Follett,4.5,4.5,9044.0,9.109967397829395,323.0,Unknown,Unknown,Unknown,,Unknown,,Both,0,0,0,fall of giants,ken follett,1001+,0
Fallen Too Far,Abbi Glines,4.5,4.5,2450.0,7.804251383528112,668.0,Unknown,Unknown,Unknown,,Unknown,,Catalog Only,0,0,0,fallen too far,abbi glines,1001+,0
False Impression,Anton Lesser,4.5,4.5,1664.0,7.417580402414544,323.0,Unknown,Unknown,Unknown,,Unknown,,Both,0,0,0,false impression,anton lesser,1001+,0
Fangirl,Rainbow Rowell,4.4,4.4,2655.0,7.884576510596324,323.0,"Cath and Wren are identical twins, and until recently they did absolutely everything together. Now they're off to university, and Wren's decided she doesn't want to be one half of a pair any more - she wants to dance, meet boys, go to parties and let loose. It's not so easy for Cath. She's horribly shy and has always buried herself in the fan fiction she writes, where she always knows exactly what to say and can write a romance far more intense than anything she's experienced in real life.",Fiction on Loners & Outcasts for Teens | Audiobooks on Siblings for Teens | Fiction on Family for Teens,",#1,808 in Audible Audiobooks & Originals (See Top 100 in Audible Audiobooks & Originals),#1 in Fiction on Loners & Outcasts for Teens,#2 in Audiobooks on Siblings for Teens,#3 in Fiction on Family for Teens",1808.0,12 hours and 49 minutes,769.0,Both,1,1,1,fangirl,rainbow rowell,1001+,494
Fantastic Beasts and Where to Find Them: Read by Eddie Redmayne,J.K. Rowling,4.5,4.5,2363.0,7.768110378525988,652.0,"A set textbook at Hogwarts School of Witchcraft and Wizardry since publication, Newt Scamander's masterpiece has entertained wizarding families through the generations. Fantastic Beasts and Where to Find Them is an indispensable introduction to the magical beasts of the wizarding world.",Unknown,Unknown,,Unknown,,Both,1,0,0,fantastic beasts and where to find them: read by eddie redmayne,j.k. rowling,1001+,287
Fantastic Mr Fox,Roald Dahl,4.7,4.7,1704.0,7.4413203897176174,615.0,Unknown,Unknown,Unknown,,Unknown,,Catalog Only,0,0,0,fantastic mr fox,roald dahl,1001+,0
"Feel the Fear and Do It Anyway: Dynamic Techniques for Turning Fear, Indecision, and Anger into Power, Action, and Love",Susan Jeffers PhD,4.6,4.6,2300.0,7.741099090035366,469.0,"""Living is taking chances, and Feel the Fear and Do It Anyway has helped so many people-both men and women-to achieve success."" (Louise Hay, the best-selling author of You Can Heal Your Life)",Personal Success | Personal Development & Self-Help,",#1,109 in Audible Audiobooks & Originals (See Top 100 in Audible Audiobooks & Originals),#187 in Personal Success,#2,552 in Personal Development & Self-Help",1109.0,6 hours and 7 minutes,367.0,Both,1,1,1,"feel the fear and do it anyway: dynamic techniques for turning fear, indecision, and anger into power, action, and love",susan jeffers phd,1001+,191
Feeling Good: The New Mood Therapy,David D. Burns,4.3,4.3,3193.0,8.069029328774958,13840.0,Unknown,Unknown,Unknown,,Unknown,,Both,0,0,0,feeling good: the new mood therapy,david d. burns,1001+,0
Fifty Shades Darker: Book Two of the Fifty Shades Trilogy,E. L. James,4.3,4.3,20842.0,9.94477343944167,1093.0,"For all those who loved Fifty Shades of Grey, the second instalment will have you no less enthralled. Immerse yourself once again in E.L. James' sinfully debauched world.",Women's Fiction | Contemporary Romance | Contemporary Fiction (Books),",#2,724 in Audible Audiobooks & Originals (See Top 100 in Audible Audiobooks & Originals),#69 in Women's Fiction,#92 in Contemporary Romance (Audible Audiobooks & Originals),#5,160 in Contemporary Fiction (Books)",2724.0,19 hours and 49 minutes,1189.0,Both,1,1,1,fifty shades darker: book two of the fifty shades trilogy,e. l. james,1001+,170
Fifty Shades Freed: Book Three of the Fifty Shades Trilogy,E. L. James,4.4,4.4,17597.0,9.775540538205506,1093.0,"In the final instalment of the trilogy that has left a whole generation breathless, E. L. James brings the fiery story of Christian and Ana to a truly thrilling crescendo.",Romance (Books),",#2,094 in Romance (Books)",,20 hours and 59 minutes,1259.0,Both,1,1,1,fifty shades freed: book three of the fifty shades trilogy,e. l. james,1001+,171
Fifty Shades of Grey: Book One of the Fifty Shades Trilogy,E. L. James,3.8,3.8,38310.0,10.55349234019923,1093.0,Unknown,Unknown,Unknown,,Unknown,,Both,0,0,0,fifty shades of grey: book one of the fifty shades trilogy,e. l. james,1001+,0
Fight Club,Chuck Palahniuk,4.6,4.6,2126.0,7.662467815200237,372.0,Unknown,Unknown,Unknown,,Unknown,,Advanced Only,0,0,0,fight club,chuck palahniuk,1001+,0
"Fighting Destiny: The Fae Chronicles, Book 1",Amelia Hutchins,4.5,4.5,2066.0,7.633853559681768,836.0,Unknown,Unknown,Unknown,,Unknown,,Both,0,0,0,"fighting destiny: the fae chronicles, book 1",amelia hutchins,1001+,0
Find Me,André Aciman,4.3,4.3,1761.0,7.474204806496124,759.0,Unknown,Unknown,Unknown,,Unknown,,Catalog Only,0,0,0,find me,andré aciman,1001+,0
Finding Me,Michelle Knight,4.8,4.8,5053.0,8.52793528794814,600.0,Unknown,Unknown,Unknown,,Unknown,,Catalog Only,0,0,0,finding me,michelle knight,1001+,0
Fire and Blood: 300 Years Before A Game of Thrones (A Targaryen History) (A Song of Ice and Fire),George R.R. Martin,4.4,4.4,3764.0,8.233503140233994,18149.0,"Set 300 years before A Game of Thrones, an even greater game began, one that set the skies alight with dragon flame and saw the Seven Kingdoms turned to ash.",Action & Adventure Fantasy | Historical Fantasy | Military Fantasy,",#193 in Audible Audiobooks & Originals (See Top 100 in Audible Audiobooks & Originals),#1 in Action & Adventure Fantasy,#1 in Historical Fantasy,#2 in Military Fantasy",193.0,26 hours and 24 minutes,1584.0,Both,1,1,1,fire and blood: 300 years before a game of thrones (a targaryen history) (a song of ice and fire),george r.r. martin,1001+,157
Fish in a Tree,Lynda Hunt,4.8,4.8,2025.0,7.613818684808629,904.0,Unknown,Unknown,Unknown,,Unknown,,Catalog Only,0,0,0,fish in a tree,lynda hunt,1001+,0
Flash Boys,Michael Lewis,4.5,4.5,3432.0,8.141189793457691,752.0,Unknown,Unknown,Unknown,,Unknown,,Advanced Only,0,0,0,flash boys,michael lewis,1001+,0
Frankenstein,Mary Shelley,4.4,4.4,3650.0,8.202756381655638,836.0,"Audie Award Finalist, Solo Narration - Male, 2013",Horror Fiction | Classic Literature | Horror (Books),",#2,931 in Audible Audiobooks & Originals (See Top 100 in Audible Audiobooks & Originals),#24 in Horror Fiction,#151 in Classic Literature,#468 in Horror (Books)",2931.0,8 hours and 35 minutes,515.0,Both,1,1,1,frankenstein,mary shelley,1001+,49
Freakonomics: A Rogue Economist Explores the Hidden Side of Everything,Steven D. Levitt,4.4,4.4,2268.0,7.727094484779841,888.0,Unknown,Unknown,Unknown,,Unknown,,Catalog Only,0,0,0,freakonomics: a rogue economist explores the hidden side of everything,steven d. levitt,1001+,0
Get Out of Your Head: Stopping the Spiral of Toxic Thoughts,Jennie Allen,4.7,4.7,2622.0,7.872073979866873,879.0,Unknown,Unknown,Unknown,,Unknown,,Catalog Only,0,0,0,get out of your head: stopping the spiral of toxic thoughts,jennie allen,1001+,0
"Girl, Woman, Other",Bernardine Evaristo,4.5,4.5,2091.0,7.645875825184813,888.0,Brought to you by Penguin.,African American Literature | Coming of Age Fiction | Women's Fiction,",#139 in Audible Audiobooks & Originals (See Top 100 in Audible Audiobooks & Originals),#1 in African American Literature,#1 in Coming of Age Fiction,#2 in Women's Fiction",139.0,11 hours and 7 minutes,667.0,Both,1,1,1,"girl, woman, other",bernardine evaristo,1001+,26
Go Pro - 7 Steps to Becoming a Network Marketing Professional,Eric Worre,4.8,4.8,4424.0,8.39502555744203,233.0,"Over twenty years ago at a company convention, Eric Worre had an ""aha"" moment that changed his life forever. At that event he made the decision to Go Pro and become a Network Marketing expert. Since that time, he has focused on developing the skills to do just that. In doing so, Eric has touched and been touched by hundreds of thousands of people around the world. Now he shares his wisdom in a guide that will ignite your passion for this profession and help you make the decision to Go Pro and create the life of your dreams.",Business Sales | Marketing | Business Careers,",#375 in Audible Audiobooks & Originals (See Top 100 in Audible Audiobooks & Originals),#4 in Business Sales,#10 in Marketing (Audible Audiobooks & Originals),#14 in Business Careers",375.0,2 hours and 49 minutes,169.0,Both,1,1,1,go pro - 7 steps to becoming a network marketing professional,eric worre,1001+,529
Go the F--k to Sleep,Adam Mansbach,4.8,4.8,7179.0,8.87905466204227,56.0,Unknown,Unknown,Unknown,,Unknown,,Both,0,0,0,go the f--k to sleep,adam mansbach,1001+,0
God Is Not Great: How Religion Poisons Everything,Christopher Hitchens,4.7,4.7,2797.0,7.936660155225426,500.0,Unknown,Atheism | Religion & Sociology | Atheism (Books),",#659 in Audible Audiobooks & Originals (See Top 100 in Audible Audiobooks & Originals),#2 in Atheism (Audible Audiobooks & Originals),#3 in Religion & Sociology,#7 in Atheism (Books)",659.0,8 hours and 45 minutes,525.0,Both,0,1,1,god is not great: how religion poisons everything,christopher hitchens,1001+,0
Golden Son: Book II of the Red Rising Trilogy,Pierce Brown,4.7,4.7,2954.0,7.991253929840199,1055.0,Unknown,Unknown,Unknown,,Unknown,,Both,0,0,0,golden son: book ii of the red rising trilogy,pierce brown,1001+,0
Gone with the Wind,Margaret Mitchell,4.6,4.6,3581.0,8.183676582620658,1548.0,"When Gone with the Wind appeared in 1936, it became on overnight sensation. Nothing like it in American literature had ever been seen. It went on to win the Pulitzer Prize and become one of the most celebrated films of all time. It has sold more than 30 million copies worldwide and been translated into 27 languages.",Classic Literature | Classic Fiction (Books),",#412 in Audible Audiobooks & Originals (See Top 100 in Audible Audiobooks & Originals),#19 in Classic Literature,#486 in Classic Fiction (Books)",412.0,47 hours and 11 minutes,2831.0,Both,1,1,1,gone with the wind,margaret mitchell,1001+,317
Good Night Stories for Rebel Girls,Elena Favilli,4.7,4.7,3906.0,8.27052509505507,615.0,Penguin presents the audiobook edition of Good Night Stories for Rebel Girls by Elena Favilli and Francesca Cavallo.,Unknown,Unknown,,Unknown,,Both,1,0,0,good night stories for rebel girls,elena favilli,1001+,116
Good Omens: The BBC Radio 4 dramatisation,Terry Pratchett,4.7,4.7,6299.0,8.748304912379623,615.0,Neil Gaiman was the WINNER of the BBC Audio Drama Award 2015 for Outstanding Contribution to Radio Drama,Fantasy (Books),",#324 in Fantasy (Books)",,4 hours and 19 minutes,259.0,Both,1,1,1,good omens: the bbc radio 4 dramatisation,terry pratchett,1001+,104
Good to Great: Why Some Companies Make the Leap...And Others Don't,Jim Collins,4.6,4.6,2425.0,7.793999089503996,15817.0,"Built to Last, the defining management study of the '90s, showed how great companies triumph over time and how long-term sustained performance can be engineered into the DNA of an enterprise from the very beginning.",Business Management | Analysis & Strategy | Textbooks & Study Guides,",#63 in Audible Audiobooks & Originals (See Top 100 in Audible Audiobooks & Originals),#4 in Business Management,#93 in Analysis & Strategy,#526 in Textbooks & Study Guides",63.0,10 hours and 1 minute,601.0,Both,1,1,1,good to great: why some companies make the leap...and others don't,jim collins,1001+,215
"Good Vibes, Good Life: How Self-Love Is the Key to Unlocking Your Greatness",Vex King,4.7,4.7,4533.0,8.419359831067474,633.0,"The Sunday Times best seller - over 100,000 copies sold.","Personal Success | Mind, Body & Spirit | Personal Development & Self-Help",",#292 in Audible Audiobooks & Originals (See Top 100 in Audible Audiobooks & Originals),#63 in Personal Success,#328 in Mind, Body & Spirit,#860 in Personal Development & Self-Help",292.0,4 hours and 10 minutes,250.0,Both,1,1,1,"good vibes, good life: how self-love is the key to unlocking your greatness",vex king,1001+,56
"Grain Brain: The Surprising Truth About Wheat, Carbs, and Sugar - Your Brain's Silent Killers",David Perlmutter,4.6,4.6,5375.0,8.589699882202986,500.0,Unknown,Unknown,Unknown,,Unknown,,Catalog Only,0,0,0,"grain brain: the surprising truth about wheat, carbs, and sugar - your brain's silent killers",david perlmutter,1001+,0
Great Expectations: The Dickens Collection: An Audible Exclusive Series,Charles Dickens,4.4,4.4,3232.0,8.081165777725433,1518.0,Unknown,Unknown,Unknown,,Unknown,,Catalog Only,0,0,0,great expectations: the dickens collection: an audible exclusive series,charles dickens,1001+,0
Great Stories for Children,Ruskin Bond,4.5,4.5,1678.0,7.425953657077541,501.0,Unknown,Unknown,Unknown,,Unknown,,Both,0,0,0,great stories for children,ruskin bond,1001+,0
Grey: Fifty Shades of Grey as told by Christian Grey,E L James,4.3,4.3,23485.0,10.064159777925026,1093.0,Unknown,Unknown,Unknown,,Unknown,,Catalog Only,0,0,0,grey: fifty shades of grey as told by christian grey,e l james,1001+,0
"Guns, Germs and Steel: The Fate of Human Societies",Jared Diamond,4.4,4.4,2796.0,7.936302693201959,1256.0,"Pulitzer Prize, General Nonfiction, 1998",Crop Science | Evolution | Human Geography,",#183 in Audible Audiobooks & Originals (See Top 100 in Audible Audiobooks & Originals),#1 in Crop Science,#1 in Evolution,#2 in Human Geography",183.0,16 hours and 20 minutes,980.0,Both,1,1,1,"guns, germs and steel: the fate of human societies",jared diamond,1001+,40
Half Girlfriend,Chetan Bhagat,4.2,4.2,8188.0,9.010547069270189,568.0,"Once upon a time, there was a Bihari boy called Madhav. He fell in love with a girl called Riya. Madhav didn't speak English well. Riya did. Madhav wanted a relationship. Riya didn't. Riya just wanted friendship. Madhav didn't. Riya suggested a compromise. She agreed to be his half girlfriend.",Contemporary Romance | Romance (Books),",#1,066 in Audible Audiobooks & Originals (See Top 100 in Audible Audiobooks & Originals),#24 in Contemporary Romance (Audible Audiobooks & Originals),#1,492 in Romance (Books)",1066.0,8 hours and 49 minutes,529.0,Both,1,1,1,half girlfriend,chetan bhagat,1001+,294
Half of a Yellow Sun,Chimamanda Ngozi Adichie,4.6,4.6,1920.0,7.560601162768557,13442.0,Winner of the Baileys Prize Best of the Best,Small Town & Rural Fiction | War & Military Fiction | Classic Literature,",#2,188 in Audible Audiobooks & Originals (See Top 100 in Audible Audiobooks & Originals),#5 in Small Town & Rural Fiction,#16 in War & Military Fiction,#110 in Classic Literature",2188.0,18 hours and 9 minutes,1089.0,Both,1,1,1,half of a yellow sun,chimamanda ngozi adichie,1001+,44
Hamlet,William Shakespeare,4.3,4.3,2540.0,7.840312983320164,65.0,"""The Tragedy of Hamlet"", Prince of Denmark, often shortened to Hamlet, is a tragedy written by William Shakespeare sometime between 1599 and 1602. Set in Denmark, the play depicts Prince Hamlet and his revenge against his uncle, Claudius, who has murdered Hamlet's father in order to seize his throne and marry Hamlet's mother.",Unknown,Unknown,,Unknown,,Both,1,0,0,hamlet,william shakespeare,1001+,327
"Hard Luck: Diary of a Wimpy Kid, Book 8",Jeff Kinney,4.6,4.6,6126.0,8.720460512725655,410.0,Unknown,Unknown,Unknown,,Unknown,,Both,0,0,0,"hard luck: diary of a wimpy kid, book 8",jeff kinney,1001+,0
"Harry Potter and the Chamber of Secrets, Book 2",J.K. Rowling,4.7,4.7,10362.0,9.245997049184217,999.0,Unknown,Unknown,Unknown,,Unknown,,Catalog Only,0,0,0,"harry potter and the chamber of secrets, book 2",j.k. rowling,1001+,0
"Harry Potter and the Deathly Hallows, Book 7",J.K. Rowling,4.7,4.7,8684.0,9.069352678675203,1599.0,Unknown,Unknown,Unknown,,Unknown,,Catalog Only,0,0,0,"harry potter and the deathly hallows, book 7",j.k. rowling,1001+,0
"Harry Potter and the Goblet of Fire, Book 4",J.K. Rowling,4.7,4.7,5485.0,8.60995467149755,1599.0,"""'There will be three tasks, spaced throughout the school year, and they will test the champions in many different ways...their magical prowess - their daring - their powers of deduction - and, of course, their ability to cope with danger.'""",Family Life Fiction for Children | Fantasy & Magic for Children | Fiction on Orphans & Foster Homes for Children,",#46 in Audible Audiobooks & Originals (See Top 100 in Audible Audiobooks & Originals),#2 in Family Life Fiction for Children,#2 in Fantasy & Magic for Children,#2 in Fiction on Orphans & Foster Homes for Children",46.0,22 hours and 17 minutes,1337.0,Both,1,1,1,"harry potter and the goblet of fire, book 4",j.k. rowling,1001+,241
"Harry Potter and the Half-Blood Prince, Book 6",J.K. Rowling,4.7,4.7,7113.0,8.8698199525084,1599.0,"""There it was, hanging in the sky above the school: the blazing green skull with a serpent tongue, the mark Death Eaters left behind whenever they had entered a building...wherever they had murdered....""",Family Life Fiction for Children | Fiction on Friendship for Children | Fiction on Orphans & Foster Homes for Children,",#78 in Audible Audiobooks & Originals (See Top 100 in Audible Audiobooks & Originals),#5 in Family Life Fiction for Children,#5 in Fiction on Friendship for Children,#5 in Fiction on Orphans & Foster Homes for Children",78.0,21 hours and 27 minutes,1287.0,Both,1,1,1,"harry potter and the half-blood prince, book 6",j.k. rowling,1001+,203
"Harry Potter and the Order of the Phoenix, Book 5",J.K. Rowling,4.7,4.7,5583.0,8.627660644442209,1599.0,"""'You are sharing the Dark Lord's thoughts and emotions. The Headmaster thinks it inadvisable for this to continue. He wishes me to teach you how to close your mind to the Dark Lord.'""",Family Life Fiction for Children | Fiction on Friendship for Children | Fiction on Orphans & Foster Homes for Children,",#75 in Audible Audiobooks & Originals (See Top 100 in Audible Audiobooks & Originals),#4 in Family Life Fiction for Children,#4 in Fiction on Friendship for Children,#4 in Fiction on Orphans & Foster Homes for Children",75.0,30 hours and 18 minutes,1818.0,Both,1,1,1,"harry potter and the order of the phoenix, book 5",j.k. rowling,1001+,184
"Harry Potter and the Philosopher's Stone, Book 1",J.K. Rowling,4.7,4.7,11978.0,9.39091039573133,999.0,"""Turning the envelope over, his hand trembling, Harry saw a purple wax seal bearing a coat of arms; a lion, an eagle, a badger and a snake surrounding a large letter 'H'.""",Family Life Fiction for Children | Fantasy & Magic for Children | Fiction on Friendship for Children,",#29 in Audible Audiobooks & Originals (See Top 100 in Audible Audiobooks & Originals),#1 in Family Life Fiction for Children,#1 in Fantasy & Magic for Children,#1 in Fiction on Friendship for Children",29.0,9 hours and 33 minutes,573.0,Both,1,1,1,"harry potter and the philosopher's stone, book 1",j.k. rowling,1001+,171
"Harry Potter and the Prisoner of Azkaban, Book 3",J.K. Rowling,4.6,4.6,5902.0,8.683215975240689,999.0,Unknown,Unknown,Unknown,,Unknown,,Catalog Only,0,0,0,"harry potter and the prisoner of azkaban, book 3",j.k. rowling,1001+,0
Heal Your Body,Louise Hay,4.4,4.4,2421.0,7.792348924113037,233.0,Unknown,Unknown,Unknown,,Unknown,,Both,0,0,0,heal your body,louise hay,1001+,0
Heart of Darkness: A Signature Performance by Kenneth Branagh,Joseph Conrad,4.2,4.2,2047.0,7.6246189861593985,501.0,Unknown,Unknown,Unknown,,Unknown,,Catalog Only,0,0,0,heart of darkness: a signature performance by kenneth branagh,joseph conrad,1001+,0
Heidi,Johanna Spyri,4.5,4.5,1828.0,7.511524648390866,166.0,Unknown,Unknown,Unknown,,Unknown,,Both,0,0,0,heidi,johanna spyri,1001+,0
Her Last Wish,Ajay K. Pandey,4.6,4.6,1903.0,7.55171221535131,668.0,Unknown,Unknown,Unknown,,Unknown,,Both,0,0,0,her last wish,ajay k. pandey,1001+,0
High Achiever: The Incredible True Story of One Addict's Double Life,Tiffany Jenkins,4.9,4.9,5820.0,8.669227347271736,1005.0,Unknown,Unknown,Unknown,,Unknown,,Catalog Only,0,0,0,high achiever: the incredible true story of one addict's double life,tiffany jenkins,1001+,0
Hinds' Feet on High Places: The Beloved Story of Much-Afraid and Her Exciting Journey to the High Places,Hannah Hurnard,4.8,4.8,1817.0,7.505492274737424,351.0,Unknown,Unknown,Unknown,,Unknown,,Catalog Only,0,0,0,hinds' feet on high places: the beloved story of much-afraid and her exciting journey to the high places,hannah hurnard,1001+,0
Hitchhiker's Guide to the Galaxy,Douglas Adams,4.5,4.5,2473.0,7.813591552952433,323.0,"A much loved science-fiction classic, this entertaining intergalactic adventure has a lot going for it - including narration by British comedian Stephen Fry. Adams displays his talents for a creating a whole new world in this first of five audiobooks in the Hitchhiker's Guide to the Galaxy series. Packed with brilliant humour, extraordinary characters and a highly original storyline, it's no wonder that this novel is a favourite of so many.",Unknown,Unknown,,Unknown,,Both,1,0,0,hitchhiker's guide to the galaxy,douglas adams,1001+,444
Holes,Louis Sachar,4.7,4.7,4365.0,8.38160253710989,417.0,"Stanley Yelnats' family has a history of bad luck, so when a miscarriage of justice sends him to Camp Green Lake Juvenile Detention Centre (which isn't green and doesn't have a lake), he is not surprised.",Teen & Young Adult | Action & Adventure for Children | Children's Action & Adventure,",#3,504 in Audible Audiobooks & Originals (See Top 100 in Audible Audiobooks & Originals),#62 in Teen & Young Adult,#78 in Action & Adventure for Children,#2,550 in Children's Action & Adventure",3504.0,4 hours and 30 minutes,270.0,Both,1,1,1,holes,louis sachar,1001+,204
Hollow City: The Second Novel of Miss Peregrine's Peculiar Children,Ransom Riggs,4.6,4.6,4035.0,8.3030093814735,702.0,Unknown,Unknown,Unknown,,Unknown,,Catalog Only,0,0,0,hollow city: the second novel of miss peregrine's peculiar children,ransom riggs,1001+,0
Homegoing,Yaa Gyasi,4.6,4.6,3315.0,8.106514516255185,820.0,"Penguin presents the unabridged downloadable audiobook edition of Homegoing by Yaa Gyasi, narrated by Dominic Hoffman.",African American Literature | Historical Fiction | Literary Fiction,",#3,345 in Audible Audiobooks & Originals (See Top 100 in Audible Audiobooks & Originals),#13 in African American Literature,#124 in Historical Fiction (Audible Audiobooks & Originals),#195 in Literary Fiction",3345.0,13 hours and 11 minutes,791.0,Both,1,1,1,homegoing,yaa gyasi,1001+,118
Homo Deus: A Brief History of Tomorrow,Yuval Noah Harari,4.5,4.5,5339.0,8.582980931954241,1093.0,Brought to you by Penguin.,Future Studies | Anthropology | History,",#47 in Audible Audiobooks & Originals (See Top 100 in Audible Audiobooks & Originals),#1 in Future Studies,#2 in Anthropology (Audible Audiobooks & Originals),#4 in History (Audible Audiobooks & Originals)",47.0,14 hours and 53 minutes,893.0,Both,1,1,1,homo deus: a brief history of tomorrow,yuval noah harari,1001+,26
Hooked: How to Build Habit-Forming Products,Nir Eyal,4.6,4.6,1760.0,7.473637108496206,501.0,"Note to Audible Listeners: As of December 2019, this version of the Hooked audiobook has been revised and rerecorded to greatly improve audio quality. Please disregard any reviews mentioning poor audio quality prior to December 2019.",Consumer Behaviour | Business Careers | Design & Fashion (Books),",#99 in Audible Audiobooks & Originals (See Top 100 in Audible Audiobooks & Originals),#2 in Consumer Behaviour,#2 in Business Careers,#8 in Design & Fashion (Books)",99.0,4 hours and 40 minutes,280.0,Both,1,1,1,hooked: how to build habit-forming products,nir eyal,1001+,233
Hopeless,Colleen Hoover,4.6,4.6,9230.0,9.130322663990151,836.0,"Would you rather know a truth that makes you feel hopeless, or keep believing the lies? Beloved and bestselling author Colleen Hoover returns with the spellbinding story of two young people with devastating pasts who embark on a passionate, intriguing journey to discover the lessons of life, love, trust--and above all, the healing power that only truth can bring.",Contemporary Romance | Contemporary Fiction (Books) | Romance (Books),",#2,216 in Audible Audiobooks & Originals (See Top 100 in Audible Audiobooks & Originals),#71 in Contemporary Romance (Audible Audiobooks & Originals),#4,186 in Contemporary Fiction (Books),#4,519 in Romance (Books)",2216.0,12 hours and 34 minutes,754.0,Both,1,1,1,hopeless,colleen hoover,1001+,365
Hotel on the Corner of Bitter and Sweet: A Novel,Jamie Ford,4.6,4.6,2887.0,7.968319500012717,721.0,"In the opening pages of Jamie Ford's stunning debut, Hotel on the Corner of Bitter and Sweet, Henry Lee comes upon a crowd gathered outside the Panama Hotel, once the gateway to Seattle's Japan-town. It has been boarded up for decades, but now the new owner has made an incredible discovery: the belongings of Japanese families, left when they were rounded up and sent to internment camps during World War II. As Henry looks on, the owner opens a Japanese parasol.",Unknown,Unknown,,Unknown,,Advanced Only,1,0,0,hotel on the corner of bitter and sweet: a novel,jamie ford,1001+,464
"House of Earth and Blood: The Crescent City, Book 1",Sarah J. Maas,4.7,4.7,3370.0,8.12296471523406,873.0,"Half-Fae, half-human Bryce Quinlan loves her life. Every night is a party and Bryce is going to savour all the pleasures Lunathion - also known as Crescent City - has to offer. But then a brutal murder shakes the very foundations of the city, and brings Bryce's world crashing down.",Urban Fantasy | Action & Adventure Fantasy | Fantasy (Books),",#1,346 in Audible Audiobooks & Originals (See Top 100 in Audible Audiobooks & Originals),#2 in Urban Fantasy,#6 in Action & Adventure Fantasy,#878 in Fantasy (Books)",1346.0,27 hours and 50 minutes,1670.0,Both,1,1,1,"house of earth and blood: the crescent city, book 1",sarah j. maas,1001+,282
How Not to Die: Discover the foods scientifically proven to prevent and reverse disease,Dr Michael Greger,4.7,4.7,8421.0,9.038602608721874,323.0,The Sunday Times best seller.,Unknown,Unknown,,Unknown,,Both,1,0,0,how not to die: discover the foods scientifically proven to prevent and reverse disease,dr michael greger,1001+,29
"How Not to Diet: The Groundbreaking Science of Healthy, Permanent Weight Loss",Michael Greger,4.7,4.7,2100.0,7.650168700845001,323.0,"Put an end to dieting and replace weight-loss struggles with this easy approach to a healthy, plant-based lifestyle. Every month seems to bring a trendy new diet or a new fad to try in order to lose weight - but these diets clearly aren’t making us any happier or healthier.","Public Health | Weight Loss Diets | Food, Drink & Entertaining (Books)",",#2,169 in Audible Audiobooks & Originals (See Top 100 in Audible Audiobooks & Originals),#4 in Public Health (Audible Audiobooks & Originals),#16 in Weight Loss Diets,#544 in Food, Drink & Entertaining (Books)",2169.0,23 hours and 42 minutes,1422.0,Advanced Only,1,1,1,"how not to diet: the groundbreaking science of healthy, permanent weight loss",michael greger,1001+,274
How to Be a 3% Man,Corey Wayne,4.7,4.7,2071.0,7.636269603379373,668.0,"Dear friend: This book teaches you the hidden secrets to completely understand women. How you can meet and date the type of women you've always wanted and have effortless relationships! How to get a girlfriend. How to date multiple women. How to get your wife or girlfriend back. Turn your girl ""friend"" into your girlfriend. Live the life of your dreams and accomplish your goals. How to get women to pursue you and approach you first, etc.",Marriage | Love & Romance | Family & Relationships,",#688 in Audible Audiobooks & Originals (See Top 100 in Audible Audiobooks & Originals),#2 in Marriage,#9 in Love & Romance,#256 in Family & Relationships",688.0,7 hours and 33 minutes,453.0,Both,1,1,1,how to be a 3% man,corey wayne,1001+,441
How to Be a Bawse: A Guide to Conquering Life,Lilly Singh,4.6,4.6,2010.0,7.606387389772652,683.0,"From actress, comedian and YouTube sensation Lilly Singh (aka Superwoman) comes the definitive guide to being a BAWSE - a person who exudes confidence, reaches goals, gets hurt efficiently, and smiles genuinely because they've fought through it all and made it out the other side. Told in her hilarious, bold voice that's inspired over nine million fans, and using stories from her own life to illustrate her message, Lilly proves that there are no shortcuts to success.",Unknown,Unknown,,Unknown,,Both,1,0,0,how to be a bawse: a guide to conquering life,lilly singh,1001+,470
How to Be a Woman,Caitlin Moran,4.1,4.1,1733.0,7.458186157340487,683.0,"1913 - Suffragette throws herself under the King's horse. 1969 - Feminists storm Miss World. Now - Caitlin Moran rewrites The Female Eunuch from a bar stool and demands to know why pants are getting smaller. There's never been a better time to be a woman: We have the vote and the Pill, and we haven't been burnt as witches since 1727. However, a few nagging questions do remain....","English, Irish, Scottish & Welsh Literature | Women's Studies | Literary History & Criticism",",#2,365 in Audible Audiobooks & Originals (See Top 100 in Audible Audiobooks & Originals),#7 in English, Irish, Scottish & Welsh Literature,#11 in Women's Studies,#15 in Literary History & Criticism",2365.0,8 hours and 44 minutes,524.0,Both,1,1,1,how to be a woman,caitlin moran,1001+,382
"How to Day Trade for a Living: A Beginner's Guide to Trading Tools and Tactics, Money Management, Discipline and Trading Psychology",Andrew Aziz,4.4,4.4,3612.0,8.19229373114764,668.0,"Very few careers can offer you the freedom, flexibility, and income that day trading does. As a day trader, you can live and work anywhere in the world. You can decide when to work and when not to work. You only answer to yourself. That is the life of the successful day trader. Many people aspire to it, but very few succeed.",Investing Analysis & Strategy | Personal Finance | Analysis & Strategy,",#207 in Audible Audiobooks & Originals (See Top 100 in Audible Audiobooks & Originals),#1 in Investing Analysis & Strategy,#13 in Personal Finance,#379 in Analysis & Strategy",207.0,6 hours and 56 minutes,416.0,Both,1,1,1,"how to day trade for a living: a beginner's guide to trading tools and tactics, money management, discipline and trading psychology",andrew aziz,1001+,326
How to Fail at Almost Everything and Still Win Big: Kind of the Story of My Life,Scott Adams,4.6,4.6,1791.0,7.491087593534876,879.0,"Blasting clichéd career advice, the contrarian pundit and creator of Dilbert recounts the humorous ups and downs of his career, revealing the outsized role of luck in our lives and how best to play the system.",Art Instruction & Technique | Biographies of Business Leaders | Business Careers,",#666 in Audible Audiobooks & Originals (See Top 100 in Audible Audiobooks & Originals),#1 in Art Instruction & Technique,#17 in Biographies of Business Leaders,#25 in Business Careers",666.0,8 hours and 48 minutes,528.0,Both,1,1,1,how to fail at almost everything and still win big: kind of the story of my life,scott adams,1001+,209
How to Stop Worrying and Start Living,Dale Carnegie,4.5,4.5,5038.0,8.524962928680598,668.0,Learn how to break the worry habit - now and forever!,Personal Success | Personal Development & Self-Help,",#126 in Audible Audiobooks & Originals (See Top 100 in Audible Audiobooks & Originals),#32 in Personal Success,#439 in Personal Development & Self-Help",126.0,9 hours and 42 minutes,582.0,Both,1,1,1,how to stop worrying and start living,dale carnegie,1001+,53
How to Talk to Anyone: 92 Little Tricks for Big Success in Relationships,Leil Lowndes,4.3,4.3,1689.0,7.432483807917119,837.0,"""You'll not only break the ice, you'll melt it away with your new skills."" -Larry King",Business Communication | Communication & Social Skills | Analysis & Strategy,",#272 in Audible Audiobooks & Originals (See Top 100 in Audible Audiobooks & Originals),#3 in Business Communication (Audible Audiobooks & Originals),#5 in Communication & Social Skills,#470 in Analysis & Strategy",272.0,8 hours and 59 minutes,539.0,Both,1,1,1,how to talk to anyone: 92 little tricks for big success in relationships,leil lowndes,1001+,86
How to Win Friends and Influence People,Dale Carnegie,4.5,4.5,21000.0,9.952325334619427,668.0,"How to Win Friends and Influence People is a self-help book which is the pioneer of this genre. Written by Dale Carnegie and published in 1936, it has sold over 30 million copies. It has been edited and re-printed several times.",Communication & Social Skills | Personal Development & Self-Help,",#18 in Audible Audiobooks & Originals (See Top 100 in Audible Audiobooks & Originals),#1 in Communication & Social Skills,#76 in Personal Development & Self-Help",18.0,8 hours and 5 minutes,485.0,Both,1,1,1,how to win friends and influence people,dale carnegie,1001+,228
I Am Pilgrim,Terry Hayes,4.6,4.6,13297.0,9.4953689269624,1093.0,National Book Awards 2014: Crime/Thriller Book of the Year,Unknown,Unknown,,Unknown,,Advanced Only,1,0,0,i am pilgrim,terry hayes,1001+,58
I Am Watching You,Teresa Driscoll,4.5,4.5,11268.0,9.329810871952349,837.0,Unknown,Unknown,Unknown,,Unknown,,Catalog Only,0,0,0,i am watching you,teresa driscoll,1001+,0
I Can't Make This Up: Life Lessons,Neil Strauss - contributor,4.7,4.7,1610.0,7.384610383176974,1003.0,"Superstar comedian and Hollywood box-office star Kevin Hart turns his immense talent to the written word by writing some words. Some of those words include: the, a, for, above, and even even. Put them together and you have the funniest, most heartfelt, and most inspirational memoir on survival, success, and the importance of believing in yourself since Old Yeller.",Biographies of Comedians | Cinema & Broadcast (Books) | Personal Success,",#964 in Audible Audiobooks & Originals (See Top 100 in Audible Audiobooks & Originals),#2 in Biographies of Comedians,#80 in Cinema & Broadcast (Books),#168 in Personal Success",964.0,11 hours and 15 minutes,675.0,Both,1,1,1,i can't make this up: life lessons,neil strauss - contributor,1001+,366
I Declare: 31 Promises to Speak Over Your Life,Joel Osteen,4.7,4.7,3082.0,8.03365842788615,500.0,Unknown,Unknown,Unknown,,Unknown,,Catalog Only,0,0,0,i declare: 31 promises to speak over your life,joel osteen,1001+,0
I Hate You - Don't Leave Me: Understanding the Borderline Personality,Jerold J. Kreisman,4.6,4.6,1890.0,7.544861068658458,879.0,Unknown,Unknown,Unknown,,Unknown,,Advanced Only,0,0,0,i hate you - don't leave me: understanding the borderline personality,jerold j. kreisman,1001+,0
I Know Why the Caged Bird Sings: A BBC Radio 4 Dramatisation,Maya Angelou,4.7,4.7,5718.0,8.651549243915316,615.0,"A BBC Radio 4 dramatisation of Maya Angelou's poignant, powerful autobiography, starring Adjoa Andoh, Indie Gjesdal and Pippa Bennett-Warner.",Women Biographies | Biographies & Autobiographies (Books),",#441 in Audible Audiobooks & Originals (See Top 100 in Audible Audiobooks & Originals),#6 in Women Biographies,#536 in Biographies & Autobiographies (Books)",441.0,1 hour and 8 minutes,68.0,Both,1,1,1,i know why the caged bird sings: a bbc radio 4 dramatisation,maya angelou,1001+,141
"I Thought It Was Just Me (but it isn’t): Telling the Truth about Perfectionism, Inadequacy, and Power",Brené Brown,4.7,4.7,1866.0,7.532088143541722,836.0,Unknown,Unknown,Unknown,,Unknown,,Catalog Only,0,0,0,"i thought it was just me (but it isn’t): telling the truth about perfectionism, inadequacy, and power",brené brown,1001+,0
I Too Had a Love Story,Ravinder Singh,4.5,4.5,2865.0,7.960672608388117,703.0,Do love stories ever die? How would you react when a beautiful person comes into your life and then goes away from you...forever?,Contemporary Romance | Fantasy (Books) | Romance (Books),",#337 in Audible Audiobooks & Originals (See Top 100 in Audible Audiobooks & Originals),#5 in Contemporary Romance (Audible Audiobooks & Originals),#253 in Fantasy (Books),#402 in Romance (Books)",337.0,6 hours and 28 minutes,388.0,Both,1,1,1,i too had a love story,ravinder singh,1001+,129
I Will Teach You to Be Rich: No Guilt. No Excuses. No B.S. Just a 6-Week Program That Works (Second Edition),Ramit Sethi,4.7,4.7,2409.0,7.787382026484701,1171.0,Unknown,Unknown,Unknown,,Unknown,,Both,0,0,0,i will teach you to be rich: no guilt. no excuses. no b.s. just a 6-week program that works (second edition),ramit sethi,1001+,0
I'll Be Gone in the Dark: One Woman's Obsessive Search for the Golden State Killer,Michelle McNamara,4.6,4.6,3731.0,8.224699561967235,569.0,Short-listed for the Gordon Burn Prize 2018,Serial Killers True Crime | True Accounts (Books),",#4,347 in Audible Audiobooks & Originals (See Top 100 in Audible Audiobooks & Originals),#3 in Serial Killers True Crime,#753 in True Accounts (Books)",4347.0,9 hours and 44 minutes,584.0,Both,1,1,1,i'll be gone in the dark: one woman's obsessive search for the golden state killer,michelle mcnamara,1001+,43
If I Stay,Gayle Forman,4.3,4.3,5759.0,8.658692753689937,615.0,Unknown,Unknown,Unknown,,Unknown,,Catalog Only,0,0,0,if i stay,gayle forman,1001+,0
Ikigai: The Japanese Secret to a Long and Happy Life,Héctor García,4.6,4.6,3682.0,8.211482916445066,615.0,Brought to you by Penguin.,Meditation | Self-Esteem | Personal Success,",#2 in Audible Audiobooks & Originals (See Top 100 in Audible Audiobooks & Originals),#1 in Meditation (Audible Audiobooks & Originals),#1 in Self-Esteem,#2 in Personal Success",2.0,3 hours and 23 minutes,203.0,Both,1,1,1,ikigai: the japanese secret to a long and happy life,héctor garcía,1001+,26
"In a Dark, Dark Wood",Ruth Ware,4.1,4.1,2662.0,7.887208585813932,752.0,Unknown,Unknown,Unknown,,Unknown,,Catalog Only,0,0,0,"in a dark, dark wood",ruth ware,1001+,0
In Cold Blood,Truman Capote,4.6,4.6,2736.0,7.914617709040679,1131.0,"As Truman Capote reconstructs the murder and the investigation that led to the capture, trial, and execution of the killers, he generates both mesmerizing suspense and astonishing empathy. In Cold Blood is a work that transcends its moment, yielding poignant insights into the nature of American violence.","Murder True Crime | True Accounts (Books) | Crime, Thriller & Mystery (Books)",",#974 in Audible Audiobooks & Originals (See Top 100 in Audible Audiobooks & Originals),#1 in Murder True Crime,#204 in True Accounts (Books),#1,101 in Crime, Thriller & Mystery (Books)",974.0,14 hours and 27 minutes,867.0,Both,1,1,1,in cold blood,truman capote,1001+,305
In Five Years,Rebecca Serle,4.3,4.3,2415.0,7.789868559054706,759.0,Unknown,Unknown,Unknown,,Unknown,,Catalog Only,0,0,0,in five years,rebecca serle,1001+,0
In Order to Live: A North Korean Girl's Journey to Freedom,Yeonmi Park,4.8,4.8,1776.0,7.482681828154651,683.0,Unknown,Unknown,Unknown,,Unknown,,Catalog Only,0,0,0,in order to live: a north korean girl's journey to freedom,yeonmi park,1001+,0
Inferno,Dan Brown,4.4,4.4,26244.0,10.1752307736864,1093.0,"Harvard symbologist Robert Langdon wakes up in Florence disoriented and confused. He doesn't remember how he got there. But in an international mystery that takes him across Europe to save the world from a terrifying fate, he must decipher codes hidden in Renaissance artworks with only a few lines from Dante's Inferno to guide him.","Suspense | Literature & Fiction | Crime, Thriller & Mystery (Books)",",#2,108 in Audible Audiobooks & Originals (See Top 100 in Audible Audiobooks & Originals),#73 in Suspense,#494 in Literature & Fiction (Audible Audiobooks & Originals),#3,126 in Crime, Thriller & Mystery (Books)",2108.0,17 hours and 12 minutes,1032.0,Both,1,1,1,inferno,dan brown,1001+,333
Influence: The Psychology of Persuasion,Robert B. Cialdini,4.4,4.4,3795.0,8.241703159729818,12356.0,"Influence, the classic book on persuasion, explains the psychology of why people say yes - and how to apply these understandings.",Consumer Behaviour | Marketing | Earth Sciences Books,",#11 in Audible Audiobooks & Originals (See Top 100 in Audible Audiobooks & Originals),#1 in Consumer Behaviour,#1 in Marketing (Audible Audiobooks & Originals),#1 in Earth Sciences Books",11.0,10 hours and 6 minutes,606.0,Both,1,1,1,influence: the psychology of persuasion,robert b. cialdini,1001+,129
"Inheritance: The Inheritance Cycle, Book 4",Christopher Paolini,4.6,4.6,4108.0,8.32093496888341,1093.0,Unknown,Unknown,Unknown,,Unknown,,Catalog Only,0,0,0,"inheritance: the inheritance cycle, book 4",christopher paolini,1001+,0
Into the Water,Paula Hawkins,3.8,3.8,3523.0,8.16735198705607,888.0,Unknown,Unknown,Unknown,,Unknown,,Catalog Only,0,0,0,into the water,paula hawkins,1001+,0
Into Thin Air,Jon Krakauer,4.7,4.7,2955.0,7.991592282068092,569.0,Unknown,Unknown,Unknown,,Unknown,,Catalog Only,0,0,0,into thin air,jon krakauer,1001+,0
Is Everyone Hanging Out Without Me?: (And Other Concerns),Mindy Kaling,4.4,4.4,3682.0,8.211482916445066,615.0,Unknown,Unknown,Unknown,,Unknown,,Catalog Only,0,0,0,is everyone hanging out without me?: (and other concerns),mindy kaling,1001+,0
James and the Giant Peach,Roald Dahl,4.7,4.7,1704.0,7.4413203897176174,615.0,Brought to you by Penguin.,Fiction Classics for Children | Fantasy & Magic for Children | Children's Fantasy (Books),",#3,684 in Audible Audiobooks & Originals (See Top 100 in Audible Audiobooks & Originals),#47 in Fiction Classics for Children,#74 in Fantasy & Magic for Children,#2,335 in Children's Fantasy (Books)",3684.0,3 hours and 18 minutes,198.0,Both,1,1,1,james and the giant peach,roald dahl,1001+,26
Jane Eyre,Charlotte Bronte,4.5,4.5,7572.0,8.932344569113823,1338.0,"""I think the reason we're so struck by [Jane Eyre] is how Charlotte Brontë manages to relate, expertly, what it means to be a human being...and that never changes."" (Narrator Thandie Newton)",Classic Literature | Classic Fiction (Books),",#1,546 in Audible Audiobooks & Originals (See Top 100 in Audible Audiobooks & Originals),#76 in Classic Literature,#1,545 in Classic Fiction (Books)",1546.0,19 hours and 10 minutes,1150.0,Both,1,1,1,jane eyre,charlotte bronte,1001+,190
Jonathan Livingston Seagull: The New Complete Edition,Richard Bach,4.6,4.6,2866.0,7.96102146588337,233.0,Unknown,Unknown,Unknown,,Unknown,,Both,0,0,0,jonathan livingston seagull: the new complete edition,richard bach,1001+,0
Jurassic Park: A Novel,Michael Crichton,4.7,4.7,3259.0,8.089482474360754,1005.0,Featured title in the 2018 PBS Great American Reads,"Science Fiction Movie, TV & Video Game Tie-Ins | Movie, TV & Video Game Tie-In Fiction | Adventure Science Fiction",",#2,242 in Audible Audiobooks & Originals (See Top 100 in Audible Audiobooks & Originals),#4 in Science Fiction Movie, TV & Video Game Tie-Ins,#11 in Movie, TV & Video Game Tie-In Fiction,#13 in Adventure Science Fiction",2242.0,15 hours and 10 minutes,910.0,Both,1,1,1,jurassic park: a novel,michael crichton,1001+,51
Kane and Abel,Jeffrey Archer,4.6,4.6,2589.0,7.859413154693583,323.0,Unknown,Unknown,Unknown,,Unknown,,Both,0,0,0,kane and abel,jeffrey archer,1001+,0
"Keto Clarity: Your Definitive Guide to the Benefits of a Low-Carb, High-Fat Diet",Eric C. Westman MD,4.5,4.5,1663.0,7.416979621381154,668.0,Unknown,Unknown,Unknown,,Unknown,,Advanced Only,0,0,0,"keto clarity: your definitive guide to the benefits of a low-carb, high-fat diet",eric c. westman md,1001+,0
"Killing Floor: Jack Reacher, Book 1",Lee Child,4.4,4.4,10141.0,9.224440496354964,1093.0,"Brought to you by Penguin, Killing Floor is the first instalment in Lee Child’s internationally popular Jack Reacher series, read by Jeff Harding.",Crime Thrillers | Suspense | Mysteries,",#812 in Audible Audiobooks & Originals (See Top 100 in Audible Audiobooks & Originals),#11 in Crime Thrillers,#13 in Suspense,#22 in Mysteries",812.0,15 hours and 39 minutes,939.0,Both,1,1,1,"killing floor: jack reacher, book 1",lee child,1001+,146
Killman Creek,Rachel Caine,4.7,4.7,2179.0,7.687080155783135,609.0,Unknown,Unknown,Unknown,,Unknown,,Both,0,0,0,killman creek,rachel caine,1001+,0
Kingdom of Ash,Sarah J. Maas,4.8,4.8,4104.0,8.31996102188653,1338.0,"Years in the making, Sarah J. Maas's number-one New York Times best-selling Throne of Glass series draws to an epic, unforgettable conclusion. Aelin Galathynius's journey from slave to king's assassin to the queen of a once-great kingdom reaches its heart-rending finale as war erupts across her world....",Unknown,Unknown,,Unknown,,Both,1,0,0,kingdom of ash,sarah j. maas,1001+,305
Kitchen Confidential,Anthony Bourdain,4.6,4.6,1942.0,7.57198844937744,341.0,Unknown,Unknown,Unknown,,Unknown,,Catalog Only,0,0,0,kitchen confidential,anthony bourdain,1001+,0
Know My Name,Chanel Miller,4.8,4.8,1926.0,7.563719668414366,1093.0,Brought to you by Penguin.,Sexual Abuse & Harassment | Women's Studies | Biographies & Memoirs,",#1,460 in Audible Audiobooks & Originals (See Top 100 in Audible Audiobooks & Originals),#1 in Sexual Abuse & Harassment,#4 in Women's Studies,#143 in Biographies & Memoirs (Audible Audiobooks & Originals)",1460.0,15 hours and 25 minutes,925.0,Both,1,1,1,know my name,chanel miller,1001+,26
Last Train to Istanbul: A Novel,Ayse Kulin,4.2,4.2,3355.0,8.118505067587098,603.0,"Born into privilege to one of the last Ottoman pashas, beautiful, spirited Selva is the brightest jewel in her father’s household - until she falls in love with Rafael Alfandari. Though Turkey has long been a safe haven for Jews, marriage between a high-ranking Muslim girl and a Jewish boy is strictly forbidden. Yet young love will not be denied, and Selva and Rafael defy their parents and marry, fleeing to Paris in hopes of a better life - only to find themselves trapped in the path of the invading Nazis.",Unknown,Unknown,,Unknown,,Both,1,0,0,last train to istanbul: a novel,ayse kulin,1001+,511
Leaders Eat Last: Why Some Teams Pull Together and Others Don't,Simon Sinek,4.7,4.7,3355.0,8.118505067587098,888.0,Brought to you by Penguin.,Education | Workplace Culture | Leadership,",#705 in Audible Audiobooks & Originals (See Top 100 in Audible Audiobooks & Originals),#7 in Education (Audible Audiobooks & Originals),#11 in Workplace Culture,#41 in Leadership",705.0,9 hours and 22 minutes,562.0,Both,1,1,1,leaders eat last: why some teams pull together and others don't,simon sinek,1001+,26
"Lean In: Women, Work, and the Will to Lead",Sheryl Sandberg,4.5,4.5,5260.0,8.568076401730806,879.0,"Sheryl Sandberg - Facebook COO, ranked eighth on Fortune's list of the 50 Most Powerful Women in Business - has become one of America's most galvanizing leaders, and an icon for millions of women juggling work and family. In Lean In, she urges women to take risks and seek new challenges, to find work that they love, and to remain passionately engaged with it at the highest levels throughout their lives.",Women in Business | Women Biographies | Biographies of Business Leaders,",#651 in Audible Audiobooks & Originals (See Top 100 in Audible Audiobooks & Originals),#1 in Women in Business,#7 in Women Biographies,#16 in Biographies of Business Leaders",651.0,6 hours and 27 minutes,387.0,Both,1,1,1,"lean in: women, work, and the will to lead",sheryl sandberg,1001+,406
Legend,Stephen Kaplan,4.5,4.5,2244.0,7.716460800176355,615.0,Unknown,Unknown,Unknown,,Unknown,,Both,0,0,0,legend,stephen kaplan,1001+,0
Letting Go: The Pathway of Surrender,David R. Hawkins MD. PHD.,4.7,4.7,2163.0,7.679713639966372,1172.0,"Letting Go describes a simple and effective means by which to let go of the obstacles to enlightenment and become free of negativity. During the many decades of the author's clinical psychiatric practice, the primary aim was to seek the most effective ways to relieve human suffering in all of its many forms. The inner mechanism of surrender was found to be of great practical benefit and is described in this book.",Philosophy Movements | Consciousness & Thought | Personal Success,",#1,471 in Audible Audiobooks & Originals (See Top 100 in Audible Audiobooks & Originals),#4 in Philosophy Movements,#9 in Consciousness & Thought,#228 in Personal Success",1471.0,12 hours and 23 minutes,743.0,Both,1,1,1,letting go: the pathway of surrender,david r. hawkins md. phd.,1001+,416
Lies My Doctor Told Me: Medical Myths That Can Harm Your Health,Dr. Ken Berry,4.8,4.8,1764.0,7.475905969367397,668.0,Has your doctor lied to you?,Physician & Patient | Healthy Living & Wellness | Textbooks & Study Guides,",#4,988 in Audible Audiobooks & Originals (See Top 100 in Audible Audiobooks & Originals),#6 in Physician & Patient (Audible Audiobooks & Originals),#4,324 in Healthy Living & Wellness,#58,550 in Textbooks & Study Guides",4988.0,6 hours and 40 minutes,400.0,Both,1,1,1,lies my doctor told me: medical myths that can harm your health,dr. ken berry,1001+,28
Life After Life,Kate Atkinson,3.9,3.9,5509.0,8.61431990214696,820.0,Unknown,Unknown,Unknown,,Unknown,,Catalog Only,0,0,0,life after life,kate atkinson,1001+,0
"Life Is What You Make It: A story of love, hope and how determination can overcome even destiny",Preeti Shenoy,4.1,4.1,5292.0,8.574140471857987,501.0,"What would you do if destiny twisted the road you took? What if it threw you to a place you did not want to go? Would you fight, would you run or would you accept?",Contemporary Romance | Indian Literature | Anthologies (Books),",#257 in Audible Audiobooks & Originals (See Top 100 in Audible Audiobooks & Originals),#3 in Contemporary Romance (Audible Audiobooks & Originals),#4 in Indian Literature (Audible Audiobooks & Originals),#65 in Anthologies (Books)",257.0,5 hours and 48 minutes,348.0,Both,1,1,1,"life is what you make it: a story of love, hope and how determination can overcome even destiny",preeti shenoy,1001+,163
Life of Pi,Yann Martel,4.3,4.3,8093.0,8.998878325435811,797.0,Unknown,Unknown,Unknown,,Unknown,,Catalog Only,0,0,0,life of pi,yann martel,1001+,0
Life's Amazing Secrets: How to Find Balance and Purpose in Your Life,Gaur Gopal Das,4.6,4.6,4308.0,8.368461137615839,1005.0,"Stop going through life, Start growing through life!",Literary Essays | Essays (Books) | Spiritualism,",#6 in Audible Audiobooks & Originals (See Top 100 in Audible Audiobooks & Originals),#1 in Literary Essays,#1 in Essays (Books),#1 in Spiritualism",6.0,6 hours and 25 minutes,385.0,Both,1,1,1,life's amazing secrets: how to find balance and purpose in your life,gaur gopal das,1001+,52
Lilac Girls: A Novel,Martha Hall Kelly,4.6,4.6,6497.0,8.779249716229046,1256.0,Unknown,Unknown,Unknown,,Unknown,,Both,0,0,0,lilac girls: a novel,martha hall kelly,1001+,0
"Limitless: Upgrade Your Brain, Learn Anything Faster, and Unlock Your Exceptional Life",Jim Kwik,4.7,4.7,2434.0,7.79770203551669,750.0,An instant New York Times best seller and number one Wall Street Journal best seller,Memory Improvement | Psychology | Personal Success,",#36 in Audible Audiobooks & Originals (See Top 100 in Audible Audiobooks & Originals),#2 in Memory Improvement,#4 in Psychology (Audible Audiobooks & Originals),#14 in Personal Success",36.0,12 hours and 57 minutes,777.0,Both,1,1,1,"limitless: upgrade your brain, learn anything faster, and unlock your exceptional life",jim kwik,1001+,84
Lincoln in the Bardo,George Saunders,3.7,3.7,2255.0,7.721348612617949,569.0,Winner of the 2017 Man Booker Prize,Historical Fiction | Literary Fiction | Historical Fiction (Books),",#2,247 in Audible Audiobooks & Originals (See Top 100 in Audible Audiobooks & Originals),#80 in Historical Fiction (Audible Audiobooks & Originals),#138 in Literary Fiction,#1,408 in Historical Fiction (Books)",2247.0,7 hours and 25 minutes,445.0,Both,1,1,1,lincoln in the bardo,george saunders,1001+,35
Little Women,Louisa May Alcott,4.4,4.4,5447.0,8.60300384782935,99.0,Unknown,Unknown,Unknown,,Unknown,,Catalog Only,0,0,0,little women,louisa may alcott,1001+,0
Living with a SEAL: 31 Days Training with the Toughest Man on the Planet,Jesse Itzler,4.7,4.7,1855.0,7.526178913346146,500.0,Entrepreneur Jesse Itzler will try almost anything. He brazenly pretended to be an established hip-hop artist to secure a meeting with a studio head - and it led to a record deal. He convinced a bunch successful business executives to invest in an unprecedented business plan - and it turned into Marquis Jet. He sincerely offered to run a 100-mile race in Spanx to get the attention of the beautiful founder of the company - and ended up marrying her.,History of Christianity | Exercise & Fitness | Christianity (Books),",#357 in Audible Audiobooks & Originals (See Top 100 in Audible Audiobooks & Originals),#1 in History of Christianity,#3 in Exercise & Fitness (Audible Audiobooks & Originals),#29 in Christianity (Books)",357.0,5 hours and 18 minutes,318.0,Both,1,1,1,living with a seal: 31 days training with the toughest man on the planet,jesse itzler,1001+,452
"Long Road to Mercy: Atlee Pine, Book 1",David Baldacci,4.3,4.3,3892.0,8.266935347610456,323.0,Unknown,Women Sleuth Mysteries | International Mystery & Crime | Crime Thrillers,",#4,598 in Audible Audiobooks & Originals (See Top 100 in Audible Audiobooks & Originals),#14 in Women Sleuth Mysteries,#23 in International Mystery & Crime,#70 in Crime Thrillers",4598.0,11 hours and 9 minutes,669.0,Both,0,1,1,"long road to mercy: atlee pine, book 1",david baldacci,1001+,0
Looking for Alaska,John Green,4.4,4.4,7112.0,8.869679374733515,1005.0,Now a Hulu Limited Series!,Fiction on Dating & Sex for Teens | Fiction on Friendship for Teens | Fiction on Death & Dying for Teens,",#2,068 in Audible Audiobooks & Originals (See Top 100 in Audible Audiobooks & Originals),#2 in Fiction on Dating & Sex for Teens,#2 in Fiction on Friendship for Teens,#2 in Fiction on Death & Dying for Teens",2068.0,6 hours and 40 minutes,400.0,Both,1,1,1,looking for alaska,john green,1001+,26
Lord of the Flies,William Golding,4.5,4.5,6731.0,8.814627555310697,949.0,"Skilfully exploring the tension between individuality and conformity, the desire for civilisation versus the lust for power, it is unsurprising that William Golding's debut novel went on to become such a triumph.",Unknown,Unknown,,Unknown,,Both,1,0,0,lord of the flies,william golding,1001+,212
"Magnus Chase and the Ship of the Dead: Magnus Chase, Book 3",Rick Riordan,4.7,4.7,1871.0,7.534762657037537,888.0,Unknown,Unknown,Unknown,,Unknown,,Both,0,0,0,"magnus chase and the ship of the dead: magnus chase, book 3",rick riordan,1001+,0
"Magnus Chase and the Sword of Summer: Magnus Chase and the Gods of Asgard, Book One",Rick Riordan,4.6,4.6,2757.0,7.922261058353247,1025.0,"Penguin presents the unabridged, downloadable audiobook edition of Magnus Chase and the Sword of Summer, Magnus Chase and the Gods of Asgard book one, by Rick Riordan, read by Christopher Guetig.","Fairy Tales, Folk Tales & Myths for Children | Fantasy & Magic for Children | Literature & Fiction for Children",",#401 in Audible Audiobooks & Originals (See Top 100 in Audible Audiobooks & Originals),#5 in Fairy Tales, Folk Tales & Myths for Children,#11 in Fantasy & Magic for Children,#19 in Literature & Fiction for Children",401.0,15 hours and 20 minutes,920.0,Both,1,1,1,"magnus chase and the sword of summer: magnus chase and the gods of asgard, book one",rick riordan,1001+,195
Make Your Bed: Small things that can change your life...and maybe the world,Admiral William H. McRaven,4.7,4.7,7188.0,8.880307358983872,615.0,"Penguin presents the unabridged downloadable audiobook edition of Make Your Bed, written and read by William H. McRaven.",Biographies & Memoirs | Personal Success | Meditation (Books),",#734 in Audible Audiobooks & Originals (See Top 100 in Audible Audiobooks & Originals),#79 in Biographies & Memoirs (Audible Audiobooks & Originals),#137 in Personal Success,#141 in Meditation (Books)",734.0,1 hour and 43 minutes,103.0,Both,1,1,1,make your bed: small things that can change your life...and maybe the world,admiral william h. mcraven,1001+,120
Man's Search for Meaning,Viktor E. Frankl,4.4,4.4,12997.0,9.472550778454297,468.0,"Internationally renowned psychiatrist, Viktor E. Frankl, endured years of unspeakable horror in Nazi death camps. During, and partly because of, his suffering, Dr. Frankl developed a revolutionary approach to psychotherapy known as logotherapy. At the core of his theory is the belief that man's primary motivational force is his search for meaning.",Philosophy | Holocaust | Textbooks & Study Guides,",#96 in Audible Audiobooks & Originals (See Top 100 in Audible Audiobooks & Originals),#6 in Philosophy (Audible Audiobooks & Originals),#7 in Holocaust,#1,058 in Textbooks & Study Guides",96.0,4 hours and 44 minutes,284.0,Both,1,1,1,man's search for meaning,viktor e. frankl,1001+,349
Matilda: Narrated by Kate Winslet,Roald Dahl,4.7,4.7,2250.0,7.719129840906732,615.0,"Penguin presents the audiobook edition of Matilda by Roald Dahl, read by Kate Winslet.",Fiction Classics for Children | Fiction on Bullying for Children | Fiction on Adoption for Children,",#238 in Audible Audiobooks & Originals (See Top 100 in Audible Audiobooks & Originals),#1 in Fiction Classics for Children,#1 in Fiction on Bullying for Children,#1 in Fiction on Adoption for Children",238.0,4 hours and 18 minutes,258.0,Both,1,1,1,matilda: narrated by kate winslet,roald dahl,1001+,86
Maybe You Should Talk to Someone,Lori Gottlieb,4.7,4.7,3557.0,8.17695386822578,1328.0,"Ever wonder what your therapist is really thinking? Now you can find out...a hilarious, thought-provoking and surprising new book that takes us behind the scenes of a therapist's world.",Social Scientist & Psychologist Biographies | Mental Health | Humour (Books),",#89 in Audible Audiobooks & Originals (See Top 100 in Audible Audiobooks & Originals),#1 in Social Scientist & Psychologist Biographies,#2 in Mental Health (Audible Audiobooks & Originals),#25 in Humour (Books)",89.0,14 hours and 22 minutes,862.0,Both,1,1,1,maybe you should talk to someone,lori gottlieb,1001+,185
Me Before You,Jojo Moyes,4.6,4.6,27040.0,10.205109511721597,827.0,"Romantic, poignant and endearingly honest throughout, Me Before You is the bittersweet tale of an unusual but powerful love. Often funny, sometimes bitterly sad, it won't leave you the same person you were when you began.",Romantic Comedy | Women's Fiction | Contemporary Romance,",#1,293 in Audible Audiobooks & Originals (See Top 100 in Audible Audiobooks & Originals),#10 in Romantic Comedy,#22 in Women's Fiction,#31 in Contemporary Romance (Audible Audiobooks & Originals)",1293.0,16 hours and 37 minutes,997.0,Both,1,1,1,me before you,jojo moyes,1001+,221
Medical Medium Celery Juice: The Most Powerful Medicine of Our Time Healing Millions Worldwide,Anthony William,4.7,4.7,3474.0,8.153349757998892,586.0,"From celebrities posting about their daily celery juice routines to people from all walks of life sharing pictures and testimonials of their dramatic recovery stories, celery juice is revealing itself to ignite healing when all odds seem against it. What began decades ago as a quiet movement has become a global healing revolution.",Unknown,Unknown,,Unknown,,Both,1,0,0,medical medium celery juice: the most powerful medicine of our time healing millions worldwide,anthony william,1001+,332
"Medical Medium Cleanse to Heal: Healing Plans for Sufferers of Anxiety, Depression, Acne, Eczema, Lyme, Gut Problems, Brain Fog, Weight Issues, Migraines, Bloating, Vertigo, Psoriasis, Cysts, Fatigue, PCOS, Fibroids, UTI, Endometriosis & Autoimmune",Anthony William,4.7,4.7,2180.0,7.687538766201629,938.0,"If you think you don't have any need to do a cleanse - if you're sure you couldn't possibly be harboring any toxins in your body - think again. In today's world, there are poisons and pathogens that threaten our health starting before we're even born, and they continue to hold us back as we encounter them in our everyday life.",Cleansing & Detox Diets | Alternative & Complementary Medicine | Healthy Living & Wellness,",#1,960 in Audible Audiobooks & Originals (See Top 100 in Audible Audiobooks & Originals),#2 in Cleansing & Detox Diets,#69 in Alternative & Complementary Medicine,#1,424 in Healthy Living & Wellness",1960.0,27 hours and 54 minutes,1674.0,Both,1,1,1,"medical medium cleanse to heal: healing plans for sufferers of anxiety, depression, acne, eczema, lyme, gut problems, brain fog, weight issues, migraines, bloating, vertigo, psoriasis, cysts, fatigue, pcos, fibroids, uti, endometriosis & autoimmune",anthony william,1001+,328
"Medical Medium Liver Rescue: Answers to Eczema, Psoriasis, Diabetes, Strep, Acne, Gout, Bloating, Gallstones, Adrenal Stress, Fatigue, Fatty Liver, Weight Issues, SIBO & Autoimmune Disease",Anthony William,4.7,4.7,4440.0,8.398634855292102,938.0,Unknown,Unknown,Unknown,,Unknown,,Catalog Only,0,0,0,"medical medium liver rescue: answers to eczema, psoriasis, diabetes, strep, acne, gout, bloating, gallstones, adrenal stress, fatigue, fatty liver, weight issues, sibo & autoimmune disease",anthony william,1001+,0
"Medical Medium Thyroid Healing: The Truth behind Hashimoto's, Graves', Insomnia, Hypothyroidism, Thyroid Nodules & Epstein-Barr",Anthony William,4.6,4.6,4219.0,8.347590407030058,703.0,Unknown,Unknown,Unknown,,Unknown,,Advanced Only,0,0,0,"medical medium thyroid healing: the truth behind hashimoto's, graves', insomnia, hypothyroidism, thyroid nodules & epstein-barr",anthony william,1001+,0
Meditations,Marcus Aurelius,4.3,4.3,6649.0,8.8023721336499,99.0,"Written in Greek, without any intention of publication, by the only Roman emperor who was also a philosopher, the Meditations of Marcus Aurelius (AD 121-180) offer a remarkable series of challenging spiritual reflections and exercises developed as the emperor struggled to understand himself and make sense of the universe.",Ethics & Morality Philosophy | Textbooks & Study Guides,",#1,872 in Audible Audiobooks & Originals (See Top 100 in Audible Audiobooks & Originals),#12 in Ethics & Morality Philosophy,#20,644 in Textbooks & Study Guides",1872.0,6 hours and 47 minutes,407.0,Both,1,1,1,meditations,marcus aurelius,1001+,323
Memory Man,David Baldacci,4.5,4.5,12149.0,9.405084448768694,323.0,"The next novel from the best-selling crime author David Baldacci. Amos Decker is a former professional football player whose career was ended by a terrible hit. Now a police detective, Amos is still haunted by a side effect from the accident he can never forget.",Private Investigator Mysteries | Police Procedural Mysteries | International Mystery & Crime,",#2,604 in Audible Audiobooks & Originals (See Top 100 in Audible Audiobooks & Originals),#3 in Private Investigator Mysteries,#7 in Police Procedural Mysteries,#12 in International Mystery & Crime",2604.0,13 hours and 16 minutes,796.0,Both,1,1,1,memory man,david baldacci,1001+,262
"Men Are from Mars, Women Are from Venus: The Classic Guide to Understanding the Opposite Sex",John Gray,4.5,4.5,3970.0,8.286773231131251,13345.0,Unknown,Unknown,Unknown,,Unknown,,Both,0,0,0,"men are from mars, women are from venus: the classic guide to understanding the opposite sex",john gray,1001+,0
Mere Christianity,C.S. Lewis,4.7,4.7,4581.0,8.42989086301344,585.0,Unknown,Unknown,Unknown,,Unknown,,Both,0,0,0,mere christianity,c.s. lewis,1001+,0
Midnight in Chernobyl: The Story of the World's Greatest Nuclear Disaster,Adam Higginbotham,4.8,4.8,2367.0,7.769800996003896,888.0,Unknown,Unknown,Unknown,,Unknown,,Catalog Only,0,0,0,midnight in chernobyl: the story of the world's greatest nuclear disaster,adam higginbotham,1001+,0
"Mightier than the Sword: Clifton Chronicles, Book 5",Jeffrey Archer,4.5,4.5,6335.0,8.754002933494261,323.0,The fifth novel in the epic Clifton Chronicles series.,Unknown,Unknown,,Unknown,,Both,1,0,0,"mightier than the sword: clifton chronicles, book 5",jeffrey archer,1001+,54
Milkman,Anna Burns,3.8,3.8,1699.0,7.438383530044307,759.0,Unknown,Unknown,Unknown,,Unknown,,Catalog Only,0,0,0,milkman,anna burns,1001+,0
Mindset: How Positive Thinking Will Set You Free & Help You Achieve Massive Success in Life,Benjamin Smith,4.2,4.2,1618.0,7.389563953677635,132.0,Unknown,Unknown,Unknown,,Unknown,,Catalog Only,0,0,0,mindset: how positive thinking will set you free & help you achieve massive success in life,benjamin smith,1001+,0
Miss Peregrine's Home for Peculiar Children,Ransom Riggs,4.4,4.4,7895.0,8.974111581113318,1005.0,A mysterious island.,Unknown,Unknown,,Unknown,,Both,1,0,0,miss peregrine's home for peculiar children,ransom riggs,1001+,20
Moby Dick: The Whale,Herman Melville,4.3,4.3,3360.0,8.119993827725105,1338.0,"Moby-Dick is widely considered to be the Great American Novel and a treasure of world literature. The story details the adventures of the wandering sailor Ishmael and his voyage on the whale ship Pequod, commanded by Captain Ahab. Ishmael soon learns that Ahab seeks one specific whale: Moby Dick, a ferocious, enigmatic white sperm whale. In a previous encounter, the whale destroyed Ahab's boat and bit off his leg. And Ahab intends to take revenge.","Classic Literature | Classic Fiction (Books) | Crime, Thriller & Mystery (Books)",",#3,725 in Audible Audiobooks & Originals (See Top 100 in Audible Audiobooks & Originals),#192 in Classic Literature,#3,542 in Classic Fiction (Books),#6,381 in Crime, Thriller & Mystery (Books)",3725.0,26 hours and 35 minutes,1595.0,Both,1,1,1,moby dick: the whale,herman melville,1001+,451
"Mockingjay: The Hunger Games, Book 3",Suzanne Collins,4.5,4.5,18725.0,9.837668211498835,656.0,My name is Katniss Everdeen. Why am I not dead? I should be dead.,Survival Stories for Teens | Dystopian Fiction for Teens | Children's Science Fiction (Books),",#3,762 in Audible Audiobooks & Originals (See Top 100 in Audible Audiobooks & Originals),#4 in Survival Stories for Teens,#6 in Dystopian Fiction for Teens,#463 in Children's Science Fiction (Books)",3762.0,11 hours and 19 minutes,679.0,Both,1,1,1,"mockingjay: the hunger games, book 3",suzanne collins,1001+,65
Modern Romance: An Investigation,Aziz Ansari,4.4,4.4,1866.0,7.532088143541722,683.0,Unknown,Unknown,Unknown,,Unknown,,Catalog Only,0,0,0,modern romance: an investigation,aziz ansari,1001+,0
Morning Star: Book III of the Red Rising Trilogy,Pierce Brown,4.8,4.8,3016.0,8.012018239159062,1055.0,"Darrow would have lived in peace, but his enemies brought him war. The Gold overlords demanded his obedience, hanged his wife, and enslaved his people. But Darrow is determined to fight back. Risking everything to transform himself and breach Gold society, Darrow has battled to survive the cutthroat rivalries that breed Society's mightiest warriors, climbed the ranks, and waited patiently to unleash the revolution that will tear the hierarchy apart from within.",Hard Science Fiction | Dystopian Science Fiction | Adventure Science Fiction,",#3,196 in Audible Audiobooks & Originals (See Top 100 in Audible Audiobooks & Originals),#7 in Hard Science Fiction,#13 in Dystopian Science Fiction,#20 in Adventure Science Fiction",3196.0,21 hours and 50 minutes,1310.0,Both,1,1,1,morning star: book iii of the red rising trilogy,pierce brown,1001+,465
Mossad: The Greatest Missions of the Israeli Secret Service,Michael Bar-Zohar,4.6,4.6,1850.0,7.523481312573497,820.0,"The Mossad is widely recognized today as the best intelligence service in the world. It is also the most enigmatic, shrouded in secrecy. In Mossad, authors MichaelBar-Zohar and Nissim Mishal take us behind the closed curtain with riveting, eye-opening, boots-on-the-ground accounts of the most dangerous, most crucial missions in the agency's 60-year history. These are real Mission: Impossible true stories brimming with high-octane action - from the breathtaking capture of Nazi executioner Adolf Eichmann to the recent elimination of key Iranian nuclear scientists.",Terrorism | Special Forces Military History | Intelligence & Espionage,",#329 in Audible Audiobooks & Originals (See Top 100 in Audible Audiobooks & Originals),#1 in Terrorism,#1 in Special Forces Military History,#1 in Intelligence & Espionage",329.0,14 hours and 34 minutes,874.0,Both,1,1,1,mossad: the greatest missions of the israeli secret service,michael bar-zohar,1001+,568
"My Brilliant Friend: The Neapolitan Novels, Book 1",Elena Ferrante,4.0,4.0,3908.0,8.271036865792954,820.0,"A modern masterpiece from one of Italy's most acclaimed authors, My Brilliant Friend is a rich, intense, and generous-hearted story about two friends, Elena and Lila, who represent the story of a nation and the nature of friendship.",Coming of Age Fiction | Fiction Sagas | Literary Fiction,",#2,154 in Audible Audiobooks & Originals (See Top 100 in Audible Audiobooks & Originals),#15 in Coming of Age Fiction,#21 in Fiction Sagas,#130 in Literary Fiction",2154.0,12 hours and 38 minutes,758.0,Both,1,1,1,"my brilliant friend: the neapolitan novels, book 1",elena ferrante,1001+,232
My Family and Other Animals,Nigel Davenport,4.6,4.6,1804.0,7.498315870766981,748.0,Unknown,Environmentalists & Naturalists Biographies | Animals | Environment (Books),",#4,103 in Audible Audiobooks & Originals (See Top 100 in Audible Audiobooks & Originals),#1 in Environmentalists & Naturalists Biographies,#7 in Animals,#308 in Environment (Books)",4103.0,10 hours and 17 minutes,617.0,Both,0,1,1,my family and other animals,nigel davenport,1001+,0
My Lovely Wife,Samantha Downing,4.3,4.3,1701.0,7.43955930913332,888.0,"Penguin presents the audiobook edition of My Lovely Wife, by Samantha Downing",Domestic Thrillers | Family Life Fiction | Psychological Thrillers,",#1,295 in Audible Audiobooks & Originals (See Top 100 in Audible Audiobooks & Originals),#1 in Domestic Thrillers,#14 in Family Life Fiction,#19 in Psychological Thrillers",1295.0,10 hours and 13 minutes,613.0,Both,1,1,1,my lovely wife,samantha downing,1001+,77
My Not So Perfect Life,Sophie Kinsella,4.4,4.4,1746.0,7.465655310134056,888.0,"Katie Brenner has the perfect life: a flat in London, a glamorous job, and a supercool Instagram feed.",Women's Fiction | Contemporary Fiction (Books),",#1,029 in Audible Audiobooks & Originals (See Top 100 in Audible Audiobooks & Originals),#19 in Women's Fiction,#1,875 in Contemporary Fiction (Books)",1029.0,11 hours and 58 minutes,718.0,Both,1,1,1,my not so perfect life,sophie kinsella,1001+,102
"My Sister, the Serial Killer",Oyinkan Braithwaite,4.2,4.2,2947.0,7.988882253309227,569.0,Shortlisted for the Women's Prize for Fiction 2019,Women Sleuth Mysteries | Dark Humour Literature & Fiction | Women's Fiction,",#613 in Audible Audiobooks & Originals (See Top 100 in Audible Audiobooks & Originals),#1 in Women Sleuth Mysteries,#3 in Dark Humour Literature & Fiction,#8 in Women's Fiction",613.0,4 hours and 30 minutes,270.0,Both,1,1,1,"my sister, the serial killer",oyinkan braithwaite,1001+,50
My Stroke of Insight,Jill Bolte Taylor,4.6,4.6,2065.0,7.633369649679584,879.0,Unknown,Unknown,Unknown,,Unknown,,Both,0,0,0,my stroke of insight,jill bolte taylor,1001+,0
Mythos,Stephen Fry,4.6,4.6,2614.0,7.869019376499023,1093.0,"Step into another world - of magic, mayhem, monsters and maniacal gods - in Stephen Fry’s momentous Sunday Times best-seller Mythos, brought to you by Penguin.",Unknown,Unknown,,Unknown,,Both,1,0,0,mythos,stephen fry,1001+,159
Never Let Me Go,Kazuo Ishiguro,4.1,4.1,2804.0,7.9391588179567965,531.0,Unknown,Unknown,Unknown,,Unknown,,Both,0,0,0,never let me go,kazuo ishiguro,1001+,0
Never Split the Difference: Negotiating as if Your Life Depended on It,Chris Voss,4.7,4.7,6521.0,8.782936356349264,888.0,Brought to you by Penguin.,Meetings & Presentations | Negotiating | Forecasting & Strategic Planning,",#37 in Audible Audiobooks & Originals (See Top 100 in Audible Audiobooks & Originals),#1 in Meetings & Presentations,#1 in Negotiating,#1 in Forecasting & Strategic Planning",37.0,8 hours and 7 minutes,487.0,Both,1,1,1,never split the difference: negotiating as if your life depended on it,chris voss,1001+,26
Neverwhere: A BBC Radio Full-Cast Dramatisation,Neil Gaiman,4.6,4.6,3377.0,8.125039097367745,615.0,Neil Gaiman was the WINNER of the BBC Audio Drama Award 2015 for Outstanding Contribution to Radio Drama,Contemporary Fantasy | Action & Adventure Fiction | Science Fiction,",#760 in Audible Audiobooks & Originals (See Top 100 in Audible Audiobooks & Originals),#4 in Contemporary Fantasy,#14 in Action & Adventure Fiction,#18 in Science Fiction (Audible Audiobooks & Originals)",760.0,3 hours and 48 minutes,228.0,Both,1,1,1,neverwhere: a bbc radio full-cast dramatisation,neil gaiman,1001+,104
Night,Elie Wiesel,4.7,4.7,3813.0,8.246433786160365,670.0,Unknown,Unknown,Unknown,,Unknown,,Catalog Only,0,0,0,night,elie wiesel,1001+,0
Nine Perfect Strangers,Liane Moriarty,3.9,3.9,4085.0,8.315321775377567,1328.0,Unknown,Unknown,Unknown,,Unknown,,Catalog Only,0,0,0,nine perfect strangers,liane moriarty,1001+,0
"No More Mr. Nice Guy: A Proven Plan for Getting What You Want in Love, Sex and Life (Updated)",Dr Robert Glover,4.5,4.5,2281.0,7.732807530422021,938.0,"Originally published as an eBook that became a controversial media phenomenon, No More Mr. Nice Guy! landed its author, a certified marriage and family therapist, on The O'Reilly Factor and the Rush Limbaugh radio show.",Relationships | Family & Relationships,",#443 in Audible Audiobooks & Originals (See Top 100 in Audible Audiobooks & Originals),#14 in Relationships,#171 in Family & Relationships",443.0,6 hours and 49 minutes,409.0,Both,1,1,1,"no more mr. nice guy: a proven plan for getting what you want in love, sex and life (updated)",dr robert glover,1001+,219
No-Drama Discipline: The Whole-Brain Way to Calm the Chaos and Nurture Your Child's Developing Mind,Daniel J. Siegel,4.7,4.7,1789.0,7.489970898834801,879.0,Unknown,Unknown,Unknown,,Unknown,,Both,0,0,0,no-drama discipline: the whole-brain way to calm the chaos and nurture your child's developing mind,daniel j. siegel,1001+,0
Normal People,Sally Rooney,4.3,4.3,7498.0,8.92252495730139,645.0,Winner of the Specsavers International Author of the Year 2018 Winner of the Costa Best Novel Award 2018,Literary Fiction | Romance (Books) | Contemporary Fiction (Books),",#1,565 in Audible Audiobooks & Originals (See Top 100 in Audible Audiobooks & Originals),#97 in Literary Fiction,#2,544 in Romance (Books),#2,890 in Contemporary Fiction (Books)",1565.0,7 hours and 36 minutes,456.0,Both,1,1,1,normal people,sally rooney,1001+,104
Norse Mythology,Neil Gaiman,4.6,4.6,4821.0,8.480944058741116,569.0,Unknown,Unknown,Unknown,,Unknown,,Catalog Only,0,0,0,norse mythology,neil gaiman,1001+,0
Nothing to Lose: Jack Reacher 12,Lee Child,4.3,4.3,2861.0,7.959275960116396,1093.0,"Two small towns in Colorado: Hope and Despair. Between them, nothing but twelve miles of empty road. Jack Reacher can't find a ride, so he walks. All he wants is a cup of coffee. What he gets are four redneck deputies who want to run him out of town. Mistake. They're picking on the wrong guy. Jack Reacher is a big man, and he's in shape. No job, no address, no baggage. Nothing, except bloody-minded curiosity. What is the secret the locals seem so keen to hide?",Unknown,Unknown,,Unknown,,Both,1,0,0,nothing to lose: jack reacher 12,lee child,1001+,464
Nothing Ventured,Jeffrey Archer,4.4,4.4,2159.0,7.67786350067821,323.0,Unknown,Unknown,Unknown,,Unknown,,Catalog Only,0,0,0,nothing ventured,jeffrey archer,1001+,0
"Old Man's War: Old Man's War, Book 1",John Scalzi,4.5,4.5,2598.0,7.86288203464149,323.0,Unknown,Unknown,Unknown,,Unknown,,Both,0,0,0,"old man's war: old man's war, book 1",john scalzi,1001+,0
"Old School: Diary of a Wimpy Kid, Book 10",Jeff Kinney,4.6,4.6,4969.0,8.511175119090675,410.0,Brought to you by Puffin.,Humorous Fiction for Children | Children's Literature & Fiction (Books),",#2,363 in Audible Audiobooks & Originals (See Top 100 in Audible Audiobooks & Originals),#30 in Humorous Fiction for Children,#4,352 in Children's Literature & Fiction (Books)",2363.0,2 hours and 9 minutes,129.0,Both,1,1,1,"old school: diary of a wimpy kid, book 10",jeff kinney,1001+,25
Olive Kitteridge: Fiction,Elizabeth Strout,4.3,4.3,3386.0,8.127699852817772,1131.0,Unknown,Unknown,Unknown,,Unknown,,Both,0,0,0,olive kitteridge: fiction,elizabeth strout,1001+,0
On Dublin Street,Samantha Young,4.5,4.5,2834.0,7.949797216161852,752.0,"Penguin presents the unabridged, downloadable audiobook edition of Samantha Young’s On Dublin Street, the hottest new romance best seller.",Contemporary Romance | Romance (Books),",#3,576 in Audible Audiobooks & Originals (See Top 100 in Audible Audiobooks & Originals),#121 in Contemporary Romance (Audible Audiobooks & Originals),#9,117 in Romance (Books)",3576.0,10 hours and 45 minutes,645.0,Both,1,1,1,on dublin street,samantha young,1001+,138
On Tyranny: Twenty Lessons from the Twentieth Century,Timothy Snyder,4.7,4.7,4643.0,8.443331342817782,615.0,"History does not repeat, but it does instruct.",Unknown,Unknown,,Unknown,,Both,1,0,0,on tyranny: twenty lessons from the twentieth century,timothy snyder,1001+,46
One Day in December,Josie Silver,4.5,4.5,4685.0,8.452334619067742,888.0,"Penguin presents the audiobook edition of One Day in December by Josie Silver, read by Eleanor Tomlinson and Charlie Anson.",Unknown,Unknown,,Unknown,,Both,1,0,0,one day in december,josie silver,1001+,123
One Good Deed,David Baldacci,4.5,4.5,2853.0,7.956476798036782,323.0,Unknown,Unknown,Unknown,,Unknown,,Both,0,0,0,one good deed,david baldacci,1001+,0
One of Us Is Lying,Karen McManus,4.6,4.6,3909.0,8.271292652979412,752.0,Unknown,Unknown,Unknown,,Unknown,,Both,0,0,0,one of us is lying,karen mcmanus,1001+,0
One of Us Is Next,Karen McManus,4.7,4.7,1772.0,7.480428306074208,683.0,Unknown,Unknown,Unknown,,Unknown,,Both,0,0,0,one of us is next,karen mcmanus,1001+,0
One Shot: Jack Reacher 9,Lee Child,4.6,4.6,3425.0,8.139148678884066,1093.0,Unknown,Unknown,Unknown,,Unknown,,Both,0,0,0,one shot: jack reacher 9,lee child,1001+,0
"Only Time Will Tell: Clifton Chronicles, Book 1",Jeffrey Archer,4.3,4.3,6949.0,8.846496938558838,323.0,"The Clifton Chronicles is Jeffrey Archer’s most ambitious work in four decades as an international best-selling author. The epic tale of Harry Clifton’s life begins in 1920, with the chilling words, ‘I was told that my father was killed in the war.’ But it will be another 20 years before Harry discovers how his father really died, which will only lead him to question: who was his father? Is he the son of Arthur Clifton, a stevedore who worked in Bristol docks, or the first born son of a scion of West Country society, whose family owns a shipping line?",Fiction Sagas | Family Life Fiction | Historical Fiction,",#985 in Audible Audiobooks & Originals (See Top 100 in Audible Audiobooks & Originals),#10 in Fiction Sagas,#11 in Family Life Fiction,#30 in Historical Fiction (Audible Audiobooks & Originals)",985.0,12 hours and 35 minutes,755.0,Both,1,1,1,"only time will tell: clifton chronicles, book 1",jeffrey archer,1001+,557
Open: The Autobiography,Andre Agassi,4.7,4.7,2954.0,7.991253929840199,5709.0,He is one of the most beloved athletes in history and one of the most gifted men ever to step onto a tennis court - but from early childhood Andre Agassi hated the game.,Unknown,",            5 star,          ,            ,              77%,            ,",,6 hours and 28 minutes,388.0,Both,1,0,1,open: the autobiography,andre agassi,1001+,169
Origin,Dan Brown,4.2,4.2,16175.0,9.691283941260252,1093.0,Unknown,Unknown,Unknown,,Unknown,,Both,0,0,0,origin,dan brown,1001+,0
"Outlander: Outlander, Book 1",Diana Gabaldon,4.6,4.6,22631.0,10.027120112981404,1172.0,"In 1945, former combat nurse Claire Randall returns from World War II and joins her husband for a second honeymoon. Their blissful reunion is shattered when she touches a boulder in an ancient stone ruin and is instantly transported to 1743 Scotland, a place torn by war and raiding border clans. Will Claire find her way back to her own time, or is her destiny forever linked with Clan MacKenzie and the gallant James Fraser?",Historical Fantasy | Fantasy Romance | Contemporary Fantasy,",#4,114 in Audible Audiobooks & Originals (See Top 100 in Audible Audiobooks & Originals),#10 in Historical Fantasy,#13 in Fantasy Romance,#19 in Contemporary Fantasy",4114.0,32 hours and 38 minutes,1958.0,Both,1,1,1,"outlander: outlander, book 1",diana gabaldon,1001+,426
Outliers: The Story of Success,Malcolm Gladwell,4.3,4.3,4459.0,8.40290404501411,500.0,"In this stunning new book, Malcolm Gladwell takes us on an intellectual journey through the world of ""outliers"" - the best and the brightest, the most famous and the most successful. He asks the question: what makes high achievers different? His answer is that we pay too much attention to what successful people are like and too little attention to where they are from: that is, their culture, their family, their generation, and the idiosyncratic experiences of their upbringing. Along the way he explains the secrets of software billionaires, what it takes to be a great soccer player, why Asians are good at math, and what made the Beatles the greatest rock band.",Social Psychology | Anthropology | Business Motivation & Self-Improvement,",#112 in Audible Audiobooks & Originals (See Top 100 in Audible Audiobooks & Originals),#1 in Social Psychology,#4 in Anthropology (Audible Audiobooks & Originals),#9 in Business Motivation & Self-Improvement",112.0,7 hours and 18 minutes,438.0,Both,1,1,1,outliers: the story of success,malcolm gladwell,1001+,667
Pachinko,Min Jin Lee,4.6,4.6,4782.0,8.472823243680297,949.0,"Yeongdo, Korea - 1911. In a small fishing village on the banks of the East Sea, a club-footed, cleft-lipped man marries a 15-year-old girl. The couple have one child: their beloved daughter, Sunja.",Literary Fiction | Contemporary Fiction (Books),",#552 in Audible Audiobooks & Originals (See Top 100 in Audible Audiobooks & Originals),#30 in Literary Fiction,#1,017 in Contemporary Fiction (Books)",552.0,18 hours and 14 minutes,1094.0,Both,1,1,1,pachinko,min jin lee,1001+,197
"Pandemic: The Extinction Files, Book 1",A. G. Riddle,4.3,4.3,2204.0,7.698482787880946,1338.0,Unknown,Unknown,Unknown,,Unknown,,Catalog Only,0,0,0,"pandemic: the extinction files, book 1",a. g. riddle,1001+,0
Paper Towns,John Green,4.3,4.3,6193.0,8.731336360533149,1156.0,From the number-one best-selling author of Turtles All the Way Down and The Fault in Our Stars,Fiction on Runaways for Teens | Mystery & Detective Fiction for Teens | Fiction on Friendship for Teens,",#3,726 in Audible Audiobooks & Originals (See Top 100 in Audible Audiobooks & Originals),#1 in Fiction on Runaways for Teens,#3 in Mystery & Detective Fiction for Teens,#6 in Fiction on Friendship for Teens",3726.0,8 hours,480.0,Advanced Only,1,1,1,paper towns,john green,1001+,94
Percy Jackson and the Battle of the Labyrinth,Rick Riordan,4.7,4.7,3202.0,8.071843149609158,888.0,Unknown,Unknown,Unknown,,Unknown,,Both,0,0,0,percy jackson and the battle of the labyrinth,rick riordan,1001+,0
Percy Jackson and the Greek Gods,Rick Riordan,4.7,4.7,1668.0,7.419979923661835,888.0,Who could tell the true stories of the gods and goddesses of Olympus better than modern-day demigod Percy Jackson?,Science Fiction | Science Fiction (Books) | Children's Fantasy (Books),",#3,812 in Audible Audiobooks & Originals (See Top 100 in Audible Audiobooks & Originals),#102 in Science Fiction (Audible Audiobooks & Originals),#1,096 in Science Fiction (Books),#2,424 in Children's Fantasy (Books)",3812.0,12 hours and 23 minutes,743.0,Both,1,1,1,percy jackson and the greek gods,rick riordan,1001+,114
Percy Jackson and the Last Olympian,Rick Riordan,4.7,4.7,3587.0,8.185350223178686,888.0,"The fifth fantastic adventure in the Percy Jackson series is now available to download, complete and unabridged, on audio!",Fantasy & Magic for Children | Literature & Fiction for Children | Children's Fantasy (Books),",#199 in Audible Audiobooks & Originals (See Top 100 in Audible Audiobooks & Originals),#9 in Fantasy & Magic for Children,#14 in Literature & Fiction for Children,#183 in Children's Fantasy (Books)",199.0,11 hours,660.0,Both,1,1,1,percy jackson and the last olympian,rick riordan,1001+,122
Permanent Record,Edward Snowden,4.6,4.6,4937.0,8.504715669905124,323.0,"Edward Snowden, the man who risked everything to expose the US government’s system of mass surveillance, reveals for the first time the story of his life, including how he helped to build that system and what motivated him to try to bring it down.",Biographies of Activists | Biographies of Politicians | Privacy & Surveillance Studies,",#191 in Audible Audiobooks & Originals (See Top 100 in Audible Audiobooks & Originals),#1 in Biographies of Activists,#1 in Biographies of Politicians,#2 in Privacy & Surveillance Studies",191.0,11 hours and 31 minutes,691.0,Both,1,1,1,permanent record,edward snowden,1001+,247
"Persuader: Jack Reacher, Book 7",Lee Child,4.6,4.6,4127.0,8.325548307161398,1093.0,Unknown,Unknown,Unknown,,Unknown,,Catalog Only,0,0,0,"persuader: jack reacher, book 7",lee child,1001+,0
Persuasion,Jane Austen,4.2,4.2,1667.0,7.419380582918692,836.0,Unknown,Unknown,Unknown,,Unknown,,Catalog Only,0,0,0,persuasion,jane austen,1001+,0
Pines,Blake Crouch,4.2,4.2,6013.0,8.701845363548474,603.0,Unknown,Unknown,Unknown,,Unknown,,Catalog Only,0,0,0,pines,blake crouch,1001+,0
Playing for Keeps,R. L. Mathewson,4.4,4.4,1706.0,7.442492722794441,668.0,"Done with being the world's biggest pushover, Haley decides that things are going to change starting with the aggravating neighbor who has too much charm and not enough restraint. What she didn't expect was to be sucked into his world, but Haley has a game plan and she won't let herself forget just what the bad boy next door is capable of.","Erotic Romance | Contemporary Romance | Crime, Thriller & Mystery (Books)",",#4,617 in Audible Audiobooks & Originals (See Top 100 in Audible Audiobooks & Originals),#13 in Erotic Romance,#171 in Contemporary Romance (Audible Audiobooks & Originals),#8,125 in Crime, Thriller & Mystery (Books)",4617.0,7 hours and 33 minutes,453.0,Both,1,1,1,playing for keeps,r. l. mathewson,1001+,341
Prayers That Rout Demons,John Eckhardt,4.8,4.8,2162.0,7.679251425953058,422.0,Unknown,Unknown,Unknown,,Unknown,,Catalog Only,0,0,0,prayers that rout demons,john eckhardt,1001+,0
Predictably Irrational: The Hidden Forces That Shape Our Decisions,Dan Ariely,4.5,4.5,2130.0,7.664346632098617,5709.0,Why do smart people make irrational decisions every day? The answers will surprise you.,Textbooks & Study Guides,",#2,089 in Textbooks & Study Guides",,7 hours and 24 minutes,444.0,Both,1,1,1,predictably irrational: the hidden forces that shape our decisions,dan ariely,1001+,87
Pretty Girls,Karin Slaughter,4.2,4.2,4331.0,8.37378460812088,820.0,Unknown,Unknown,Unknown,,Unknown,,Catalog Only,0,0,0,pretty girls,karin slaughter,1001+,0
Pride and Prejudice,Jane Austen,4.5,4.5,9650.0,9.174816815907135,836.0,"One of Jane Austen’s most beloved works, Pride and Prejudice, is vividly brought to life by Academy Award nominee Rosamund Pike (Gone Girl). In her bright and energetic performance of this British classic, she expertly captures Austen’s signature wit and tone. Her attention to detail, her literary background, and her performance in the 2005 feature film version of the novel provide the perfect foundation from which to convey the story of Elizabeth Bennet, her four sisters, and the inimitable Mr. Darcy.",Regency Romance | Classic Literature | Historical Fiction (Books),",#128 in Audible Audiobooks & Originals (See Top 100 in Audible Audiobooks & Originals),#1 in Regency Romance,#5 in Classic Literature,#65 in Historical Fiction (Books)",128.0,11 hours and 35 minutes,695.0,Both,1,1,1,pride and prejudice,jane austen,1001+,507
Prisoners of Geography: Ten Maps That Tell You Everything You Need to Know About Global Politics,Tim Marshall,4.7,4.7,2459.0,7.807916628926408,721.0,Unknown,Unknown,Unknown,,Unknown,,Catalog Only,0,0,0,prisoners of geography: ten maps that tell you everything you need to know about global politics,tim marshall,1001+,0
Profit First: Transform Your Business from a Cash-Eating Monster to a Money-Making Machine,Mike Michalowicz,4.8,4.8,1983.0,7.592870287844818,703.0,"The author of cult classics The Pumpkin Plan and The Toilet Paper Entrepreneur offers a simple, counterintuitive cash management solution that will help small businesses break out of the doom spiral and achieve instant profitability.",International Business | Small Businesses | Entrepreneurship,",#2,240 in Audible Audiobooks & Originals (See Top 100 in Audible Audiobooks & Originals),#13 in International Business (Audible Audiobooks & Originals),#27 in Small Businesses,#56 in Entrepreneurship (Audible Audiobooks & Originals)",2240.0,8 hours and 35 minutes,515.0,Both,1,1,1,profit first: transform your business from a cash-eating monster to a money-making machine,mike michalowicz,1001+,233
"Queen of Air and Darkness: The Dark Artifices, Book 3 (A Shadowhunter Novel)",Cassandra Clare,4.7,4.7,2123.0,7.66105638236183,1138.0,"Dark secrets and forbidden love threaten the very survival of the Shadowhunters in Cassandra Clare’s Queen of Air and Darkness, the final novel in the number one New York Times and USA Today best-selling The Dark Artifices trilogy. Queen of Air and Darkness is a Shadowhunters novel.",Teen & Young Adult | Children's Literature & Fiction (Books),",#2,868 in Audible Audiobooks & Originals (See Top 100 in Audible Audiobooks & Originals),#50 in Teen & Young Adult,#5,256 in Children's Literature & Fiction (Books)",2868.0,30 hours and 24 minutes,1824.0,Both,1,1,1,"queen of air and darkness: the dark artifices, book 3 (a shadowhunter novel)",cassandra clare,1001+,283
Quiet: The Power of Introverts in a World That Can't Stop Talking,Susan Cain,4.5,4.5,8360.0,9.031333316150056,888.0,Brought to you by Penguin.,Relationships | Psychology | Textbooks & Study Guides,",#233 in Audible Audiobooks & Originals (See Top 100 in Audible Audiobooks & Originals),#7 in Relationships,#18 in Psychology (Audible Audiobooks & Originals),#2,672 in Textbooks & Study Guides",233.0,10 hours and 39 minutes,639.0,Both,1,1,1,quiet: the power of introverts in a world that can't stop talking,susan cain,1001+,26
Raavan: Enemy of Aryavarta,Amish Tripathi,4.5,4.5,4483.0,8.40827078419205,836.0,"Without the darkness, light has no purpose.",Fiction Sagas | Epic Fantasy | Fantasy (Books),",#39 in Audible Audiobooks & Originals (See Top 100 in Audible Audiobooks & Originals),#1 in Fiction Sagas,#2 in Epic Fantasy,#40 in Fantasy (Books)",39.0,11 hours and 32 minutes,692.0,Both,1,1,1,raavan: enemy of aryavarta,amish tripathi,1001+,43
"Raising Steam: Discworld, Book 40",Terry Pratchett,4.5,4.5,2617.0,7.870165946469845,888.0,Unknown,Unknown,Unknown,,Unknown,,Advanced Only,0,0,0,"raising steam: discworld, book 40",terry pratchett,1001+,0
Ready Player One,Ernest Cline,4.6,4.6,17237.0,9.754871528207344,1093.0,Brought to you by Penguin.,Cyberpunk Science Fiction | Adventure Science Fiction | Science Fiction (Books),",#494 in Audible Audiobooks & Originals (See Top 100 in Audible Audiobooks & Originals),#1 in Cyberpunk Science Fiction,#2 in Adventure Science Fiction,#93 in Science Fiction (Books)",494.0,15 hours and 40 minutes,940.0,Advanced Only,1,1,1,ready player one,ernest cline,1001+,26
Reasons to Stay Alive,Matt Haig,4.6,4.6,2967.0,7.995643604287271,683.0,Unknown,Unknown,Unknown,,Unknown,,Catalog Only,0,0,0,reasons to stay alive,matt haig,1001+,0
Rebecca,Daphne Du Maurier,4.5,4.5,2963.0,7.994294986415977,873.0,Exclusively from Audible,"Suspense | Classic Literature | Crime, Thriller & Mystery (Books)",",#559 in Audible Audiobooks & Originals (See Top 100 in Audible Audiobooks & Originals),#7 in Suspense,#28 in Classic Literature,#540 in Crime, Thriller & Mystery (Books)",559.0,14 hours and 46 minutes,886.0,Both,1,1,1,rebecca,daphne du maurier,1001+,24
Reconstructing Amelia,Kimberly McCreight,4.3,4.3,2204.0,7.698482787880946,793.0,Unknown,Unknown,Unknown,,Unknown,,Catalog Only,0,0,0,reconstructing amelia,kimberly mccreight,1001+,0
Recovery: Freedom from Our Addictions,Russell Brand,4.6,4.6,2405.0,7.785720896534624,323.0,Unknown,Unknown,Unknown,,Unknown,,Advanced Only,0,0,0,recovery: freedom from our addictions,russell brand,1001+,0
Recursion,Blake Crouch,4.5,4.5,2010.0,7.606387389772652,323.0,Unknown,Unknown,Unknown,,Unknown,,Both,0,0,0,recursion,blake crouch,1001+,0
Red Rising,Pierce Brown,4.6,4.6,5271.0,8.570165076182343,1172.0,"Darrow is a Red, a member of the lowest caste in the color-coded society of the future. Like his fellow Reds, he works all day, believing that he and his people are making the surface of Mars livable for future generations. Yet he spends his life willingly, knowing that his blood and sweat will one day result in a better world for his children. But Darrow and his kind have been betrayed. Soon he discovers that humanity reached the surface generations ago. Vast cities and sprawling parks spread across the planet.",Adventure Science Fiction | Dystopian Science Fiction | Science Fiction (Books),",#787 in Audible Audiobooks & Originals (See Top 100 in Audible Audiobooks & Originals),#4 in Adventure Science Fiction,#5 in Dystopian Science Fiction,#144 in Science Fiction (Books)",787.0,16 hours and 12 minutes,972.0,Both,1,1,1,red rising,pierce brown,1001+,517
"Reflected in You: A Crossfire Novel, Book 2",Sylvia Day,4.6,4.6,7665.0,8.9445502459405,469.0,Unknown,Unknown,Unknown,,Unknown,,Advanced Only,0,0,0,"reflected in you: a crossfire novel, book 2",sylvia day,1001+,0
"Relationship Goals: How to Win at Dating, Marriage, and Sex",Michael Todd,4.9,4.9,2864.0,7.960323629148839,879.0,Unknown,Unknown,Unknown,,Unknown,,Catalog Only,0,0,0,"relationship goals: how to win at dating, marriage, and sex",michael todd,1001+,0
Rework,Jason Fried,4.3,4.3,1975.0,7.588829878307813,452.0,Unknown,Unknown,Unknown,,Unknown,,Both,0,0,0,rework,jason fried,1001+,0
Rich Dad Poor Dad: What the Rich Teach Their Kids About Money - That the Poor and Middle Class Do Not!,Robert T. Kiyosaki,4.5,4.5,22123.0,10.004418271114568,837.0,Rich Dad Poor Dad will….,Personal Finance | Investing & Trading | Personal Development & Self-Help,",#9 in Audible Audiobooks & Originals (See Top 100 in Audible Audiobooks & Originals),#2 in Personal Finance,#2 in Investing & Trading,#39 in Personal Development & Self-Help",9.0,6 hours and 9 minutes,369.0,Both,1,1,1,rich dad poor dad: what the rich teach their kids about money - that the poor and middle class do not!,robert t. kiyosaki,1001+,24
Rich Dad's Cashflow Quadrant: Guide to Financial Freedom,Robert T. Kiyosaki,4.6,4.6,1687.0,7.431299675155903,837.0,"Rich Dad’s Cashflow Quadrant reveals how some people work less, earn more, pay less in taxes, and learn to become financially free. Have you ever asked yourself:",Personal Finance | Investing & Trading | Business & Economics,",#682 in Audible Audiobooks & Originals (See Top 100 in Audible Audiobooks & Originals),#35 in Personal Finance,#43 in Investing & Trading,#1,577 in Business & Economics",682.0,8 hours and 48 minutes,528.0,Both,1,1,1,rich dad's cashflow quadrant: guide to financial freedom,robert t. kiyosaki,1001+,161
Rich People Problems,Kevin Kwan,4.6,4.6,2250.0,7.719129840906732,1093.0,Brought to you by Penguin. New York Times best seller.,Unknown,Unknown,,Unknown,,Advanced Only,1,0,0,rich people problems,kevin kwan,1001+,54
Rising Strong,Brené Brown,4.7,4.7,2815.0,7.943072717277933,888.0,"Random House presents the audiobook edition of Rising Strong, written and read by Brené Brown.",Stress Management | Biographies & Autobiographies (Books) | Personal Development & Self-Help,",#3,927 in Audible Audiobooks & Originals (See Top 100 in Audible Audiobooks & Originals),#53 in Stress Management,#5,045 in Biographies & Autobiographies (Books),#8,211 in Personal Development & Self-Help",3927.0,8 hours and 51 minutes,531.0,Both,1,1,1,rising strong,brené brown,1001+,94
"Rodrick Rules: Diary of a Wimpy Kid, Book 2",Jeff Kinney,4.6,4.6,3172.0,8.062432791583195,410.0,Brought to you by Puffin.,Fiction on Siblings for Children | Fiction on Boys for Children | Humorous Fiction for Children,",#678 in Audible Audiobooks & Originals (See Top 100 in Audible Audiobooks & Originals),#1 in Fiction on Siblings for Children,#1 in Fiction on Boys for Children,#5 in Humorous Fiction for Children",678.0,2 hours and 28 minutes,148.0,Both,1,1,1,"rodrick rules: diary of a wimpy kid, book 2",jeff kinney,1001+,25
Romeo and Juliet,William Shakespeare,4.2,4.2,3986.0,8.290794347381356,32.0,Unknown,Unknown,Unknown,,Unknown,,Both,0,0,0,romeo and juliet,william shakespeare,1001+,0
Room,Emma Donoghue,4.4,4.4,5797.0,8.6652683094816,323.0,"The story of a mother, her son, a locked room, and the outside world.",Literary Fiction | Literature & Fiction (Books),",#4,401 in Audible Audiobooks & Originals (See Top 100 in Audible Audiobooks & Originals),#252 in Literary Fiction,#26,275 in Literature & Fiction (Books)",4401.0,10 hours and 45 minutes,645.0,Both,1,1,1,room,emma donoghue,1001+,69
Room on the Broom,Julia Donaldson,4.8,4.8,7030.0,8.858084222199162,323.0,"Read by Josie Lawrence, Room on the Broom is a very funny story of quick wits and friendship from the unparalleled picture book partnership of Julia Donaldson and Axel Scheffler, creators of The Gruffalo. This audiobok edition also includes a song and a read-along track.",Dragons & Mythical Creatures Fantasy for Children | Stories in Verse for Children | Animal Fiction for Children,",#2,126 in Audible Audiobooks & Originals (See Top 100 in Audible Audiobooks & Originals),#3 in Dragons & Mythical Creatures Fantasy for Children,#3 in Stories in Verse for Children,#21 in Animal Fiction for Children",2126.0,24 minutes,24.0,Advanced Only,1,1,1,room on the broom,julia donaldson,1001+,271
"Salt, Fat, Acid, Heat: Mastering the Elements of Good Cooking",Samin Nosrat,4.8,4.8,6023.0,8.703506769479729,683.0,Now a Netflix series Winner of the Fortnum & Mason Best Debut Food Book 2018 Sunday Times Food Book of the Year and New York Times best seller,"Cooking | Food, Drink & Entertaining (Books)",",#2,513 in Audible Audiobooks & Originals (See Top 100 in Audible Audiobooks & Originals),#4 in Cooking,#663 in Food, Drink & Entertaining (Books)",2513.0,5 hours and 56 minutes,356.0,Both,1,1,1,"salt, fat, acid, heat: mastering the elements of good cooking",samin nosrat,1001+,142
Sapiens,Yuval Noah Harari,4.6,4.6,20163.0,9.911654115202522,1093.0,Fire gave us power. Farming made us hungry for more. Money gave us purpose. Science made us deadly.,Anthropology | History of Civilization | Anthropology (Books),",#4 in Audible Audiobooks & Originals (See Top 100 in Audible Audiobooks & Originals),#1 in Anthropology (Audible Audiobooks & Originals),#1 in History of Civilization,#2 in Anthropology (Books)",4.0,15 hours and 18 minutes,918.0,Both,1,1,1,sapiens,yuval noah harari,1001+,99
Save the Cat!: The Last Book on Screenwriting You'll Ever Need,Blake Snyder,4.6,4.6,2067.0,7.63433723562832,1172.0,"Here's what started the phenomenon: This book has been a best seller for over 15 years and has been used by screenwriters around the world! Blake Snyder tells all in this fast, funny, and candid look inside the movie business. Save the Cat is just one of many ironclad rules for making your ideas more marketable and your script more satisfying. Others include these:",Unknown,Unknown,,Unknown,,Both,1,0,0,save the cat!: the last book on screenwriting you'll ever need,blake snyder,1001+,367
"Scarlet: The Lunar Chronicles, Book 2",Marissa Meyer,4.7,4.7,2144.0,7.670894831362117,1063.0,Unknown,Unknown,Unknown,,Unknown,,Catalog Only,0,0,0,"scarlet: the lunar chronicles, book 2",marissa meyer,1001+,0
"Scion of Ikshvaku: Ram Chandra Series, Book 1",Amish,4.2,4.2,6475.0,8.775858314797526,836.0,Unknown,Unknown,Unknown,,Unknown,,Catalog Only,0,0,0,"scion of ikshvaku: ram chandra series, book 1",amish,1001+,0
Scythe,Neal Shusterman,4.7,4.7,1918.0,7.5595594960077,836.0,Unknown,Unknown,Unknown,,Unknown,,Both,0,0,0,scythe,neal shusterman,1001+,0
Sense and Sensibility,Jane Austen,4.4,4.4,2775.0,7.928766321626695,836.0,"In this Audible Exclusive production, Academy Award nominee Rosamund Pike (Gone Girl) narrates one of Jane Austen’s most beloved works, Sense and Sensibility. In this timeless tale of misguided romance and heartbreak, two teenage heroines must overcome the pitfalls of Georgian England’s high society in order to achieve the love and happiness they seek. The admiration that Pike has for Austen’s work is shown clearly through this passionate delivery of Austen’s first published novel.",Regency Romance | Literary Fiction | Classic Literature,",#427 in Audible Audiobooks & Originals (See Top 100 in Audible Audiobooks & Originals),#2 in Regency Romance,#22 in Literary Fiction,#22 in Classic Literature",427.0,11 hours and 25 minutes,685.0,Both,1,1,1,sense and sensibility,jane austen,1001+,486
Seriously...I'm Kidding,Ellen DeGeneres,4.1,4.1,1679.0,7.426549072397305,500.0,Unknown,Unknown,Unknown,,Unknown,,Both,0,0,0,seriously...i'm kidding,ellen degeneres,1001+,0
Seven Brief Lessons on Physics,Carlo Rovelli,4.4,4.4,2235.0,7.71244383427499,615.0,"Penguin presents the unabridged, downloadable audiobook edition of Seven Brief Lessons on Physics written and read by Carlo Rovelli. These seven short lessons guide us, with admirable clarity, through the scientific revolution that shook physics in the 20th century and still continues to shake us today.",Astronomy (Books) | Earth Sciences Books | Textbooks & Study Guides,",#142 in Astronomy (Books),#152 in Earth Sciences Books,#23,598 in Textbooks & Study Guides",,1 hour and 45 minutes,105.0,Both,1,1,1,seven brief lessons on physics,carlo rovelli,1001+,304
Shadow and Bone,Leigh Bardugo,4.4,4.4,1794.0,7.492760300922379,668.0,"Surrounded by enemies, the once-great nation of Ravka has been torn in two by the Shadow Fold, a swath of near impenetrable darkness crawling with monsters who feast on human flesh. Now its fate may rest on the shoulders of one lonely refugee.",Fantasy for Teens | Children's Science Fiction (Books) | Children's Fantasy (Books),",#2,079 in Audible Audiobooks & Originals (See Top 100 in Audible Audiobooks & Originals),#14 in Fantasy for Teens,#224 in Children's Science Fiction (Books),#1,330 in Children's Fantasy (Books)",2079.0,9 hours and 21 minutes,561.0,Both,1,1,1,shadow and bone,leigh bardugo,1001+,243
Shelter in Place,Nora Roberts,4.7,4.7,2394.0,7.781138509845015,1172.0,Unknown,Unknown,Unknown,,Unknown,,Catalog Only,0,0,0,shelter in place,nora roberts,1001+,0
Shogun: The Epic Novel of Japan,James Clavell,4.7,4.7,2157.0,7.67693714581808,1758.0,Unknown,Unknown,Unknown,,Unknown,,Catalog Only,0,0,0,shogun: the epic novel of japan,james clavell,1001+,0
Siddhartha,Herman Hesse,4.3,4.3,3039.0,8.019612794400267,211.0,Unknown,Unknown,Unknown,,Unknown,,Advanced Only,0,0,0,siddhartha,herman hesse,1001+,0
Siddhartha,Hermann Hesse,4.3,4.3,3008.0,8.009363076630045,501.0,Unknown,Unknown,Unknown,,Unknown,,Catalog Only,0,0,0,siddhartha,hermann hesse,1001+,0
Simon vs. the Homo Sapiens Agenda,Becky Albertalli,4.7,4.7,2310.0,7.745435610274381,683.0,"Penguin presents the audiobook edition of Simon vs. the Homo Sapiens Agenda by Becky Albertalli, read by Michael Crouch.",Romance for Teens | Literature & Fiction for Children | Painting (Books),",#4,194 in Audible Audiobooks & Originals (See Top 100 in Audible Audiobooks & Originals),#28 in Romance for Teens,#275 in Literature & Fiction for Children,#493 in Painting (Books)",4194.0,6 hours and 45 minutes,405.0,Both,1,1,1,simon vs. the homo sapiens agenda,becky albertalli,1001+,120
Sita: Warrior of Mithila,Amish,4.4,4.4,3804.0,8.244071270295786,836.0,Unknown,Unknown,Unknown,,Unknown,,Catalog Only,0,0,0,sita: warrior of mithila,amish,1001+,0
Six of Crows,Leigh Bardugo,4.6,4.6,2800.0,7.937731775260109,1003.0,Ketterdam: a bustling hub of international trade where anything can be had for the right price - and no one knows that better than criminal prodigy Kaz Brekker. Kaz is offered a chance at a deadly heist that could make him rich beyond his wildest dreams. But he can't pull it off alone.,Action & Adventure Fantasy for Teens | Crime Fiction for Teens | Thrillers & Suspense for Teens,",#336 in Audible Audiobooks & Originals (See Top 100 in Audible Audiobooks & Originals),#1 in Action & Adventure Fantasy for Teens,#1 in Crime Fiction for Teens,#1 in Thrillers & Suspense for Teens",336.0,15 hours and 4 minutes,904.0,Both,1,1,1,six of crows,leigh bardugo,1001+,286
Slaughterhouse-Five,Kurt Vonnegut,4.5,4.5,3423.0,8.138564737261632,668.0,"Slaughterhouse-Five is the now famous parable of Billy Pilgrim, a World War II veteran and POW who has, in the later stage of his life, become ""unstuck in time"" and who experiences at will (or unwillingly) all known events of his chronology out of order and sometimes simultaneously.",Unknown,",            5 star,          ,            ,              71%,            ,",,5 hours and 13 minutes,313.0,Both,1,0,1,slaughterhouse-five,kurt vonnegut,1001+,283
"Sleep Tight: DCI Tom Douglas, Book 3",Rachel Abbott,4.5,4.5,4957.0,8.508757712595136,793.0,Unknown,Unknown,Unknown,,Unknown,,Advanced Only,0,0,0,"sleep tight: dci tom douglas, book 3",rachel abbott,1001+,0
Sorry Not Sorry,Sophie Ranald,4.3,4.3,1885.0,7.542213463193403,645.0,Unknown,Unknown,Unknown,,Unknown,,Both,0,0,0,sorry not sorry,sophie ranald,1001+,0
Spark Joy,Marie Kondo,4.7,4.7,2961.0,7.993619994827744,615.0,"Random House presents the unabridged downloadable audiobook edition of Spark Joy by Marie Kondo, read by Sumalee Montano.",Cleaning & Organising | Stress Management | Home & House Maintenance,",#3,548 in Audible Audiobooks & Originals (See Top 100 in Audible Audiobooks & Originals),#4 in Cleaning & Organising,#47 in Stress Management,#189 in Home & House Maintenance",3548.0,5 hours and 31 minutes,331.0,Both,1,1,1,spark joy,marie kondo,1001+,121
"Split Second: King and Maxwell, Book 1",David Baldacci,4.5,4.5,2750.0,7.919719760924575,323.0,Unknown,Unknown,Unknown,,Unknown,,Advanced Only,0,0,0,"split second: king and maxwell, book 1",david baldacci,1001+,0
SPQR: A History of Ancient Rome,Mary Beard,4.4,4.4,1967.0,7.584773077612199,569.0,"Ancient Rome matters. Its history of empire, conquest, cruelty and excess is something against which we still judge ourselves. Its myths and stories - from Romulus and Remus to the rape of Lucretia - still strike a chord with us. And its debates about citizenship, security and the rights of the individual still influence our own debates on civil liberty today.",Ancient & Classical Roman History | Rome | Textbooks & Study Guides,",#2,454 in Audible Audiobooks & Originals (See Top 100 in Audible Audiobooks & Originals),#1 in Ancient & Classical Roman History,#29 in Rome,#27,436 in Textbooks & Study Guides",2454.0,18 hours and 30 minutes,1110.0,Both,1,1,1,spqr: a history of ancient rome,mary beard,1001+,362
Star Wars: Ahsoka,E. K. Johnston,4.7,4.7,2244.0,7.716460800176355,1256.0,Unknown,"Sci-Fi Movie, TV & Video Game Tie-Ins for Teens | Space Opera Sci-Fi for Teens | Movie, TV & Video Game Tie-ins for Teens",",#3,808 in Audible Audiobooks & Originals (See Top 100 in Audible Audiobooks & Originals),#1 in Sci-Fi Movie, TV & Video Game Tie-Ins for Teens,#1 in Space Opera Sci-Fi for Teens,#2 in Movie, TV & Video Game Tie-ins for Teens",3808.0,7 hours and 4 minutes,424.0,Both,0,1,1,star wars: ahsoka,e. k. johnston,1001+,0
Start with Why: How Great Leaders Inspire Everyone to Take Action (Int'l Edit.),Simon Sinek,4.5,4.5,3858.0,8.258163361537619,820.0,"Why are some people and organizations more innovative, more influential, and more profitable than others? Why do some command greater loyalty from customers and employees alike? Even among the successful, why are so few able to repeat their successes over and over?",Leadership | Business Motivation & Self-Improvement | Entrepreneurship,",#53 in Audible Audiobooks & Originals (See Top 100 in Audible Audiobooks & Originals),#2 in Leadership,#3 in Business Motivation & Self-Improvement,#5 in Entrepreneurship (Audible Audiobooks & Originals)",53.0,7 hours and 12 minutes,432.0,Both,1,1,1,start with why: how great leaders inspire everyone to take action (int'l edit.),simon sinek,1001+,265
"Starting Strength: Basic Barbell Training, 3rd Edition",Mark Rippetoe,4.8,4.8,2567.0,7.850882664809852,836.0,Unknown,Unknown,Unknown,,Unknown,,Advanced Only,0,0,0,"starting strength: basic barbell training, 3rd edition",mark rippetoe,1001+,0
Stick Man,Julia Donaldson,4.8,4.8,1734.0,7.45876269238096,190.0,Unknown,Unknown,Unknown,,Unknown,,Both,0,0,0,stick man,julia donaldson,1001+,0
Still Me,Jojo Moyes,4.7,4.7,4238.0,8.352082671352637,1093.0,"Penguin presents the audiobook edition of Still Me by Jojo Moyes, read by Anna Acton - the third Lou Clark novel by Jojo Moyes, following the number one international best sellers Me Before You and After You.",Romantic Comedy | Women's Fiction | Contemporary Romance,",#1,935 in Audible Audiobooks & Originals (See Top 100 in Audible Audiobooks & Originals),#19 in Romantic Comedy,#42 in Women's Fiction,#59 in Contemporary Romance (Audible Audiobooks & Originals)",1935.0,13 hours and 37 minutes,817.0,Both,1,1,1,still me,jojo moyes,1001+,208
Stillhouse Lake,Rachel Caine,4.5,4.5,9068.0,9.112617283447568,1005.0,An Amazon Charts and USA Today bestseller.,Psychological Fiction | Psychological Thrillers | Women's Fiction,",#4,976 in Audible Audiobooks & Originals (See Top 100 in Audible Audiobooks & Originals),#42 in Psychological Fiction,#78 in Psychological Thrillers,#109 in Women's Fiction",4976.0,10 hours and 4 minutes,604.0,Both,1,1,1,stillhouse lake,rachel caine,1001+,42
Stoner: A Novel,John Williams,4.5,4.5,2680.0,7.893945138235959,683.0,Unknown,Unknown,Unknown,,Unknown,,Catalog Only,0,0,0,stoner: a novel,john williams,1001+,0
"Storm Front: The Dresden Files, Book 1",Jim Butcher,4.5,4.5,3210.0,8.074337694089515,938.0,Unknown,Unknown,Unknown,,Unknown,,Catalog Only,0,0,0,"storm front: the dresden files, book 1",jim butcher,1001+,0
Such a Fun Age,Kiley Reid,4.3,4.3,2707.0,7.903965634032166,493.0,Longlisted for the Booker Prize 2020,Multicultural Romance | African American Literature | Romance (Books),",#1,143 in Audible Audiobooks & Originals (See Top 100 in Audible Audiobooks & Originals),#1 in Multicultural Romance,#2 in African American Literature,#1,659 in Romance (Books)",1143.0,9 hours and 58 minutes,598.0,Both,1,1,1,such a fun age,kiley reid,1001+,36
Super Attractor: Methods for Manifesting a Life Beyond Your Wildest Dreams,Gabrielle Bernstein,4.7,4.7,1681.0,7.427738840532894,1003.0,Ready to turn what you want into the life that you live? The number-one New York Times best-selling author of The Universe Has Your Back shows you how.,"New Thought Spirituality | Personal Success | Mind, Body & Spirit",",#252 in Audible Audiobooks & Originals (See Top 100 in Audible Audiobooks & Originals),#2 in New Thought Spirituality,#52 in Personal Success,#289 in Mind, Body & Spirit",252.0,6 hours and 25 minutes,385.0,Both,1,1,1,super attractor: methods for manifesting a life beyond your wildest dreams,gabrielle bernstein,1001+,151
"Surely You're Joking, Mr. Feynman!",Richard P. Feynman,4.6,4.6,2185.0,7.689828668736484,773.0,Unknown,Biographies of Science & Technology Leaders | Biographies & Autobiographies (Books),",#271 in Audible Audiobooks & Originals (See Top 100 in Audible Audiobooks & Originals),#2 in Biographies of Science & Technology Leaders,#334 in Biographies & Autobiographies (Books)",271.0,11 hours and 31 minutes,691.0,Both,0,1,1,"surely you're joking, mr. feynman!",richard p. feynman,1001+,0
Talking to Strangers: What We Should Know About the People We Don’t Know,Malcolm Gladwell,4.5,4.5,4327.0,8.372860820526318,1093.0,Brought to you by Penguin.,"Society & Culture (Books) | Sciences, Technology & Medicine (Books) | Personal Development & Self-Help",",#29 in Society & Culture (Books),#45 in Sciences, Technology & Medicine (Books),#164 in Personal Development & Self-Help",,8 hours and 42 minutes,522.0,Both,1,1,1,talking to strangers: what we should know about the people we don’t know,malcolm gladwell,1001+,26
"The $100 Startup: Reinvent the Way You Make a Living, Do What You Love, and Create a New Future",Chris Guillebeau,4.1,4.1,2119.0,7.659171367666058,879.0,"In The $100 Startup, Chris Guillebeau tells you how to lead of life of adventure, meaning and purpose - and earn a good living.",Small Businesses | New Business Enterprises | Business Careers,",#166 in Audible Audiobooks & Originals (See Top 100 in Audible Audiobooks & Originals),#2 in Small Businesses,#3 in New Business Enterprises,#4 in Business Careers",166.0,8 hours and 14 minutes,494.0,Both,1,1,1,"the $100 startup: reinvent the way you make a living, do what you love, and create a new future",chris guillebeau,1001+,127
"The 1-Page Marketing Plan: Get New Customers, Make More Money, And Stand Out From The Crowd",Allan Dib,4.7,4.7,1730.0,7.456454555176209,668.0,Warning: do not listen to this book if you hate money.,Business Development | International Business | Marketing,",#411 in Audible Audiobooks & Originals (See Top 100 in Audible Audiobooks & Originals),#5 in Business Development (Audible Audiobooks & Originals),#6 in International Business (Audible Audiobooks & Originals),#11 in Marketing (Audible Audiobooks & Originals)",411.0,6 hours and 32 minutes,392.0,Both,1,1,1,"the 1-page marketing plan: get new customers, make more money, and stand out from the crowd",allan dib,1001+,54
The 10X Rule: The Only Difference Between Success and Failure,Grant Cardone,4.6,4.6,2729.0,7.912056888179006,703.0,Unknown,Unknown,Unknown,,Unknown,,Both,0,0,0,the 10x rule: the only difference between success and failure,grant cardone,1001+,0
"The 4-Hour Body: An uncommon guide to rapid fat-loss, incredible sex and becoming superhuman",Timothy Ferriss,4.3,4.3,3455.0,8.147867129923947,615.0,"Do you want to lose fat, double testosterone, get the perfect posterior or give your partner a fifteen-minute female orgasm? Whatever your physical goal, The 4-Hour Body eclipses every other health manual by sharing the best kept secrets in the latest science and research to provide new strategies for redesigning the human body. And you don't need to exhaust yourself. International bestselling author, Timothy Ferriss, helps you reach your true genetic potential in 3-6 months with a commitment of less than four hours per week. You can pick and choose from a menu of options, from simple to extreme, for dramatic body changes. Based on over 15 years of research, The 4-Hour Body will give unbelievable results and change the way you look forever.",Political Theory | Healthy Living & Wellness | History (Books),",#112 in Political Theory,#381 in Healthy Living & Wellness,#1,582 in History (Books)",,3 hours and 51 minutes,231.0,Both,1,1,1,"the 4-hour body: an uncommon guide to rapid fat-loss, incredible sex and becoming superhuman",timothy ferriss,1001+,750
The 5 Love Languages of Children: The Secret to Loving Children Effectively,Gary Chapman,4.8,4.8,2940.0,7.9865049385539955,656.0,"You love your child, but does your child feel loved?",Primary Education | Parenting School-Age Children | Christianity,",#3,529 in Audible Audiobooks & Originals (See Top 100 in Audible Audiobooks & Originals),#3 in Primary Education,#3 in Parenting School-Age Children,#57 in Christianity (Audible Audiobooks & Originals)",3529.0,5 hours and 48 minutes,348.0,Both,1,1,1,the 5 love languages of children: the secret to loving children effectively,gary chapman,1001+,52
"The 5 Second Rule: Transform your Life, Work, and Confidence with Everyday Courage",Mel Robbins,4.4,4.4,2325.0,7.75190533307861,668.0,How to enrich your life and destroy doubt in five seconds.,Unknown,Unknown,,Unknown,,Both,1,0,0,"the 5 second rule: transform your life, work, and confidence with everyday courage",mel robbins,1001+,58
The 5AM Club: Own Your Morning. Elevate Your Life.,Robin Sharma,4.4,4.4,5116.0,8.540323608805092,8735.0,"Legendary leadership and elite performance expert Robin Sharma introduced The 5AM Club concept over 20 years ago, based on a revolutionary morning routine that has helped his clients maximise their productivity, activate their best health and bulletproof their serenity in this age of overwhelming complexity.",Sleep Disorders | Personal Success | Healthy Living & Wellness,",#8 in Audible Audiobooks & Originals (See Top 100 in Audible Audiobooks & Originals),#1 in Sleep Disorders,#6 in Personal Success,#8 in Healthy Living & Wellness",8.0,11 hours and 4 minutes,664.0,Both,1,1,1,the 5am club: own your morning. elevate your life.,robin sharma,1001+,309
The Adventure of the Beryl Coronet: A Sherlock Holmes Adventure,Arthur Conan Doyle,4.5,4.5,2605.0,7.8655717576847906,99.0,Unknown,Unknown,Unknown,,Unknown,,Catalog Only,0,0,0,the adventure of the beryl coronet: a sherlock holmes adventure,arthur conan doyle,1001+,0
The Adventures of Huckleberry Finn,Mark Twain,4.3,4.3,3379.0,8.125630988477065,32.0,Unknown,Unknown,Unknown,,Unknown,,Catalog Only,0,0,0,the adventures of huckleberry finn,mark twain,1001+,0
The Adventures of Tom Sawyer,Mark Twain,4.4,4.4,1902.0,7.551186867296149,305.0,"""One of the best-loved and most famous characters in southern literature springs to larger-than-life size thanks to Thomas Becker's inspired delivery."" (School Library Journal)",Satire Fiction | Classic Literature | Literary Fiction,",#4,035 in Audible Audiobooks & Originals (See Top 100 in Audible Audiobooks & Originals),#11 in Satire Fiction,#215 in Classic Literature,#228 in Literary Fiction",4035.0,7 hours and 45 minutes,465.0,Advanced Only,1,1,1,the adventures of tom sawyer,mark twain,1001+,176
The Alchemist: A Fable About Following Your Dream,Paulo Coelho,4.6,4.6,28237.0,10.248423867569471,10378.0,Unknown,"Metaphysical & Visionary Fiction | Literary Fiction | Crime, Thriller & Mystery (Books)",",#10 in Audible Audiobooks & Originals (See Top 100 in Audible Audiobooks & Originals),#1 in Metaphysical & Visionary Fiction,#1 in Literary Fiction,#6 in Crime, Thriller & Mystery (Books)",10.0,4 hours,240.0,Both,0,1,1,the alchemist: a fable about following your dream,paulo coelho,1001+,0
The Art of War,Sun Tzu,4.2,4.2,9217.0,9.128913373280454,333.0,"The 13 chapters of The Art of War, each devoted to one aspect of warfare, were compiled by the high-ranking Chinese military general, strategist, and philosopher Sun-Tzu. In spite of its battlefield specificity, The Art of War has found new life in the modern age, with leaders in fields as wide and far-reaching as world politics, human psychology, and corporate strategy finding valuable insight in its timeworn words.",Eastern Philosophy | Leadership | Analysis & Strategy,",#86 in Audible Audiobooks & Originals (See Top 100 in Audible Audiobooks & Originals),#3 in Eastern Philosophy,#4 in Leadership,#151 in Analysis & Strategy",86.0,1 hour and 7 minutes,67.0,Both,1,1,1,the art of war,sun tzu,1001+,420
The Autobiography of Benjamin Franklin (AmazonClassics Edition),Benjamin Franklin,4.3,4.3,2232.0,7.711101251840158,668.0,"Written between 1717 and 1790, and originally referred to by its author as simply Memoirs, Benjamin Franklin’s autobiography is considered the pioneering example of the genre. In this influential account of the American Dream in action, Franklin recounts his early life, his inventions, his quest for virtue and self-improvement, and his political achievements. The unfinished work is a vivid depiction of life in early America, as well as a relatable and inspiring portrait of one of its revolutionary thinkers.",Historical Biographies | Biographies of Politicians | Revolution Histories,",#1,780 in Audible Audiobooks & Originals (See Top 100 in Audible Audiobooks & Originals),#16 in Historical Biographies,#17 in Biographies of Politicians,#24 in Revolution Histories",1780.0,6 hours and 40 minutes,400.0,Both,1,1,1,the autobiography of benjamin franklin (amazonclassics edition),benjamin franklin,1001+,512
The Ballad of Songbirds and Snakes: A Hunger Games Novel,Suzanne Collins,4.6,4.6,6520.0,8.782783017393202,703.0,"It is the morning of the reaping that will kick off the 10th annual Hunger Games. In the Capitol, 18-year-old Coriolanus Snow is preparing for his one shot at glory as a mentor in the Games. The once-mighty house of Snow has fallen on hard times, its fate hanging on the slender chance that Coriolanus will be able to out charm, outwit, and outmaneuver his fellow students to mentor the winning tribute.",Survival Stories for Teens | Dystopian Fiction for Teens,",#1,684 in Audible Audiobooks & Originals (See Top 100 in Audible Audiobooks & Originals),#1 in Survival Stories for Teens,#1 in Dystopian Fiction for Teens",1684.0,16 hours and 16 minutes,976.0,Both,1,1,1,the ballad of songbirds and snakes: a hunger games novel,suzanne collins,1001+,403
"The Bear and the Nightingale: Winternight, Book 1",Katherine Arden,4.6,4.6,1754.0,7.470224135899966,888.0,Unknown,"Magical Realism Fiction | Fairy Tale Fantasy | Myths, Legends & Sagas",",#4,726 in Audible Audiobooks & Originals (See Top 100 in Audible Audiobooks & Originals),#10 in Magical Realism Fiction,#28 in Fairy Tale Fantasy,#1,296 in Myths, Legends & Sagas",4726.0,11 hours and 48 minutes,708.0,Advanced Only,0,1,1,"the bear and the nightingale: winternight, book 1",katherine arden,1001+,0
The Beekeeper of Aleppo: A Moving Testament to the Human Spirit,Christy Lefteri,4.6,4.6,2109.0,7.654443226470112,1025.0,Shortlisted for Audiobook of the Year - The British Book Awards 2020,Literary Fiction | Contemporary Fiction (Books),",#1,438 in Audible Audiobooks & Originals (See Top 100 in Audible Audiobooks & Originals),#92 in Literary Fiction,#2,636 in Contemporary Fiction (Books)",1438.0,8 hours and 37 minutes,517.0,Both,1,1,1,the beekeeper of aleppo: a moving testament to the human spirit,christy lefteri,1001+,68
The Bell Jar,Sylvia Plath,4.4,4.4,2633.0,7.876258882303226,531.0,Unknown,Unknown,Unknown,,Unknown,,Both,0,0,0,the bell jar,sylvia plath,1001+,0
The BFG,Roald Dahl,4.6,4.6,2444.0,7.801800401908973,615.0,Brought to you by Penguin.,Fiction Classics for Children | Humorous Fiction for Children | Fantasy & Magic for Children,",#2,135 in Audible Audiobooks & Originals (See Top 100 in Audible Audiobooks & Originals),#22 in Fiction Classics for Children,#25 in Humorous Fiction for Children,#44 in Fantasy & Magic for Children",2135.0,4 hours and 24 minutes,264.0,Both,1,1,1,the bfg,roald dahl,1001+,26
The Bhagavad Gita,Eknath Easwaran,4.7,4.7,2021.0,7.611842399580417,280.0,"The Bhagavad Gita, ""The Song of the Lord"", is the best known of all the Indian scriptures, and Easwaran's reliable and accessible version has consistently been the best-selling translation. Easwaran's introduction places the Gita in its historical setting and brings out the universality and timelessness of its teachings. Chapter introductions give clear explanations of key concepts in that chapter. To listen to the scripture without the introductions, listeners should start at track 044. The Bhagavad Gita opens dramatically on a battlefield, as the warrior Arjuna turns in anguish to his spiritual guide, Sri Krishna, for answers to the fundamental questions of life. But as Easwaran points out, the Gita is not what it seems - it's not a dialogue between two mythical figures at the dawn of Indian history. ""The battlefield is a perfect backdrop, but the Gita's subject is the war within, the struggle for self-mastery that every human being must wage"" to live a life that is meaningful, fulfilling, and worthwhile. This audio recording is a complete and unabridged reading of Eknath Easwaran's book The Bhagavad Gita.",Unknown,Unknown,,Unknown,,Both,1,0,0,the bhagavad gita,eknath easwaran,1001+,1125
The Big Short: Inside the Doomsday Machine,Michael Lewis,4.6,4.6,2496.0,7.822845290279774,683.0,Unknown,Unknown,Unknown,,Unknown,,Both,0,0,0,the big short: inside the doomsday machine,michael lewis,1001+,0
"The Black Ice: Harry Bosch Series, Book 2",Michael Connelly,4.6,4.6,2836.0,7.950502434808851,1005.0,Unknown,Unknown,Unknown,,Unknown,,Catalog Only,0,0,0,"the black ice: harry bosch series, book 2",michael connelly,1001+,0
The Black Swan: The Impact of the Highly Improbable,Nassim Nicholas Taleb,4.2,4.2,1854.0,7.525639975041535,938.0,Unknown,Mathematics | Social Sciences | Economics Books,",#124 in Audible Audiobooks & Originals (See Top 100 in Audible Audiobooks & Originals),#1 in Mathematics (Audible Audiobooks & Originals),#4 in Social Sciences (Audible Audiobooks & Originals),#71 in Economics Books",124.0,14 hours and 20 minutes,860.0,Both,0,1,1,the black swan: the impact of the highly improbable,nassim nicholas taleb,1001+,0
"The Blood of Olympus: Heroes of Olympus, Book 5",Rick Riordan,4.6,4.6,5749.0,8.656955133791396,888.0,"The unabridged, downloadable audiobook edition of The Blood of Olympus - the fifth book in the best-selling Heroes of Olympus series, set in the high-octane world of Percy Jackson. Though the Greek and Roman crew members of the Argo II have made progress in their many quests, they still seem no closer to defeating the earth mother, Gaea. Her giants have risen - all of them - and they're stronger than ever. The gods, still suffering from multiple personality disorder, are useless. How can a handful of young demigods hope to persevere against Gaea's army of powerful giants? As dangerous as it is to head to Athens, they have no other option. They have sacrificed too much already. And if Gaea wakes, it is game over.",Fantasy | Children's Fantasy (Books) | Fantasy (Books),",#2,045 in Audible Audiobooks & Originals (See Top 100 in Audible Audiobooks & Originals),#77 in Fantasy (Audible Audiobooks & Originals),#1,307 in Children's Fantasy (Books),#1,362 in Fantasy (Books)",2045.0,14 hours and 25 minutes,865.0,Both,1,1,1,"the blood of olympus: heroes of olympus, book 5",rick riordan,1001+,721
The Blue Umbrella,Ruskin Bond,4.5,4.5,1927.0,7.564238475170491,233.0,Unknown,Unknown,Unknown,,Unknown,,Both,0,0,0,the blue umbrella,ruskin bond,1001+,0
"The Body Keeps the Score: Mind, Brain and Body in the Transformation of Trauma",Bessel van der Kolk,4.8,4.8,8278.0,9.021477467138808,1093.0,Brought to you by Penguin.,PTSD | Meditation | Psychology,",#776 in Audible Audiobooks & Originals (See Top 100 in Audible Audiobooks & Originals),#1 in PTSD,#24 in Meditation (Audible Audiobooks & Originals),#68 in Psychology (Audible Audiobooks & Originals)",776.0,16 hours and 16 minutes,976.0,Both,1,1,1,"the body keeps the score: mind, brain and body in the transformation of trauma",bessel van der kolk,1001+,26
The Body: A Guide for Occupants,Bill Bryson,4.7,4.7,3516.0,8.165363632473982,721.0,'We spend our whole lives in one body and yet most of us have practically no idea how it works and what goes on inside it. The idea of the book is simply to try to understand the extraordinary contraption that is us.’,Biology | Biology Books | Textbooks & Study Guides,",#219 in Audible Audiobooks & Originals (See Top 100 in Audible Audiobooks & Originals),#1 in Biology (Audible Audiobooks & Originals),#41 in Biology Books,#2,532 in Textbooks & Study Guides",219.0,14 hours and 47 minutes,887.0,Both,1,1,1,the body: a guide for occupants,bill bryson,1001+,217
The Book on Rental Property Investing: How to Create Wealth and Passive Income Through Smart Buy & Hold Real Estate Investing,Brandon Turner,4.7,4.7,1832.0,7.513709247839705,836.0,"Practical, real-world advice for those looking to build wealth and cash flow through rental properties!",Real Estate Investments | Personal Finance | Analysis & Strategy,",#945 in Audible Audiobooks & Originals (See Top 100 in Audible Audiobooks & Originals),#1 in Real Estate Investments,#44 in Personal Finance,#1,530 in Analysis & Strategy",945.0,11 hours and 38 minutes,698.0,Both,1,1,1,the book on rental property investing: how to create wealth and passive income through smart buy & hold real estate investing,brandon turner,1001+,103
The Book Woman of Troublesome Creek: A Novel,Kim Michele Richardson,4.7,4.7,4340.0,8.375860015299594,608.0,Unknown,Unknown,Unknown,,Unknown,,Catalog Only,0,0,0,the book woman of troublesome creek: a novel,kim michele richardson,1001+,0
The Boy in the Striped Pyjamas,John Boyne,4.6,4.6,5517.0,8.615770754777232,615.0,What happens when innocence is confronted by monstrous evil?,Historical Fiction for Teens | Children's Action & Adventure,",#1,118 in Audible Audiobooks & Originals (See Top 100 in Audible Audiobooks & Originals),#3 in Historical Fiction for Teens,#853 in Children's Action & Adventure",1118.0,4 hours and 55 minutes,295.0,Both,1,1,1,the boy in the striped pyjamas,john boyne,1001+,60
The Boy Who Loved,Durjoy Datta,4.5,4.5,1742.0,7.463363045520021,879.0,Unknown,Unknown,Unknown,,Unknown,,Both,0,0,0,the boy who loved,durjoy datta,1001+,0
"The Boy Who Was Raised as a Dog: And Other Stories from a Child Psychiatrist's Notebook -- What Traumatized Children Can Teach Us About Loss, Love, and Healing",Bruce D. Perry,4.9,4.9,2076.0,7.638679823876112,500.0,A renowned psychiatrist reveals how trauma affects children - and outlines the path to recovery.,Unknown,Unknown,,Unknown,,Advanced Only,1,0,0,"the boy who was raised as a dog: and other stories from a child psychiatrist's notebook -- what traumatized children can teach us about loss, love, and healing",bruce d. perry,1001+,96
"The Bulletproof Diet: Lose Up to a Pound a Day, Reclaim Your Energy and Focus, and Upgrade Your Life",Dave Asprey,4.3,4.3,1670.0,7.421177528595393,820.0,Unknown,Unknown,Unknown,,Unknown,,Advanced Only,0,0,0,"the bulletproof diet: lose up to a pound a day, reclaim your energy and focus, and upgrade your life",dave asprey,1001+,0
"The Burning Maze: The Trials of Apollo, Book 3",Rick Riordan,4.7,4.7,2079.0,7.640123172695364,888.0,"Penguin presents the audiobook edition of The Burning Maze by Rick Riordan, read by Robbie Daymond.",Action & Adventure Fantasy for Children | Children's Fantasy (Books) | Children's Action & Adventure,",#1,358 in Audible Audiobooks & Originals (See Top 100 in Audible Audiobooks & Originals),#9 in Action & Adventure Fantasy for Children,#892 in Children's Fantasy (Books),#1,016 in Children's Action & Adventure",1358.0,13 hours and 8 minutes,788.0,Both,1,1,1,"the burning maze: the trials of apollo, book 3",rick riordan,1001+,99
"The Butterfly Garden: The Collector, Book 1",Dot Hutchison,4.4,4.4,10235.0,9.23366619727968,837.0,Unknown,Unknown,Unknown,,Unknown,,Catalog Only,0,0,0,"the butterfly garden: the collector, book 1",dot hutchison,1001+,0
The Camel Club,David Baldacci,4.4,4.4,1612.0,7.385851078125209,323.0,Unknown,Unknown,Unknown,,Unknown,,Catalog Only,0,0,0,the camel club,david baldacci,1001+,0
"The Chimp Paradox: The Acclaimed Mind Management Programme to Help You Achieve Success, Confidence and Happiness",Prof Steve Peters,4.6,4.6,5139.0,8.544808358449211,1093.0,Unknown,Unknown,Unknown,,Unknown,,Catalog Only,0,0,0,"the chimp paradox: the acclaimed mind management programme to help you achieve success, confidence and happiness",prof steve peters,1001+,0
The Choice: Embrace the Possible,Edith Eger,4.8,4.8,3475.0,8.153637486385282,888.0,Unknown,Unknown,Unknown,,Unknown,,Both,0,0,0,the choice: embrace the possible,edith eger,1001+,0
The Color Purple,Alice Walker,4.6,4.6,2337.0,7.757051142032013,668.0,"Winner of the Pulitzer Prize and the National Book Award, this novel about a resilient and courageous woman has become a Broadway show and a cultural phenomenon.",African American Literature | Historical Fiction | Literary Fiction,",#1,913 in Audible Audiobooks & Originals (See Top 100 in Audible Audiobooks & Originals),#5 in African American Literature,#62 in Historical Fiction (Audible Audiobooks & Originals),#116 in Literary Fiction",1913.0,7 hours and 58 minutes,478.0,Both,1,1,1,the color purple,alice walker,1001+,161
"The Colour of Magic: Discworld, Book 1",Terry Pratchett,4.5,4.5,2496.0,7.822845290279774,888.0,Brought to you by Penguin.,Humorous Fantasy | Epic Fantasy | Fantasy (Books),",#2,181 in Audible Audiobooks & Originals (See Top 100 in Audible Audiobooks & Originals),#2 in Humorous Fantasy,#29 in Epic Fantasy,#1,502 in Fantasy (Books)",2181.0,6 hours and 55 minutes,415.0,Both,1,1,1,"the colour of magic: discworld, book 1",terry pratchett,1001+,26
The Communist Manifesto,Karl Marx,4.3,4.3,3060.0,8.026496938945412,32.0,Unknown,Unknown,Unknown,,Unknown,,Catalog Only,0,0,0,the communist manifesto,karl marx,1001+,0
The Communist Manifesto: Penguin Classics,Friedrich Engels,4.3,4.3,3086.0,8.034955024502159,888.0,Brought to you by Penguin.,Communism & Socialism | Political Philosophy | Political Science History & Theory,",#1,896 in Audible Audiobooks & Originals (See Top 100 in Audible Audiobooks & Originals),#4 in Communism & Socialism,#6 in Political Philosophy,#9 in Political Science History & Theory",1896.0,7 hours and 32 minutes,452.0,Advanced Only,1,1,1,the communist manifesto: penguin classics,friedrich engels,1001+,26
"The Complete Guide to Fasting: Heal Your Body Through Intermittent, Alternate-Day, and Extended Fasting",Jimmy Moore,4.7,4.7,5649.0,8.639410824140487,668.0,Thousands of books have been written about the latest and greatest diets that will help people lose weight and improve health. But a key element in any successful nutritional health program is a tried-and-true method that most people haven't thought about - yet it could be revolutionary for taking health to the next level. This ancient secret is fasting.,"Diets, Nutrition & Healthy Eating | Healthy Living & Wellness | History (Books)",",#201 in Audible Audiobooks & Originals (See Top 100 in Audible Audiobooks & Originals),#1 in Diets, Nutrition & Healthy Eating,#116 in Healthy Living & Wellness,#472 in History (Books)",201.0,7 hours and 36 minutes,456.0,Both,1,1,1,"the complete guide to fasting: heal your body through intermittent, alternate-day, and extended fasting",jimmy moore,1001+,356
The Compound Effect: Multiply Your Success One Simple Step at a Time,Darren Hardy,4.7,4.7,3974.0,8.287780027088433,608.0,"The Compound Effect contains the essence of what every super achiever needs to know, practice, and master to obtain extraordinary success. Inside you will hear strategies on:",Mentoring & Coaching | Leadership | Business Management,",#93 in Audible Audiobooks & Originals (See Top 100 in Audible Audiobooks & Originals),#1 in Mentoring & Coaching,#5 in Leadership,#5 in Business Management",93.0,4 hours and 44 minutes,284.0,Both,1,1,1,the compound effect: multiply your success one simple step at a time,darren hardy,1001+,174
The Count of Monte Cristo,Alexandre Dumas,4.5,4.5,2330.0,7.754052639035757,1338.0,"Audie Award, Solo Narration - Male, 2009",French Literature | Classic Action & Adventure | Literary History & Criticism,",#588 in Audible Audiobooks & Originals (See Top 100 in Audible Audiobooks & Originals),#1 in French Literature,#1 in Classic Action & Adventure,#4 in Literary History & Criticism",588.0,46 hours and 56 minutes,2816.0,Both,1,1,1,the count of monte cristo,alexandre dumas,1001+,40
"The Cruel Prince: The Folk of the Air, Book 1",Holly Black,4.6,4.6,2456.0,7.806696372521179,1063.0,The start of a thrilling new fantasy series from best-selling author Holly Black about a mortal girl who finds herself caught in a dangerous web of royal faerie intrigue.,"Epic Fantasy for Teens | Children's Mysteries & Curiosities (Books) | Children's Family, Personal & Social Issues (Books)",",#1,827 in Audible Audiobooks & Originals (See Top 100 in Audible Audiobooks & Originals),#1 in Epic Fantasy for Teens,#88 in Children's Mysteries & Curiosities (Books),#424 in Children's Family, Personal & Social Issues (Books)",1827.0,12 hours and 36 minutes,756.0,Both,1,1,1,"the cruel prince: the folk of the air, book 1",holly black,1001+,170
The Curious Incident of the Dog in the Night-Time (Unabridged),Mark Haddon,4.5,4.5,5424.0,8.59877317840866,888.0,"""The dog was lying on the grass in the middle of the lawn in front of Mrs Shears' house. It looked as if it was running on its side, the way dogs run when they think they are chasing a cat in a dream. But the dog was not running or asleep. The dog was dead. There was a garden fork sticking out of the dog.""",Crime Action Fiction | Coming of Age Fiction | Family Life Fiction,",#1,423 in Audible Audiobooks & Originals (See Top 100 in Audible Audiobooks & Originals),#2 in Crime Action Fiction,#8 in Coming of Age Fiction,#16 in Family Life Fiction",1423.0,5 hours and 59 minutes,359.0,Both,1,1,1,the curious incident of the dog in the night-time (unabridged),mark haddon,1001+,307
The Da Vinci Code,Dan Brown,4.7,4.7,3836.0,8.252446090246952,1435.0,"A murder in the silent, late night halls of the Louvre reveals a sinister plot to uncover a secret that has been protected by a clandestine society since the days of Christ. The victim is a high-ranking agent of this ancient society who, in the moments before his death, manages to leave gruesome clues at the scene that only his cryptographer daughter and her symbologist friend can untangle. The duo becomes both suspects and detectives searching not only for the murderer, but also the stunning secret he was charged to protect.","Suspense | Religious & Spiritual Fiction | Crime, Thriller & Mystery (Books)",",#162 in Audible Audiobooks & Originals (See Top 100 in Audible Audiobooks & Originals),#2 in Suspense,#23 in Religious & Spiritual Fiction,#144 in Crime, Thriller & Mystery (Books)",162.0,16 hours and 39 minutes,999.0,Both,1,1,1,the da vinci code,dan brown,1001+,531
"The Daily Stoic: 366 Meditations on Wisdom, Perseverance, and the Art of Living",Ryan Holiday,4.7,4.7,2211.0,7.701652362642226,388.0,"From the team that brought you The Obstacle Is the Way and Ego Is the Enemy, a beautiful daily devotional of Stoic meditations.",Philosophy History | Greek & Roman Philosophy | Business Motivation & Self-Improvement,",#308 in Audible Audiobooks & Originals (See Top 100 in Audible Audiobooks & Originals),#2 in Philosophy History,#2 in Greek & Roman Philosophy,#17 in Business Motivation & Self-Improvement",308.0,10 hours and 6 minutes,606.0,Both,1,1,1,"the daily stoic: 366 meditations on wisdom, perseverance, and the art of living",ryan holiday,1001+,127
The Dalai Lama's Cat + The Dalai Lama's Cat: Guided Meditations,David Michie,4.7,4.7,2032.0,7.617267813628347,1063.0,"Featuring a delightful cast of characters and timeless Buddhist wisdom, and with His Holiness' compassion pervading every chapter, The Dalai Lama's Cat is simply enchanting. Not so much fly-on-the-wall as cat-on-the-sill, this is the warmhearted tale of a small kitten rescued from the slums of New Delhi who finds herself in a beautiful sanctuary with sweeping views of the snowcapped Himalayas.",Unknown,",            5 star,          ,            ,              82%,            ,",,7 hours and 14 minutes,434.0,Both,1,0,1,the dalai lama's cat + the dalai lama's cat: guided meditations,david michie,1001+,396
"The Dark Prophecy: The Trials of Apollo, Book 2",Rick Riordan,4.7,4.7,2177.0,7.686162303492906,888.0,"The god Apollo, cast down to earth and trapped in the form of a gawky teenage boy as punishment, must set off on the second of his harrowing (and hilarious) trials. He and his companions seek the ancient oracles - restoring them is the only way for Apollo to reclaim his place on Mount Olympus - but this is easier said than done. Somewhere in the American Midwest is a haunted cave that may hold answers for Apollo in his quest to become a god again...if it doesn't kill him or drive him insane first.",Greek & Roman Fairy Tales for Children | Action & Adventure for Children | Children's Action & Adventure,",#1,241 in Audible Audiobooks & Originals (See Top 100 in Audible Audiobooks & Originals),#4 in Greek & Roman Fairy Tales for Children,#16 in Action & Adventure for Children,#944 in Children's Action & Adventure",1241.0,12 hours and 32 minutes,752.0,Both,1,1,1,"the dark prophecy: the trials of apollo, book 2",rick riordan,1001+,502
The Deal,Elle Kennedy,4.7,4.7,2975.0,7.998335395952982,836.0,Unknown,Unknown,Unknown,,Unknown,,Advanced Only,0,0,0,the deal,elle kennedy,1001+,0
The Defining Decade: Why Your Twenties Matter and How to Make the Most of Them Now,Meg Jay,4.7,4.7,1768.0,7.478169694159785,569.0,Unknown,Unknown,Unknown,,Unknown,,Both,0,0,0,the defining decade: why your twenties matter and how to make the most of them now,meg jay,1001+,0
The Diabetes Code: Prevent and Reverse Type 2 Diabetes Naturally,Dr. Jason Fung,4.7,4.7,3071.0,8.030084094267563,1003.0,"From acclaimed author Dr. Jason Fung, a revolutionary guide to reversing diabetes.",Diabetes | Weight Loss Diets | Alternative & Complementary Medicine,",#434 in Audible Audiobooks & Originals (See Top 100 in Audible Audiobooks & Originals),#1 in Diabetes,#3 in Weight Loss Diets,#14 in Alternative & Complementary Medicine",434.0,7 hours and 24 minutes,444.0,Both,1,1,1,the diabetes code: prevent and reverse type 2 diabetes naturally,dr. jason fung,1001+,82
The Dutch House,Ann Patchett,4.4,4.4,5864.0,8.676757761087575,721.0,Longlisted for the Women's Prize for Fiction 2020,Coming of Age Fiction | Family Life Fiction | Women's Fiction,",#381 in Audible Audiobooks & Originals (See Top 100 in Audible Audiobooks & Originals),#3 in Coming of Age Fiction,#5 in Family Life Fiction,#6 in Women's Fiction",381.0,9 hours and 53 minutes,593.0,Both,1,1,1,the dutch house,ann patchett,1001+,49
The E-Myth Revisited: Why Most Small Businesses Don't Work and What to Do About It,Michael E. Gerber,4.6,4.6,3021.0,8.013674142832684,11862.0,Unknown,Small Businesses | Self-Esteem | Entrepreneurship,",#416 in Audible Audiobooks & Originals (See Top 100 in Audible Audiobooks & Originals),#7 in Small Businesses,#7 in Self-Esteem,#15 in Entrepreneurship (Audible Audiobooks & Originals)",416.0,8 hours and 5 minutes,485.0,Both,0,1,1,the e-myth revisited: why most small businesses don't work and what to do about it,michael e. gerber,1001+,0
The Easy Way to Stop Smoking,Allen Carr,4.6,4.6,2376.0,7.773594467360194,569.0,"Although so many guides to quitting smoking can feel patronizing or seem to ask too much, Allen Carr's unique approach has proved successful countless times. It is clear, easy to follow and genuinely motivational.",Smoking & Tobacco | Healthy Living & Wellness | Personal Development & Self-Help,",#545 in Audible Audiobooks & Originals (See Top 100 in Audible Audiobooks & Originals),#1 in Smoking & Tobacco,#324 in Healthy Living & Wellness,#1,416 in Personal Development & Self-Help",545.0,5 hours and 59 minutes,359.0,Both,1,1,1,the easy way to stop smoking,allen carr,1001+,213
The Enemy: Jack Reacher 8,Lee Child,4.6,4.6,4314.0,8.36985260351753,1093.0,Unknown,Unknown,Unknown,,Unknown,,Catalog Only,0,0,0,the enemy: jack reacher 8,lee child,1001+,0
The Everything Store,Brad Stone,4.5,4.5,2133.0,7.665753431861699,888.0,Winner of the 2013 Financial Times and Goldman Sachs Business Book of the Year Award.,Commerce,",#5 in Commerce",,13 hours,780.0,Both,1,1,1,the everything store,brad stone,1001+,85
The Eyes of Darkness,Dean Koontz,4.3,4.3,3420.0,8.137688184977605,914.0,Unknown,Unknown,Unknown,,Unknown,,Both,0,0,0,the eyes of darkness,dean koontz,1001+,0
The Fallen,David Baldacci,4.7,4.7,3913.0,8.272315147956022,323.0,"Amos Decker, David Baldacci's unique special agent with the gift of a remarkable memory, returns in The Fallen.",Unknown,Unknown,,Unknown,,Both,1,0,0,the fallen,david baldacci,1001+,111
The Family Upstairs,Lisa Jewell,4.5,4.5,4314.0,8.36985260351753,888.0,Brought to you by Penguin.,Espionage Thrillers | Psychological Thrillers | Crime Fiction,",#1,614 in Audible Audiobooks & Originals (See Top 100 in Audible Audiobooks & Originals),#9 in Espionage Thrillers,#25 in Psychological Thrillers,#40 in Crime Fiction",1614.0,9 hours and 37 minutes,577.0,Both,1,1,1,the family upstairs,lisa jewell,1001+,26
The Fault in Our Stars,John Green,4.5,4.5,43869.0,10.68898599416026,670.0,"Audie Award Nominee, Best Teens Category, 2013",Contemporary Romance for Teens | Fiction on Illness & Health Problems for Teens | Fiction on Death & Dying for Teens,",#299 in Audible Audiobooks & Originals (See Top 100 in Audible Audiobooks & Originals),#1 in Contemporary Romance for Teens,#1 in Fiction on Illness & Health Problems for Teens,#1 in Fiction on Death & Dying for Teens",299.0,7 hours and 14 minutes,434.0,Both,1,1,1,the fault in our stars,john green,1001+,46
"The Fifth Season: The Broken Earth, Book 1",N. K. Jemisin,4.4,4.4,2390.0,7.779466967458324,500.0,The Fifth Season: Booktrack Edition adds an immersive musical soundtrack to your audiobook listening experience!,Action & Adventure Fantasy | Epic Fantasy | Fantasy (Books),",#3,222 in Audible Audiobooks & Originals (See Top 100 in Audible Audiobooks & Originals),#10 in Action & Adventure Fantasy,#37 in Epic Fantasy,#2,391 in Fantasy (Books)",3222.0,15 hours and 27 minutes,927.0,Both,1,1,1,"the fifth season: the broken earth, book 1",n. k. jemisin,1001+,112
The Five Dysfunctions of a Team: A Leadership Fable,Patrick Lencioni,4.6,4.6,2546.0,7.842671474979457,754.0,"Building a cohesive team is not complicated, declares Lencioni. Departing from the dry, theoretical writing of many management books, he presents his case in the context of a fictional organization, and in doing so succeeds at communicating his ideas. The scenarios are recognizable and can be applied anywhere teamwork is involved, whether it is a multinational company, a small department within a larger organization, or a sports team. At the end of the story, the main points are summarized, and clearly expressed suggestions and exercises are offered to help bring about change. Concise and easy to follow, this program is recommended for anyone who is a member of a team that needs improvement.",Leadership | Business Management | Analysis & Strategy,",#850 in Audible Audiobooks & Originals (See Top 100 in Audible Audiobooks & Originals),#45 in Leadership,#55 in Business Management,#1,360 in Analysis & Strategy",850.0,3 hours and 42 minutes,222.0,Both,1,1,1,the five dysfunctions of a team: a leadership fable,patrick lencioni,1001+,700
The Five Love Languages: The Secret to Love That Lasts,Gary Chapman,4.8,4.8,16390.0,9.70448768268936,656.0,"Dr. Gary Chapman identifies five basic languages of love and then guides couples towards a better understanding of their unique languages of love. Learn to speak and understand your mate's love language, and in no time you will be able to effectively love and truly feel loved in return. Skillful communication is within your grasp!",Christian Marriage & Relationships | Marriage | Love & Romance,",#527 in Audible Audiobooks & Originals (See Top 100 in Audible Audiobooks & Originals),#1 in Christian Marriage & Relationships,#1 in Marriage,#4 in Love & Romance",527.0,4 hours and 46 minutes,286.0,Both,1,1,1,the five love languages: the secret to love that lasts,gary chapman,1001+,332
The Flatshare,Beth O'Leary,4.5,4.5,4081.0,8.31434234336979,759.0,Unknown,Unknown,Unknown,,Unknown,,Catalog Only,0,0,0,the flatshare,beth o'leary,1001+,0
The Forty Rules of Love,Elif Shafak,4.6,4.6,2361.0,7.767263996757308,752.0,"Penguin presents the audiobook edition of The Forty Rules of Love by Elif Shafak, read by George Blagden.",Historical Fiction | Women's Fiction | World Literature,",#226 in Audible Audiobooks & Originals (See Top 100 in Audible Audiobooks & Originals),#3 in Historical Fiction (Audible Audiobooks & Originals),#4 in Women's Fiction,#6 in World Literature (Audible Audiobooks & Originals)",226.0,11 hours and 55 minutes,715.0,Both,1,1,1,the forty rules of love,elif shafak,1001+,105
The Four Agreements,don Miguel Ruiz,4.6,4.6,12634.0,9.444226019822295,501.0,"Don Miguel Ruiz has dedicated his life to sharing the wisdom of the ancient Toltec. For more than two decades, he has guided others toward their personal freedom. Today, he continues to combine his unique blend of ancient wisdom and modern-day awareness through journeys to sacred sites around the world.","Other Religions, Practices & Sacred Texts | Personal Success | Mind, Body & Spirit",",#627 in Audible Audiobooks & Originals (See Top 100 in Audible Audiobooks & Originals),#7 in Other Religions, Practices & Sacred Texts,#117 in Personal Success,#645 in Mind, Body & Spirit",627.0,2 hours and 31 minutes,151.0,Both,1,1,1,the four agreements,don miguel ruiz,1001+,304
The Game,Neil Strauss,4.3,4.3,1611.0,7.385230923066573,797.0,"The Game recounts the incredible adventures of the everyday man who transforms himself from a shy, awkward writer into the quick-witted, smooth-talking Style, a character irresistible to women. But just when life is better than he could have ever dreamed (he uses his techniques on Britney Spears, receives life coaching from Tom Cruise, moves into a mansion with Courtney Love, and is officially voted the World's Number One Pickup Artist), he falls head over heels for a woman who can beat him at his own game.",Biographies & Memoirs | Biographies & Autobiographies (Books),",#927 in Audible Audiobooks & Originals (See Top 100 in Audible Audiobooks & Originals),#97 in Biographies & Memoirs (Audible Audiobooks & Originals),#1,116 in Biographies & Autobiographies (Books)",927.0,9 hours and 27 minutes,567.0,Both,1,1,1,the game,neil strauss,1001+,512
"The Getaway: Diary of a Wimpy Kid, Book 12",Jeff Kinney,4.6,4.6,2538.0,7.839525581704678,410.0,Brought to you by Penguin.,Fiction on Siblings for Children | Family Life Fiction for Children | Humorous Fiction for Children,",#2,338 in Audible Audiobooks & Originals (See Top 100 in Audible Audiobooks & Originals),#6 in Fiction on Siblings for Children,#24 in Family Life Fiction for Children,#29 in Humorous Fiction for Children",2338.0,2 hours and 6 minutes,126.0,Advanced Only,1,1,1,"the getaway: diary of a wimpy kid, book 12",jeff kinney,1001+,26
The Gift of Fear: Survival Signals That Protect Us from Violence,Gavin de Becker,4.7,4.7,3205.0,8.072779333169498,1054.0,Unknown,Unknown,Unknown,,Unknown,,Catalog Only,0,0,0,the gift of fear: survival signals that protect us from violence,gavin de becker,1001+,0
The Gifts of Imperfection,Brené Brown,4.7,4.7,7563.0,8.931155429778348,615.0,Unknown,Unknown,Unknown,,Unknown,,Catalog Only,0,0,0,the gifts of imperfection,brené brown,1001+,0
The Girl Before,JP Delaney,4.2,4.2,2550.0,7.844240718141811,759.0,Unknown,Unknown,Unknown,,Unknown,,Both,0,0,0,the girl before,jp delaney,1001+,0
The Girl in Room 105,Chetan Bhagat,4.3,4.3,6643.0,8.801469470733185,568.0,"Hi, I'm Keshav, and my life is screwed. I hate my job and my girlfriend left me.",Psychological Thrillers | Suspense | Crime Thrillers,",#79 in Audible Audiobooks & Originals (See Top 100 in Audible Audiobooks & Originals),#1 in Psychological Thrillers,#1 in Suspense,#1 in Crime Thrillers",79.0,8 hours and 23 minutes,503.0,Both,1,1,1,the girl in room 105,chetan bhagat,1001+,80
"The Girl in the Spider's Web: Continuing Stieg Larsson's Dragon Tattoo Series, Book 4",David Lagercrantz,4.0,4.0,12746.0,9.453051228782922,873.0,"Mikael Blomkvist is contacted by renowned scientist Professor Balder. Fearing for his life, but more concerned for his son's well-being, Balder wants Millennium to publish his story.","Crime Fiction | Suspense | Crime, Thriller & Mystery (Books)",",#2,101 in Audible Audiobooks & Originals (See Top 100 in Audible Audiobooks & Originals),#49 in Crime Fiction,#72 in Suspense,#3,105 in Crime, Thriller & Mystery (Books)",2101.0,16 hours and 46 minutes,1006.0,Both,1,1,1,"the girl in the spider's web: continuing stieg larsson's dragon tattoo series, book 4",david lagercrantz,1001+,182
The Girl on the Train,Paula Hawkins,4.0,4.0,70122.0,11.158006121919172,888.0,"Rachel catches the same commuter train every morning. She knows it will wait at the same signal each time, overlooking a row of back gardens. She's even started to feel like she knows the people who live in one of the houses. Jess and Jason, she calls them. Their life - as she sees it - is perfect. If only Rachel could be that happy.","Psychological Thrillers | Crime Thrillers | Crime, Thriller & Mystery (Books)",",#98 in Audible Audiobooks & Originals (See Top 100 in Audible Audiobooks & Originals),#2 in Psychological Thrillers,#2 in Crime Thrillers,#87 in Crime, Thriller & Mystery (Books)",98.0,10 hours and 57 minutes,657.0,Both,1,1,1,the girl on the train,paula hawkins,1001+,335
The Girl Who Drank the Moon,Kelly Barnhill,4.7,4.7,3587.0,8.185350223178686,645.0,"Every year, the people of the Protectorate leave a baby as an offering to the witch who lives in the forest. But Xan is in fact a good witch who rescues the children.","Fairy Tales, Folk Tales & Myths for Children | Family Life Fiction for Children | Audiobooks on Family Life for Children",",#2,073 in Audible Audiobooks & Originals (See Top 100 in Audible Audiobooks & Originals),#22 in Fairy Tales, Folk Tales & Myths for Children,#23 in Family Life Fiction for Children,#23 in Audiobooks on Family Life for Children",2073.0,9 hours and 31 minutes,571.0,Both,1,1,1,the girl who drank the moon,kelly barnhill,1001+,166
The Girl Who Lived Twice: A New Dragon Tattoo Story,David Lagercrantz,4.3,4.3,2924.0,7.981049759665957,949.0,Unknown,Unknown,Unknown,,Unknown,,Catalog Only,0,0,0,the girl who lived twice: a new dragon tattoo story,david lagercrantz,1001+,0
The Girl Who Lived: A Thrilling Suspense Novel,Christopher Greyson,4.4,4.4,2298.0,7.740229524763182,668.0,Unknown,Unknown,Unknown,,Unknown,,Catalog Only,0,0,0,the girl who lived: a thrilling suspense novel,christopher greyson,1001+,0
The Girl With the Dragon Tattoo,Stieg Larsson,4.4,4.4,7693.0,8.94819608331224,949.0,"Forty years ago, Harriet Vanger disappeared from a family gathering on the island owned and inhabited by the powerful Vanger clan. Her body was never found, yet her uncle is convinced it was murder - and that the killer is a member of his own tightly knit but dysfunctional family.",International Mystery & Crime | Crime Fiction | Suspense,",#1,694 in Audible Audiobooks & Originals (See Top 100 in Audible Audiobooks & Originals),#7 in International Mystery & Crime,#42 in Crime Fiction,#53 in Suspense",1694.0,18 hours and 46 minutes,1126.0,Both,1,1,1,the girl with the dragon tattoo,stieg larsson,1001+,281
The Girls,Emma Cline,3.6,3.6,1738.0,7.461065514354283,569.0,Unknown,Unknown,Unknown,,Unknown,,Both,0,0,0,the girls,emma cline,1001+,0
The Giver of Stars,Jojo Moyes,4.6,4.6,7476.0,8.919586920999915,1093.0,"Brought to you by Penguin - the spellbinding story of love, friendship and the power of words to change the world by the international best-selling author of Me Before You.",Family Life Fiction | Women's Fiction | Literary Fiction,",#3,493 in Audible Audiobooks & Originals (See Top 100 in Audible Audiobooks & Originals),#51 in Family Life Fiction,#78 in Women's Fiction,#206 in Literary Fiction",3493.0,13 hours and 52 minutes,832.0,Both,1,1,1,the giver of stars,jojo moyes,1001+,172
The God Delusion,Richard Dawkins,4.5,4.5,3963.0,8.285008895449879,1093.0,"Despite the potential sensitivity of the topic, Richard Dawkins unashamedly applies his characteristically blunt approach to The God Delusion. His decision to narrate this audiobook himself only serves to make it all the more exhilarating an experience.",Religion & Sociology | Religion & Philosophy | Atheism,",#205 in Audible Audiobooks & Originals (See Top 100 in Audible Audiobooks & Originals),#1 in Religion & Sociology,#1 in Religion & Philosophy,#1 in Atheism (Audible Audiobooks & Originals)",205.0,13 hours and 52 minutes,832.0,Both,1,1,1,the god delusion,richard dawkins,1001+,253
The Godfather,Mario Puzo,4.6,4.6,2602.0,7.864419904994565,873.0,"Based on the lives of real people and yet so brutal and shocking in places that it's almost impossible to believe, Mario Puza weaves a dark and compelling narrative that climaxes with a blistering showdown.","Crime, Thriller & Mystery (Books) | Classic Fiction (Books) | Contemporary Fiction (Books)",",#752 in Crime, Thriller & Mystery (Books),#767 in Classic Fiction (Books),#1,315 in Contemporary Fiction (Books)",,18 hours and 5 minutes,1085.0,Both,1,1,1,the godfather,mario puzo,1001+,206
The Graveyard Book,Neil Gaiman,4.6,4.6,3164.0,8.059908334578276,451.0,"When a baby escapes a murderer intent on killing the entire family, who would have thought it would find safety and security in the local graveyard?",Scary Stories for Children | Family Life Fiction for Children | Audiobooks on Family Life for Children,",#533 in Audible Audiobooks & Originals (See Top 100 in Audible Audiobooks & Originals),#2 in Scary Stories for Children,#8 in Family Life Fiction for Children,#8 in Audiobooks on Family Life for Children",533.0,7 hours and 43 minutes,463.0,Both,1,1,1,the graveyard book,neil gaiman,1001+,148
The Gray Man,Mark Greaney,4.3,4.3,1819.0,7.506591780070841,836.0,"Get ready for white-knuckled listening. Greaney's debut novel - and future feature film - introduces the enigmatic and elusive Court Gentry, a former CIA operative and a legendary hired gun. With a terrifying ability to vaporize targets and a strict moral code, he stalks the gray margins of the world, moving silently from job to job, accomplishing the impossible, then fading away. When his government and former employers turn on him, there is no safehouse to run to, no way to lie low. In a constant state of escape and pursuit, Gentry tears through the Middle East and Europe in a riveting life-or-death race against time.",Political Thrillers | Action Thriller Fiction | Espionage Thrillers,",#2,282 in Audible Audiobooks & Originals (See Top 100 in Audible Audiobooks & Originals),#7 in Political Thrillers,#14 in Action Thriller Fiction,#16 in Espionage Thrillers",2282.0,11 hours and 11 minutes,671.0,Advanced Only,1,1,1,the gray man,mark greaney,1001+,627
The Great Gatsby,F. Scott Fitzgerald,4.2,4.2,10685.0,9.276689752517717,501.0,"Audie Award Finalist, Classic, 2014","Movie, TV & Video Game Tie-In Fiction | Literary Fiction | Classic Literature",",#150 in Audible Audiobooks & Originals (See Top 100 in Audible Audiobooks & Originals),#1 in Movie, TV & Video Game Tie-In Fiction,#8 in Literary Fiction,#8 in Classic Literature",150.0,4 hours and 49 minutes,289.0,Both,1,1,1,the great gatsby,f. scott fitzgerald,1001+,35
The Great Influenza: The Story of the Deadliest Pandemic in History,John M. Barry,4.6,4.6,2488.0,7.819636302367592,1093.0,Brought to you by Penguin.,Contagious Diseases | Medicine History & Commentary | Biological Sciences,",#1,926 in Audible Audiobooks & Originals (See Top 100 in Audible Audiobooks & Originals),#2 in Contagious Diseases,#2 in Medicine History & Commentary,#31 in Biological Sciences",1926.0,19 hours and 26 minutes,1166.0,Both,1,1,1,the great influenza: the story of the deadliest pandemic in history,john m. barry,1001+,26
The Greatest Salesman in the World,Og Mandino,4.4,4.4,2309.0,7.745002803515839,377.0,Unknown,Unknown,Unknown,,Unknown,,Both,0,0,0,the greatest salesman in the world,og mandino,1001+,0
The Gruffalo,Julia Donaldson,4.8,4.8,7370.0,8.905308661189288,323.0,"Read by Imelda Staunton, The Gruffalo audiobook edition, complete with a song and read-along track, brings to life the animals that live in the deep, dark wood....",Humorous Fiction for Children | Monster Stories for Children | Stories in Verse for Children,",#505 in Audible Audiobooks & Originals (See Top 100 in Audible Audiobooks & Originals),#1 in Humorous Fiction for Children,#1 in Monster Stories for Children,#1 in Stories in Verse for Children",505.0,25 minutes,25.0,Both,1,1,1,the gruffalo,julia donaldson,1001+,163
The Gruffalo's Child,Julia Donaldson,4.8,4.8,3451.0,8.146709052203319,323.0,Unknown,Unknown,Unknown,,Unknown,,Catalog Only,0,0,0,the gruffalo's child,julia donaldson,1001+,0
The Guernsey Literary and Potato Peel Pie Society,Charlie Norfolk,4.6,4.6,6607.0,8.796036315200814,341.0,Unknown,Unknown,Unknown,,Unknown,,Catalog Only,0,0,0,the guernsey literary and potato peel pie society,charlie norfolk,1001+,0
The Handmaid's Tale,Margaret Atwood,4.4,4.4,15741.0,9.664087578702397,1093.0,Brought to you by Penguin.,Dystopian Science Fiction | Classic Literature | Literary Fiction,",#685 in Audible Audiobooks & Originals (See Top 100 in Audible Audiobooks & Originals),#4 in Dystopian Science Fiction,#38 in Classic Literature,#44 in Literary Fiction",685.0,11 hours and 22 minutes,682.0,Both,1,1,1,the handmaid's tale,margaret atwood,1001+,26
The Happiness Advantage,Shawn Achor,4.7,4.7,2124.0,7.661527081358517,797.0,Our most commonly held formula for success is broken.,Occupational & Organisational Psychology | Self-Esteem | Business Motivation & Self-Improvement,",#1,253 in Audible Audiobooks & Originals (See Top 100 in Audible Audiobooks & Originals),#5 in Occupational & Organisational Psychology,#19 in Self-Esteem,#46 in Business Motivation & Self-Improvement",1253.0,7 hours and 20 minutes,440.0,Both,1,1,1,the happiness advantage,shawn achor,1001+,53
The Happiness Project,Gretchen Rubin,4.3,4.3,1994.0,7.598399329323964,13345.0,Unknown,Unknown,Unknown,,Unknown,,Both,0,0,0,the happiness project,gretchen rubin,1001+,0
The Hard Thing About Hard Things: Building a Business When There Are No Easy Answers,Ben Horowitz,4.6,4.6,1886.0,7.54274354536855,11862.0,Unknown,Unknown,Unknown,,Unknown,,Both,0,0,0,the hard thing about hard things: building a business when there are no easy answers,ben horowitz,1001+,0
The Hard Way: Jack Reacher 10,Lee Child,4.6,4.6,3631.0,8.197538739721184,1093.0,"Late at night in a New York café army-cop-turned-drifter Jack Reacher orders coffee in a cup made of foam, not china, so that he can move on at a moment’s notice.",Action & Adventure (Books),",#2,292 in Action & Adventure (Books)",,11 hours and 50 minutes,710.0,Both,1,1,1,the hard way: jack reacher 10,lee child,1001+,162
The Hate U Give,Angie Thomas,4.8,4.8,7015.0,8.855948534052018,645.0,Unknown,Unknown,Unknown,,Unknown,,Both,0,0,0,the hate u give,angie thomas,1001+,0
The Haunting of Hill House,Shirley Jackson,4.3,4.3,2581.0,7.856319571406588,585.0,"Past the rusted gates and untrimmed hedges, Hill House broods and waits….",Horror Fiction | Classic Literature | Horror (Books),",#2,647 in Audible Audiobooks & Originals (See Top 100 in Audible Audiobooks & Originals),#20 in Horror Fiction,#137 in Classic Literature,#410 in Horror (Books)",2647.0,7 hours and 27 minutes,447.0,Both,1,1,1,the haunting of hill house,shirley jackson,1001+,73
The Help,Kathryn Stockett,4.7,4.7,10061.0,9.216521231051264,1382.0,Unknown,Unknown,Unknown,,Unknown,,Both,0,0,0,the help,kathryn stockett,1001+,0
"The Hidden Oracle: The Trials of Apollo, Book One",Rick Riordan,4.6,4.6,3034.0,8.017966703493599,888.0,"Penguin presents the unabridged, downloadable audiobook edition of The Hidden Oracle: The Trials of Apollo, Book One, by Rick Riordan, read by Robbie Daymond.",Fantasy | Fantasy (Books) | Children's Fantasy (Books),",#1,323 in Audible Audiobooks & Originals (See Top 100 in Audible Audiobooks & Originals),#51 in Fantasy (Audible Audiobooks & Originals),#872 in Fantasy (Books),#878 in Children's Fantasy (Books)",1323.0,10 hours and 34 minutes,634.0,Both,1,1,1,"the hidden oracle: the trials of apollo, book one",rick riordan,1001+,158
The Highly Sensitive Person,Elaine N. Aron,4.5,4.5,1729.0,7.455876687491824,1054.0,Unknown,Unknown,Unknown,,Unknown,,Catalog Only,0,0,0,the highly sensitive person,elaine n. aron,1001+,0
"The Hit: Will Robie, Book 2",David Baldacci,4.5,4.5,6492.0,8.778479952508487,323.0,The trap is set. Failure is not an option.,"Mysteries | Crime, Thriller & Mystery (Books)",",#3,808 in Audible Audiobooks & Originals (See Top 100 in Audible Audiobooks & Originals),#121 in Mysteries,#6,561 in Crime, Thriller & Mystery (Books)",3808.0,11 hours and 45 minutes,705.0,Both,1,1,1,"the hit: will robie, book 2",david baldacci,1001+,42
The Hobbit (Dramatised),J. R. R. Tolkien,4.7,4.7,12297.0,9.417191926513414,615.0,Unknown,Unknown,Unknown,,Unknown,,Both,0,0,0,the hobbit (dramatised),j. r. r. tolkien,1001+,0
The Hound of the Baskervilles,Arthur Conan Doyle,4.5,4.5,1632.0,7.398174092970465,668.0,Unknown,Unknown,Unknown,,Unknown,,Catalog Only,0,0,0,the hound of the baskervilles,arthur conan doyle,1001+,0
"The House of Hades: Heroes of Olympus, Book 4",Rick Riordan,4.7,4.7,5914.0,8.685246776412487,888.0,The fourth book in the best-selling Heroes of Olympus series - set in the explosive world of Percy Jackson - now available in this unabridged audio download.,Unknown,",            5 star,          ,            ,              81%,            ,",,17 hours and 31 minutes,1051.0,Both,1,0,1,"the house of hades: heroes of olympus, book 4",rick riordan,1001+,157
The Housekeeper: A Twisted Psychological Thriller,Natalie Barelli,4.4,4.4,1750.0,7.467942332285852,1172.0,"When Claire sees Hannah Wilson at an exclusive Manhattan hair salon, it's like a knife slicing through barely healed scars. It may have been 10 years since Claire last saw Hannah, but she has thought of her every day, and not in a good way. So Claire does what anyone would do in her position - she stalks her.",Psychological Fiction | Psychological Thrillers | Suspense,",#3,498 in Audible Audiobooks & Originals (See Top 100 in Audible Audiobooks & Originals),#24 in Psychological Fiction,#50 in Psychological Thrillers,#123 in Suspense",3498.0,8 hours and 4 minutes,484.0,Both,1,1,1,the housekeeper: a twisted psychological thriller,natalie barelli,1001+,310
The Hunger Games: Special Edition,Suzanne Collins,4.7,4.7,20196.0,9.913289357508388,656.0,Emmy Award-winning actress Tatiana Maslany narrates a brand-new special edition recording of the first audiobook in the worldwide best-selling trilogy from Suzanne Collins!,Unknown,Unknown,,Unknown,,Both,1,0,0,the hunger games: special edition,suzanne collins,1001+,172
The Iliad,Homer,4.4,4.4,2319.0,7.749322464660356,32.0,Unknown,Unknown,Unknown,,Unknown,,Both,0,0,0,the iliad,homer,1001+,0
The Immortal Life of Henrietta Lacks,Rebecca Skloot,4.7,4.7,7056.0,8.86177531100083,323.0,Unknown,Unknown,Unknown,,Unknown,,Catalog Only,0,0,0,the immortal life of henrietta lacks,rebecca skloot,1001+,0
The Innocent Man,John Grisham,4.3,4.3,2043.0,7.622663951323595,615.0,"In baseball's major-league draft of 1971, the first player chosen from the Oklahoma was Ron Williamson. When he signed with the Oakland A's, he said goodbye to his hometown of Ada and left to pursue his dreams of big-league glory. Six years later he was back, his dreams broken by a bad arm and bad habits: drinking, drugs, and women. He began to show signs of mental illness. Unable to keep a job, he moved in with his mother and slept 20 hours a day on her sofa.",Murder True Crime | Law Biographies | True Accounts (Books),",#3,101 in Audible Audiobooks & Originals (See Top 100 in Audible Audiobooks & Originals),#3 in Murder True Crime,#3 in Law Biographies,#549 in True Accounts (Books)",3101.0,5 hours and 53 minutes,353.0,Both,1,1,1,the innocent man,john grisham,1001+,464
"The Innocent: Will Robie, Book 1",David Baldacci,4.5,4.5,5712.0,8.650499558724462,323.0,Unknown,Unknown,Unknown,,Unknown,,Catalog Only,0,0,0,"the innocent: will robie, book 1",david baldacci,1001+,0
The Intelligent Investor Rev Ed.,Benjamin Graham,4.4,4.4,9339.0,9.142061531222888,18290.0,The Classic Text Annotated to Update Graham's Timeless Wisdom for Today's Market Conditions,Personal Finance | Investing & Trading | Analysis & Strategy,",#7 in Audible Audiobooks & Originals (See Top 100 in Audible Audiobooks & Originals),#1 in Personal Finance,#1 in Investing & Trading,#4 in Analysis & Strategy",7.0,17 hours and 48 minutes,1068.0,Both,1,1,1,the intelligent investor rev ed.,benjamin graham,1001+,91
The Invisible String,Patrice Karst,4.8,4.8,4034.0,8.302761580704049,500.0,Unknown,Unknown,Unknown,,Unknown,,Catalog Only,0,0,0,the invisible string,patrice karst,1001+,0
The Jungle Book [Russian Edition],Rudyard Kipling,4.3,4.3,2658.0,7.88570539124302,234.0,Unknown,Unknown,Unknown,,Unknown,,Catalog Only,0,0,0,the jungle book [russian edition],rudyard kipling,1001+,0
The Kill Order,James Dashner,4.4,4.4,2074.0,7.637716432664798,702.0,Unknown,Unknown,Unknown,,Unknown,,Catalog Only,0,0,0,the kill order,james dashner,1001+,0
The Kind Worth Killing,Peter Swanson,4.4,4.4,2647.0,7.881559917056899,793.0,Unknown,Unknown,Unknown,,Unknown,,Both,0,0,0,the kind worth killing,peter swanson,1001+,0
The Land of Stories: The Wishing Spell: Booktrack Edition,Chris Colfer,4.7,4.7,1614.0,7.387090235656757,500.0,The Land of Stories: The Wishing Spell: Booktrack Edition adds an immersive musical soundtrack to your audiobook listening experience! *,Fiction on Siblings for Children | Action & Adventure Fantasy for Children | Family Life Fiction for Children,",#2,624 in Audible Audiobooks & Originals (See Top 100 in Audible Audiobooks & Originals),#7 in Fiction on Siblings for Children,#20 in Action & Adventure Fantasy for Children,#25 in Family Life Fiction for Children",2624.0,8 hours and 59 minutes,539.0,Advanced Only,1,1,1,the land of stories: the wishing spell: booktrack edition,chris colfer,1001+,136
"The Last Coyote: Harry Bosch Series, Book 4",Michael Connelly,4.7,4.7,2175.0,7.685243607975833,1005.0,"With the spare time a suspension brings, Harry opens up the 30-year-old file on the case and is irresistibly drawn into a past he has always avoided. It's clear that the case was fumbled and the smell of a cover-up is unmistakable. Someone powerful was able to divert justice and Harry vows to uncover the truth. As he relentlessly follows the broken pieces of the case, the stirred interest causes new murders and pushes Harry to the edge of his job...and his life.",Hard-Boiled Mysteries | Police Procedural Mysteries | Crime Thrillers,",#4,642 in Audible Audiobooks & Originals (See Top 100 in Audible Audiobooks & Originals),#5 in Hard-Boiled Mysteries,#18 in Police Procedural Mysteries,#71 in Crime Thrillers",4642.0,13 hours and 26 minutes,806.0,Both,1,1,1,"the last coyote: harry bosch series, book 4",michael connelly,1001+,466
The Last Hours: Chain of Gold,Cassandra Clare,4.8,4.8,1915.0,7.557994958530806,949.0,The first in a brand new Shadowhunters trilogy set in Edwardian London by internationally best-selling author Cassandra Clare.,Unknown,Unknown,,Unknown,,Advanced Only,1,0,0,the last hours: chain of gold,cassandra clare,1001+,126
"The Last Straw: Diary of a Wimpy Kid, Book 3",Jeff Kinney,4.6,4.6,3196.0,8.069968149059841,410.0,Brought to you by Puffin.,Fiction on Parents for Children | Fiction on Boys for Children | Humorous Fiction for Children,",#1,497 in Audible Audiobooks & Originals (See Top 100 in Audible Audiobooks & Originals),#2 in Fiction on Parents for Children,#3 in Fiction on Boys for Children,#15 in Humorous Fiction for Children",1497.0,2 hours and 37 minutes,157.0,Both,1,1,1,"the last straw: diary of a wimpy kid, book 3",jeff kinney,1001+,25
The Law of Attraction: The Basics of the Teachings of Abraham,Esther Hicks,4.6,4.6,1766.0,7.477038472319696,562.0,"You'll learn about the omnipresent laws that govern this universe and how to make them work to your advantage. The knowledge that you'll absorb from listening to Abraham's wisdom will take all the guesswork out of daily living. You'll finally understand just about everything that's happening in your own life, as well as the lives of those you're interacting with, and you will find out how you can joyously be, do, or have anything that you desire!","Personal Success | Mind, Body & Spirit | Personal Development & Self-Help",",#1,445 in Audible Audiobooks & Originals (See Top 100 in Audible Audiobooks & Originals),#225 in Personal Success,#1,529 in Mind, Body & Spirit,#3,207 in Personal Development & Self-Help",1445.0,6 hours,360.0,Both,1,1,1,the law of attraction: the basics of the teachings of abraham,esther hicks,1001+,450
The Lean Startup: How Today's Entrepreneurs Use Continuous Innovation to Create Radically Successful Businesses,Eric Ries,4.4,4.4,3377.0,8.125039097367745,1005.0,"Most startups fail. But many of those failures are preventable. The Lean Startup is a new approach being adopted across the globe, changing the way companies are built and new products are launched.",Small Businesses | New Business Enterprises | Business Management,",#116 in Audible Audiobooks & Originals (See Top 100 in Audible Audiobooks & Originals),#1 in Small Businesses,#2 in New Business Enterprises,#7 in Business Management",116.0,8 hours and 38 minutes,518.0,Both,1,1,1,the lean startup: how today's entrepreneurs use continuous innovation to create radically successful businesses,eric ries,1001+,198
The Librarian of Auschwitz,Antonio Iturbe,4.7,4.7,2009.0,7.605890001053122,888.0,Unknown,Unknown,Unknown,,Unknown,,Catalog Only,0,0,0,the librarian of auschwitz,antonio iturbe,1001+,0
"The Life-Changing Magic of Tidying: A Simple, Effective Way to Banish Clutter Forever",Marie Kondo,4.5,4.5,19210.0,9.863238310628445,615.0,Transform your home into a permanently clear and clutter-free space with the incredible KonMari Method. Japan's expert declutterer and professional cleaner Marie Kondo will help you tidy your rooms once and for all with her inspirational step-by-step method.,Cleaning & Organising | Home & House Maintenance | Stress Management,",#313 in Audible Audiobooks & Originals (See Top 100 in Audible Audiobooks & Originals),#1 in Cleaning & Organising,#5 in Home & House Maintenance,#7 in Stress Management",313.0,4 hours and 39 minutes,279.0,Both,1,1,1,"the life-changing magic of tidying: a simple, effective way to banish clutter forever",marie kondo,1001+,258
"The Lightning Thief: Percy Jackson, Book 1",Rick Riordan,4.7,4.7,6489.0,8.778017809698136,888.0,"Look, I didn't want to be a half-blood. I never asked to be the son of a Greek God. I was just a normal kid, going to school, playing basketball, skateboarding. The usual. Until I accidentally vaporized my maths teacher. That's when things started really going wrong. Now I spend my time fighting with swords, battling monsters with my friends, and generally trying to stay alive.",Monster Stories for Children | Greek & Roman Fairy Tales for Children | Action & Adventure Fantasy for Children,",#997 in Audible Audiobooks & Originals (See Top 100 in Audible Audiobooks & Originals),#3 in Monster Stories for Children,#3 in Greek & Roman Fairy Tales for Children,#4 in Action & Adventure Fantasy for Children",997.0,10 hours,600.0,Both,1,1,1,"the lightning thief: percy jackson, book 1",rick riordan,1001+,380
The Little Book of Hygge: The Danish Way to Live Well,Meik Wiking,4.6,4.6,2720.0,7.908754738783246,615.0,"Penguin presents the unabridged downloadable audiobook edition of The Little Book of Hygge, written and read by Meik Wiking.",Lifestyle & Personal Style Guides (Books) | Personal Success | Politics,",#2,128 in Audible Audiobooks & Originals (See Top 100 in Audible Audiobooks & Originals),#131 in Lifestyle & Personal Style Guides (Books),#317 in Personal Success,#1,579 in Politics",2128.0,3 hours and 13 minutes,193.0,Both,1,1,1,the little book of hygge: the danish way to live well,meik wiking,1001+,124
The Little Prince,Antoine De Saint-Exupéry,3.85,3.85,4278.0,8.361474616416817,267.0,Unknown,Classic Literature | Classic Fiction (Books),",#4,027 in Audible Audiobooks & Originals (See Top 100 in Audible Audiobooks & Originals),#215 in Classic Literature,#3,801 in Classic Fiction (Books)",4027.0,1 hour and 41 minutes,101.0,Advanced Only,0,1,1,the little prince,antoine de saint-exupéry,1001+,0
"The Long Haul: Diary of a Wimpy Kid, Book 9",Jeff Kinney,4.6,4.6,5959.0,8.692825760059396,410.0,Unknown,Unknown,Unknown,,Unknown,,Both,0,0,0,"the long haul: diary of a wimpy kid, book 9",jeff kinney,1001+,0
The Lord of the Rings: The Fellowship of the Ring (Dramatised),J. R. R Tolkien,4.7,4.7,2263.0,7.724888439323074,615.0,Unknown,Unknown,Unknown,,Unknown,,Catalog Only,0,0,0,the lord of the rings: the fellowship of the ring (dramatised),j. r. r tolkien,1001+,0
"The Lost Hero: The Heroes of Olympus, Book 1",Rick Riordan,4.7,4.7,3298.0,8.101374671228582,1093.0,"Penguin presents this downloadable audiobook edition, of the number one, bestselling title in this new spin-off series from Percy Jackson creator, Rick Riordan. Old Enemies awaken as Camp Half-Blood's new arrivals prepare for war.",Fantasy & Magic for Children | Literature & Fiction for Children | Children's Fantasy (Books),",#1,268 in Audible Audiobooks & Originals (See Top 100 in Audible Audiobooks & Originals),#27 in Fantasy & Magic for Children,#73 in Literature & Fiction for Children,#846 in Children's Fantasy (Books)",1268.0,16 hours and 34 minutes,994.0,Both,1,1,1,"the lost hero: the heroes of olympus, book 1",rick riordan,1001+,230
The Lost Symbol,Dan Brown,4.4,4.4,6128.0,8.720786883485731,645.0,Unknown,Unknown,Unknown,,Unknown,,Catalog Only,0,0,0,the lost symbol,dan brown,1001+,0
The Lovely Bones,Alice Sebold,4.4,4.4,2095.0,7.647786045440933,323.0,Unknown,Unknown,Unknown,,Unknown,,Advanced Only,0,0,0,the lovely bones,alice sebold,1001+,0
The Luminaries,Eleanor Catton,3.7,3.7,2489.0,7.820037989458753,861.0,Unknown,Unknown,Unknown,,Unknown,,Catalog Only,0,0,0,the luminaries,eleanor catton,1001+,0
"The Magicians, Book 1",Lev Grossman,3.8,3.8,2200.0,7.696667081526462,1093.0,Unknown,Unknown,Unknown,,Unknown,,Advanced Only,0,0,0,"the magicians, book 1",lev grossman,1001+,0
The Man in the High Castle,Philip K. Dick,3.8,3.8,2949.0,7.989560449333865,1005.0,Unknown,Unknown,Unknown,,Unknown,,Both,0,0,0,the man in the high castle,philip k. dick,1001+,0
The Man Who Mistook His Wife for a Hat,Oliver Sacks,4.5,4.5,1715.0,7.447751280047908,323.0,"With an introduction by Will Self. A classic work of psychology, this international best seller provides a groundbreaking insight into the human mind.",Neuroscience & Neuropsychology | Physical Illness & Disease | Mental Health,",#1,134 in Audible Audiobooks & Originals (See Top 100 in Audible Audiobooks & Originals),#12 in Neuroscience & Neuropsychology,#14 in Physical Illness & Disease,#18 in Mental Health (Audible Audiobooks & Originals)",1134.0,9 hours and 33 minutes,573.0,Both,1,1,1,the man who mistook his wife for a hat,oliver sacks,1001+,150
"The Mark of Athena: Heroes of Olympus, Book 3",Rick Riordan,4.7,4.7,5197.0,8.556029215201436,888.0,The explosive third part in Rick Riordan's number-one series - set in the world of Percy Jackson - now available as an unabridged audio download. One fatal prophecy. Seven brave demigods. A quest to find - and close - the door of death.,Unknown,",            5 star,          ,            ,              80%,            ,",,15 hours and 8 minutes,908.0,Both,1,0,1,"the mark of athena: heroes of olympus, book 3",rick riordan,1001+,236
The Martian,Andy Weir,4.7,4.7,33293.0,10.413132479553957,1171.0,"A brand-new production of Andy Weir’s modern sci-fi classic, narrated by the incomparable Wil Wheaton, and featuring bonus content from the writings of Mark Watney.",Hard Science Fiction | Adventure Science Fiction | Suspense,",#1,032 in Audible Audiobooks & Originals (See Top 100 in Audible Audiobooks & Originals),#1 in Hard Science Fiction,#6 in Adventure Science Fiction,#21 in Suspense",1032.0,10 hours and 59 minutes,659.0,Both,1,1,1,the martian,andy weir,1001+,164
The Mastery of Love: A Practical Guide to the Art of Relationship,don Miguel Ruiz,4.8,4.8,3131.0,8.049427057110695,445.0,"In the Toltec tradition, three fundamental masteries guide us to our true nature, which is happiness, freedom, and love.",Consciousness & Thought | Love & Romance | Personal Success,",#4,111 in Audible Audiobooks & Originals (See Top 100 in Audible Audiobooks & Originals),#19 in Consciousness & Thought,#29 in Love & Romance,#552 in Personal Success",4111.0,2 hours and 33 minutes,153.0,Both,1,1,1,the mastery of love: a practical guide to the art of relationship,don miguel ruiz,1001+,120
"The Maze Runner: The Maze Runner, Book 1",James Dashner,4.4,4.4,7731.0,8.953122840328222,748.0,Unknown,Unknown,Unknown,,Unknown,,Both,0,0,0,"the maze runner: the maze runner, book 1",james dashner,1001+,0
"The Meltdown: Diary of a Wimpy Kid, Book 13",Jeff Kinney,4.6,4.6,5764.0,8.65956043270316,410.0,Unknown,Unknown,Unknown,,Unknown,,Both,0,0,0,"the meltdown: diary of a wimpy kid, book 13",jeff kinney,1001+,0
The Midnight Gang,David Walliams,4.8,4.8,2404.0,7.785305182539862,5709.0,Unknown,Unknown,Unknown,,Unknown,,Catalog Only,0,0,0,the midnight gang,david walliams,1001+,0
"The Midnight Line: Jack Reacher, Book 22",Lee Child,4.4,4.4,7612.0,8.937612591306213,1093.0,Unknown,Unknown,Unknown,,Unknown,,Advanced Only,0,0,0,"the midnight line: jack reacher, book 22",lee child,1001+,0
The Millionaire Fastlane: Crack the Code to Wealth and Live Rich for a Lifetime,MJ DeMarco,4.6,4.6,2394.0,7.781138509845015,836.0,"Has the ""settle-for-less"" financial plan become your plan for wealth? That plan sounds a little something like this:",Small Businesses | Entrepreneurship | Personal Finance,",#186 in Audible Audiobooks & Originals (See Top 100 in Audible Audiobooks & Originals),#3 in Small Businesses,#11 in Entrepreneurship (Audible Audiobooks & Originals),#12 in Personal Finance",186.0,12 hours and 46 minutes,766.0,Both,1,1,1,the millionaire fastlane: crack the code to wealth and live rich for a lifetime,mj demarco,1001+,116
The Miracle Morning: The Not-So-Obvious Secret Guaranteed to Transform Your Life - Before 8AM,Hal Elrod,4.6,4.6,3855.0,8.257385655730436,501.0,"What if you could miraculously wake up tomorrow and any - or every area of your life was transformed? What would be different? Would you be happier? Healthier? More successful? In better shape? Would you have more energy? Less Stress? More Money? Better relationships? Which of your problems would be solved? What if I told you that there is a ""not-so-obvious"" secret that is guaranteed to transform any - or literally every area of your life, faster than you ever thought possible? What if I told you it would only take 6 minutes a day?",Spirituality (Books) | Personal Success | Analysis & Strategy,",#294 in Audible Audiobooks & Originals (See Top 100 in Audible Audiobooks & Originals),#36 in Spirituality (Books),#64 in Personal Success,#516 in Analysis & Strategy",294.0,4 hours and 57 minutes,297.0,Both,1,1,1,the miracle morning: the not-so-obvious secret guaranteed to transform your life - before 8am,hal elrod,1001+,537
The Mirror and the Light,Hilary Mantel,4.6,4.6,2968.0,7.99598047476376,1138.0,Shortlisted for the Women's Prize for Fiction 2020,Fiction Sagas | Historical Fiction | Literary Fiction,",#4,206 in Audible Audiobooks & Originals (See Top 100 in Audible Audiobooks & Originals),#35 in Fiction Sagas,#158 in Historical Fiction (Audible Audiobooks & Originals),#236 in Literary Fiction",4206.0,38 hours and 11 minutes,2291.0,Advanced Only,1,1,1,the mirror and the light,hilary mantel,1001+,50
The Mister,E. L. James,4.1,4.1,4442.0,8.399085102935908,1093.0,Unknown,Unknown,Unknown,,Unknown,,Both,0,0,0,the mister,e. l. james,1001+,0
The Moment of Lift: How Empowering Women Changes the World,Melinda Gates,4.6,4.6,1660.0,7.415175109613295,323.0,Winner of The Audiofile Earphones Award 2019 and Audiofile Best Audiobooks of The Year 2019.,Philanthropy & Charity | Women's Studies | Women Biographies,",#1,884 in Audible Audiobooks & Originals (See Top 100 in Audible Audiobooks & Originals),#2 in Philanthropy & Charity,#6 in Women's Studies,#17 in Women Biographies",1884.0,7 hours and 54 minutes,474.0,Both,1,1,1,the moment of lift: how empowering women changes the world,melinda gates,1001+,92
The Monk Who Sold His Ferrari,Robin Sharma,4.6,4.6,7585.0,8.934059722248843,351.0,"Author Robin Sharma reads this international best-seller, allowing you to gain the wisdom and lessons from the original book while you commute. This abridged audiobook is one of Sharma Leadership International's all-time best-selling audio products.",Christianity (Books) | Spirituality | Spirituality (Books),",#22 in Audible Audiobooks & Originals (See Top 100 in Audible Audiobooks & Originals),#1 in Christianity (Books),#2 in Spirituality (Audible Audiobooks & Originals),#6 in Spirituality (Books)",22.0,2 hours and 40 minutes,160.0,Both,1,1,1,the monk who sold his ferrari,robin sharma,1001+,249
The Montessori Toddler,Simone Davies,4.8,4.8,2350.0,7.762596048540069,1172.0,This guide offers a step-by-step plan that helps parents cultivate daily routines so that they can turn life with toddlers into a mutually rich time of curiosity and learning.,Homeschooling | Parenting Infants & Toddlers | Relationships,",#530 in Audible Audiobooks & Originals (See Top 100 in Audible Audiobooks & Originals),#1 in Homeschooling,#4 in Parenting Infants & Toddlers,#19 in Relationships",530.0,7 hours and 22 minutes,442.0,Both,1,1,1,the montessori toddler,simone davies,1001+,175
The Murder of Roger Ackroyd,Hugh Fraser,4.6,4.6,2273.0,7.729295674310482,8735.0,Unknown,Unknown,Unknown,,Unknown,,Both,0,0,0,the murder of roger ackroyd,hugh fraser,1001+,0
The Murmur of Bees,Sofia Segovia,4.5,4.5,2648.0,7.88193748927207,837.0,From a beguiling voice in Mexican fiction comes an astonishing novel - her first to be translated into English - about a mysterious child with the power to change a family’s history in a country on the verge of revolution.,Small Town & Rural Fiction | Family Life Fiction | Historical Fiction,",#4,560 in Audible Audiobooks & Originals (See Top 100 in Audible Audiobooks & Originals),#12 in Small Town & Rural Fiction,#62 in Family Life Fiction,#167 in Historical Fiction (Audible Audiobooks & Originals)",4560.0,14 hours and 20 minutes,860.0,Both,1,1,1,the murmur of bees,sofia segovia,1001+,222
The Mysterious Affair at Styles [Classic Tales Edition],Agatha Christie,4.1,4.1,2420.0,7.791935956938058,668.0,"Tragedy strikes at the estate at Styles. An old woman dies from what appears to be strychnine poisoning. The funny little Belgian, Hercule Poirot, is called in to investigate, though he appears to disregard every bit of damaging evidence. Has the great detective lost his touch?",Private Investigator Mysteries | International Mystery & Crime | Traditional Detective Mysteries,",#4,462 in Audible Audiobooks & Originals (See Top 100 in Audible Audiobooks & Originals),#6 in Private Investigator Mysteries,#22 in International Mystery & Crime,#27 in Traditional Detective Mysteries",4462.0,6 hours and 22 minutes,382.0,Both,1,1,1,the mysterious affair at styles [classic tales edition],agatha christie,1001+,278
The Nameless Relationship,Preeti Shenoy,3.6,3.6,2203.0,7.698029170272805,233.0,Unknown,Unknown,Unknown,,Unknown,,Catalog Only,0,0,0,the nameless relationship,preeti shenoy,1001+,0
The Night Circus,Erin Morgenstern,4.4,4.4,7387.0,8.90761234131913,888.0,"Telling her tale with all the attention to detail that has led fans to compare her to such literary greats as H. G. Wells, Erin Morgenstern's world is as dark and thrilling as it is monochromatic.",Fantasy (Books) | Contemporary Fiction (Books) | Romance (Books),",#1,626 in Fantasy (Books),#4,329 in Contemporary Fiction (Books),#4,808 in Romance (Books)",,13 hours and 39 minutes,819.0,Both,1,1,1,the night circus,erin morgenstern,1001+,196
The Nightingale,Kristin Hannah,4.8,4.8,40958.0,10.620326845352862,323.0,"Two sisters. One must be brave. One should be afraid. Bravery, courage, fear, and love in a time of war. Despite their differences sisters Viann and Isabelle have always been close.",World War II Historical Fiction | War & Military Fiction | Women's Fiction,",#430 in Audible Audiobooks & Originals (See Top 100 in Audible Audiobooks & Originals),#1 in World War II Historical Fiction,#2 in War & Military Fiction,#7 in Women's Fiction",430.0,17 hours and 19 minutes,1039.0,Both,1,1,1,the nightingale,kristin hannah,1001+,181
The Notebook,Kate Nelligan,4.6,4.6,2400.0,7.783640596221253,469.0,"With echoes of The Bridges of Madison County, this tale explores the enduring power of love through the years and in the face of adversity.",Unknown,Unknown,,Unknown,,Both,1,0,0,the notebook,kate nelligan,1001+,139
The Obesity Code: Unlocking the Secrets of Weight Loss,Jason Fung,4.7,4.7,7616.0,8.938137870372788,690.0,Unknown,Unknown,Unknown,,Unknown,,Both,0,0,0,the obesity code: unlocking the secrets of weight loss,jason fung,1001+,0
The One,John Marrs,4.4,4.4,2329.0,7.753623546559746,888.0,Unknown,Unknown,Unknown,,Unknown,,Both,0,0,0,the one,john marrs,1001+,0
The ONE Thing: The Surprisingly Simple Truth Behind Extraordinary Results,Gary Keller,4.5,4.5,2850.0,7.955425088912672,1172.0,"This is an audiobook for busy people. If you want less on your plate and more for your life and career, tune in to the #1 Wall Street Journal best seller, The ONE Thing: The Surprisingly Simple Truth Behind Extraordinary Results. The ONE Thing will bring your life and your work into focus. Authors Gary Keller and Jay Papasan teach you the tricks to cut through the clutter, achieve better results in less time, dial down stress, and master what matters to you. Unabridged version includes:",Business Management | Personal Success in Business | Personal Success,",#160 in Audible Audiobooks & Originals (See Top 100 in Audible Audiobooks & Originals),#9 in Business Management,#22 in Personal Success in Business,#40 in Personal Success",160.0,5 hours and 24 minutes,324.0,Both,1,1,1,the one thing: the surprisingly simple truth behind extraordinary results,gary keller,1001+,491
The Overdue Life of Amy Byler,Kelly Harms,4.3,4.3,4146.0,8.330140460246382,837.0,Unknown,Unknown,Unknown,,Unknown,,Both,0,0,0,the overdue life of amy byler,kelly harms,1001+,0
"The Phoenix Project: A Novel about IT, DevOps, and Helping Your Business Win 5th Anniversary Edition",Gene Kim,4.7,4.7,4185.0,8.339500903005945,836.0,"Five years after this sleeper hit took on the world of IT and flipped it on its head, the fifth anniversary edition of The Phoenix Project continues to guide IT in the DevOps revolution. In this newly updated and expanded edition of the best-selling The Phoenix Project, co-author Gene Kim includes a new afterword and a deeper delve into the Three Ways as described in The DevOps Handbook.",Unknown,Unknown,,Unknown,,Both,1,0,0,"the phoenix project: a novel about it, devops, and helping your business win 5th anniversary edition",gene kim,1001+,390
The Picture of Dorian Gray,Oscar Wilde,4.4,4.4,3613.0,8.192570471152173,569.0,Exclusively from Audible,LGBT Thrillers & Suspense | Psychological Thrillers | Classic Literature,",#3,166 in Audible Audiobooks & Originals (See Top 100 in Audible Audiobooks & Originals),#2 in LGBT Thrillers & Suspense,#45 in Psychological Thrillers,#164 in Classic Literature",3166.0,8 hours and 35 minutes,515.0,Both,1,1,1,the picture of dorian gray,oscar wilde,1001+,24
"The Pillars of the Earth: The Kingsbridge Novels, Book 1",Ken Follett,4.6,4.6,6915.0,8.84159284680318,323.0,Unknown,Unknown,Unknown,,Unknown,,Catalog Only,0,0,0,"the pillars of the earth: the kingsbridge novels, book 1",ken follett,1001+,0
The Poisonwood Bible,Barbara Kingsolver,4.5,4.5,2126.0,7.662467815200237,1054.0,Unknown,Unknown,Unknown,,Unknown,,Catalog Only,0,0,0,the poisonwood bible,barbara kingsolver,1001+,0
"The Power of Habit: Why We Do What We Do, and How to Change",Charles Duhigg,4.5,4.5,6733.0,8.814924599721019,888.0,Brought to you by Penguin.,Organisational Behaviour | Science | Personal Success,",#24 in Audible Audiobooks & Originals (See Top 100 in Audible Audiobooks & Originals),#1 in Organisational Behaviour,#1 in Science,#10 in Personal Success",24.0,10 hours and 53 minutes,653.0,Both,1,1,1,"the power of habit: why we do what we do, and how to change",charles duhigg,1001+,26
The Power of Now: A Guide to Spiritual Enlightenment,Eckhart Tolle,4.5,4.5,11918.0,9.385889044482708,670.0,Unknown,Unknown,Unknown,,Unknown,,Catalog Only,0,0,0,the power of now: a guide to spiritual enlightenment,eckhart tolle,1001+,0
The Power of Your Subconscious Mind,Joseph Murphy,4.5,4.5,18381.0,9.819127203918054,99.0,"""The Power of Your Subconscious Mind"" will open a world of success, happiness, prosperity, and peace for you. It is one of the most brilliant and beloved spiritual self-help works of all time which can help you heal yourself, banish your fears, sleep better, enjoy better relationships and just feel happier. The techniques are simple and results come quickly. You can improve your relationships, your finances, your physical well-being.","New Thought Spirituality | Personal Success | Mind, Body & Spirit",",#30 in Audible Audiobooks & Originals (See Top 100 in Audible Audiobooks & Originals),#1 in New Thought Spirituality,#11 in Personal Success,#52 in Mind, Body & Spirit",30.0,7 hours and 13 minutes,433.0,Both,1,1,1,the power of your subconscious mind,joseph murphy,1001+,437
The Prince,Niccolo Machiavelli,4.3,4.3,2924.0,7.981049759665957,32.0,"""The Prince"" is a political treatise by Machiavelli that is not considered to be representative of the work published during his lifetime, but is the most remembered. The theories in this book describe methods that an aspiring prince can use to acquire the throne, or an existing prince can use to maintain his reign. These theories include defense and military, perceived reputation, generosity, cruelty versus mercy, gaining honors, fortune and a number of other discourses.",Philosophy History | Textbooks & Study Guides,",#1,696 in Audible Audiobooks & Originals (See Top 100 in Audible Audiobooks & Originals),#8 in Philosophy History,#18,779 in Textbooks & Study Guides",1696.0,3 hours and 16 minutes,196.0,Both,1,1,1,the prince,niccolo machiavelli,1001+,476
The Princess Bride,William Goldman,4.6,4.6,3176.0,8.063692634269517,266.0,Unknown,Unknown,Unknown,,Unknown,,Catalog Only,0,0,0,the princess bride,william goldman,1001+,0
The Prophet,Khalil Gibran,4.4,4.4,1645.0,7.406103381237015,93.0,Unknown,Unknown,Unknown,,Unknown,,Both,0,0,0,the prophet,khalil gibran,1001+,0
The Psychopath Test,Jon Ronson,4.4,4.4,1990.0,7.596392304064196,323.0,Unknown,Unknown,Unknown,,Unknown,,Catalog Only,0,0,0,the psychopath test,jon ronson,1001+,0
The Qur'an: A New Translation by M. A. S. Abdel Haleem,M. A. S. Abdel Haleem - translator,4.6,4.6,2403.0,7.784889295655098,1003.0,"""Read! Your Lord is the Most Bountiful one who taught by the pen, who taught man what he did not know.""",Quran | Islam (Books),",#632 in Audible Audiobooks & Originals (See Top 100 in Audible Audiobooks & Originals),#1 in Quran,#58 in Islam (Books)",632.0,19 hours and 15 minutes,1155.0,Both,1,1,1,the qur'an: a new translation by m. a. s. abdel haleem,m. a. s. abdel haleem - translator,1001+,103
The Rational Male,Rollo Tomassi,4.6,4.6,1972.0,7.587310506022615,836.0,"The Rational Male is a rational and pragmatic approach to intergender dynamics and the social and psychological underpinnings of intergender relations. The book is the compiled, 10-year core writing of author/blogger Rollo Tomassi from therationalmale.com.",Personal Success | Family & Relationships | Healthy Living & Wellness,",#717 in Audible Audiobooks & Originals (See Top 100 in Audible Audiobooks & Originals),#133 in Personal Success,#267 in Family & Relationships,#409 in Healthy Living & Wellness",717.0,14 hours and 20 minutes,860.0,Both,1,1,1,the rational male,rollo tomassi,1001+,256
The Remaining,D. J. Molles,4.5,4.5,1894.0,7.546974117516527,668.0,Unknown,Unknown,Unknown,,Unknown,,Catalog Only,0,0,0,the remaining,d. j. molles,1001+,0
The Remains of the Day,Kazuo Ishiguro,4.4,4.4,1721.0,7.451241684987676,531.0,From the winner of the 2017 Nobel Prize for Literature,Historical Fiction | Literary Fiction | Historical Fiction (Books),",#1,164 in Audible Audiobooks & Originals (See Top 100 in Audible Audiobooks & Originals),#35 in Historical Fiction (Audible Audiobooks & Originals),#66 in Literary Fiction,#582 in Historical Fiction (Books)",1164.0,7 hours and 5 minutes,425.0,Both,1,1,1,the remains of the day,kazuo ishiguro,1001+,54
The Republic,Plato,4.5,4.5,1734.0,7.45876269238096,99.0,"The Republic (Greek: Πολιτεία, Politeia; Latin: Res Publica) is a Socratic dialogue, written by Plato around 375 BC, concerning justice (δικαιοσύνη), the order and character of the just city-state, and the just man. It is Plato's best-known work, and has proven to be one of the world's most influential works of philosophy and political theory, both intellectually and historically.",Greek & Roman Philosophy | Political Philosophy | Philosophy History,",#2,017 in Audible Audiobooks & Originals (See Top 100 in Audible Audiobooks & Originals),#5 in Greek & Roman Philosophy,#7 in Political Philosophy,#10 in Philosophy History",2017.0,11 hours and 16 minutes,676.0,Both,1,1,1,the republic,plato,1001+,383
The Richest Man in Babylon,George S. Clason,4.5,4.5,8032.0,8.991313336173812,501.0,Unknown,Unknown,Unknown,,Unknown,,Both,0,0,0,the richest man in babylon,george s. clason,1001+,0
The Ride of a Lifetime: Lessons in Creative Leadership from the CEO of the Walt Disney Company,Robert Iger,4.7,4.7,3728.0,8.22389538017882,888.0,Unknown,Unknown,Unknown,,Unknown,,Catalog Only,0,0,0,the ride of a lifetime: lessons in creative leadership from the ceo of the walt disney company,robert iger,1001+,0
The Righteous Mind: Why Good People Are Divided by Politics and Religion,Jonathan Haidt,4.6,4.6,2186.0,7.690286020676768,1172.0,Why can’t our political leaders work together as threats loom and problems mount? Why do people so readily assume the worst about the motives of their fellow citizens?,Conservatism & Liberalism | Church & State | Religious History,",#2,037 in Audible Audiobooks & Originals (See Top 100 in Audible Audiobooks & Originals),#2 in Conservatism & Liberalism,#5 in Church & State,#6 in Religious History",2037.0,11 hours and 1 minute,661.0,Both,1,1,1,the righteous mind: why good people are divided by politics and religion,jonathan haidt,1001+,167
The Rise and Fall of the Third Reich: A History of Nazi Germany,William L. Shirer,4.7,4.7,1976.0,7.589335823170617,1338.0,"Since its publication in 1960, William L. Shirer’s monumental study of Hitler’s German empire has been widely acclaimed as the definitive record of the 20th century’s blackest hours. The Rise and Fall of the Third Reich offers an unparalleled and thrillingly told examination of how Adolf Hitler nearly succeeded in conquering the world. With millions of copies in print around the globe, it has attained the status of a vital and enduring classic.",German History | World War II History | European History (Books),",#476 in Audible Audiobooks & Originals (See Top 100 in Audible Audiobooks & Originals),#1 in German History,#3 in World War II History,#11 in European History (Books)",476.0,57 hours and 11 minutes,3431.0,Both,1,1,1,the rise and fall of the third reich: a history of nazi germany,william l. shirer,1001+,448
The Road,Cormac McCarthy,4.3,4.3,3957.0,8.28349412616251,703.0,Unknown,Unknown,Unknown,,Unknown,,Both,0,0,0,the road,cormac mccarthy,1001+,0
The Road Back to You: An Enneagram Journey to Self-Discovery,Ian Morgan Cron,4.7,4.7,2749.0,7.919356190660617,762.0,Unknown,Unknown,Unknown,,Unknown,,Catalog Only,0,0,0,the road back to you: an enneagram journey to self-discovery,ian morgan cron,1001+,0
The Rosie Effect: Don Tillman 2,Graeme Simsion,4.3,4.3,3234.0,8.081784206935001,683.0,Unknown,Unknown,Unknown,,Unknown,,Catalog Only,0,0,0,the rosie effect: don tillman 2,graeme simsion,1001+,0
The Rosie Project,Graeme Simsion,4.5,4.5,14556.0,9.58582725656466,888.0,Unknown,Unknown,Unknown,,Unknown,,Both,0,0,0,the rosie project,graeme simsion,1001+,0
The Rudest Book Ever: Insanely Practical Ideas to Free Your Mind from All Bulls--t,Shwetabh Gangwar,4.5,4.5,2079.0,7.640123172695364,501.0,"Shwetabh Gangwar is a professional problem-solver - and he’s ace at it. For the past five years, people from all over the world have contacted him with their troubles, and he’s worked these out for them.",Self-Esteem | Personal Success | Personal Development & Self-Help,",#44 in Audible Audiobooks & Originals (See Top 100 in Audible Audiobooks & Originals),#2 in Self-Esteem,#15 in Personal Success,#158 in Personal Development & Self-Help",44.0,4 hours and 51 minutes,291.0,Both,1,1,1,the rudest book ever: insanely practical ideas to free your mind from all bulls--t,shwetabh gangwar,1001+,203
The Rules of Magic,Alice Hoffman,4.5,4.5,1763.0,7.475339236566737,785.0,Unknown,Unknown,Unknown,,Unknown,,Both,0,0,0,the rules of magic,alice hoffman,1001+,0
The Runaway Bunny: Including: The Story of Babar & Goodnight Moon,Margaret Wise Brown,4.7,4.7,1663.0,7.416979621381154,398.0,"Runaway Bunny, The Story of Babar: The Little Elephant, and Goodnight Moon are national treasures and many of us remember them from our childhoods.",Unknown,Unknown,,Unknown,,Advanced Only,1,0,0,the runaway bunny: including: the story of babar & goodnight moon,margaret wise brown,1001+,147
The Science of Getting Rich,Wallace D. Wattles,4.3,4.3,2244.0,7.716460800176355,70.0,Unknown,Unknown,Unknown,,Unknown,,Both,0,0,0,the science of getting rich,wallace d. wattles,1001+,0
The Screwtape Letters,C.S. Lewis,4.7,4.7,3871.0,8.261526448396468,421.0,"The Screwtape Letters is the most engaging account of temptation, and triumph over it, ever written.",Christian Classic & Allegorical Fiction | Satire Fiction | Classic Literature,",#2,167 in Audible Audiobooks & Originals (See Top 100 in Audible Audiobooks & Originals),#2 in Christian Classic & Allegorical Fiction,#5 in Satire Fiction,#106 in Classic Literature",2167.0,3 hours and 36 minutes,216.0,Both,1,1,1,the screwtape letters,c.s. lewis,1001+,100
"The Sea of Monsters: Percy Jackson, Book 2",Rick Riordan,4.7,4.7,3580.0,8.183397369998433,888.0,Unknown,Unknown,Unknown,,Unknown,,Both,0,0,0,"the sea of monsters: percy jackson, book 2",rick riordan,1001+,0
The Seat of the Soul: An Inspiring Vision of Humanity's Spiritual Destiny,Gary Zukav,4.6,4.6,1817.0,7.505492274737424,888.0,Unknown,Unknown,Unknown,,Unknown,,Catalog Only,0,0,0,the seat of the soul: an inspiring vision of humanity's spiritual destiny,gary zukav,1001+,0
"The Secret Commonwealth: The Book of Dust, Volume Two",Philip Pullman,4.7,4.7,2699.0,7.90100705199242,1093.0,Unknown,Unknown,Unknown,,Unknown,,Both,0,0,0,"the secret commonwealth: the book of dust, volume two",philip pullman,1001+,0
The Secret History,Donna Tartt,4.2,4.2,3105.0,8.041091003708633,1093.0,The smartest murder-mystery you will ever hear.,"Suspense | Literary Fiction | Crime, Thriller & Mystery (Books)",",#1,039 in Audible Audiobooks & Originals (See Top 100 in Audible Audiobooks & Originals),#22 in Suspense,#59 in Literary Fiction,#1,232 in Crime, Thriller & Mystery (Books)",1039.0,22 hours and 4 minutes,1324.0,Both,1,1,1,the secret history,donna tartt,1001+,47
The Selfish Gene,Richard Dawkins,4.6,4.6,1899.0,7.549609165154532,836.0,"Richard Dawkins' brilliant reformulation of the theory of natural selection has the rare distinction of having provoked as much excitement and interest outside the scientific community as within it. His theories have helped change the whole nature of the study of social biology, and have forced thousands to rethink their beliefs about life.",Genetics | Evolution | Biology Books,",#262 in Audible Audiobooks & Originals (See Top 100 in Audible Audiobooks & Originals),#1 in Genetics (Audible Audiobooks & Originals),#2 in Evolution,#46 in Biology Books",262.0,16 hours and 12 minutes,972.0,Both,1,1,1,the selfish gene,richard dawkins,1001+,342
The Sense of an Ending,Julian Barnes,4.2,4.2,2049.0,7.625595072132453,467.0,"Man Booker Prize, Fiction, 2011",Contemporary Fiction (Books),",#8,330 in Contemporary Fiction (Books)",,4 hours and 37 minutes,277.0,Advanced Only,1,1,1,the sense of an ending,julian barnes,1001+,31
"The Serpent's Shadow: The Kane Chronicles, Book 3",Rick Riordan,4.7,4.7,1624.0,7.393263094763838,888.0,Unknown,Unknown,Unknown,,Unknown,,Catalog Only,0,0,0,"the serpent's shadow: the kane chronicles, book 3",rick riordan,1001+,0
The Seven Spiritual Laws of Success,Deepak Chopra,4.5,4.5,3398.0,8.131236549696116,300.0,Unknown,"Business Careers | Personal Success | Mind, Body & Spirit",",#2,269 in Audible Audiobooks & Originals (See Top 100 in Audible Audiobooks & Originals),#73 in Business Careers,#332 in Personal Success,#2,442 in Mind, Body & Spirit",2269.0,1 hour and 26 minutes,86.0,Both,0,1,1,the seven spiritual laws of success,deepak chopra,1001+,0
The Sherlock Holmes Collection,Arthur Conan Doyle,4.3,4.3,1877.0,7.537962659768208,99.0,"Sherlock Holmes is a fictional detective of the late 19th and early 20th centuries, who first appeared in publication in 1887. He is the creation of Scottish born author and physician Sir Arthur Conan Doyle. A brilliant London-based detective, Holmes is famous for his intellectual prowess, and is renowned for his skillful use of deductive reasoning (somewhat mistakenly - see inductive reasoning) and astute observation to solve difficult cases. He is arguably the most famous fictional detective ever created, and is one of the best known and most universally recognizable literary characters in any genre.",Mystery Anthologies & Short Stories | Traditional Detective Mysteries | Short Stories (Books),",#1,540 in Audible Audiobooks & Originals (See Top 100 in Audible Audiobooks & Originals),#5 in Mystery Anthologies & Short Stories,#9 in Traditional Detective Mysteries,#686 in Short Stories (Books)",1540.0,67 hours and 44 minutes,4064.0,Both,1,1,1,the sherlock holmes collection,arthur conan doyle,1001+,609
The Signature of All Things,Elizabeth Gilbert,4.3,4.3,3809.0,8.245384468120747,1054.0,Unknown,Unknown,Unknown,,Unknown,,Both,0,0,0,the signature of all things,elizabeth gilbert,1001+,0
The Silk Roads: A New History of the World,Peter Frankopan,4.6,4.6,1793.0,7.492203042618741,1338.0,"The sun is setting on the Western world. Slowly but surely, the direction in which the world spins has reversed: where for the last five centuries the globe turned westward on its axis, it now turns to the east.... For centuries fame and fortune were to be found in the West - in the New World of the Americas. Today it is the East that calls out to those in search of adventure and riches. The region stretching from Eastern Europe and sweeping right across Central Asia, deep into China and India, is taking center stage in international politics, commerce, and culture - and is shaping the modern world. This region, the true center of the Earth, is obscure to many in the English-speaking world. Yet this is where civilization itself began, where the world's great religions were born and took root. The Silk Roads were no exotic series of connections but networks that linked continents and oceans together. Along them flowed ideas, goods, disease, and death. This was where empires were won - and where they were lost. As a new era emerges, the patterns of exchange are mirroring those that have criss-crossed Asia for millennia. The Silk Roads are rising again. A major reassessment of world history, The Silk Roads is an important account of the forces that have shaped the global economy and the political renaissance in the reemerging East.",History of Civilization | History of Civilization & Culture | Textbooks & Study Guides,",#665 in Audible Audiobooks & Originals (See Top 100 in Audible Audiobooks & Originals),#6 in History of Civilization,#28 in History of Civilization & Culture,#7,083 in Textbooks & Study Guides",665.0,24 hours and 14 minutes,1454.0,Both,1,1,1,the silk roads: a new history of the world,peter frankopan,1001+,1350
The Silmarillion,J. R. R. Tolkien,4.6,4.6,3609.0,8.191463051326927,11425.0,"A thoroughly enchanting tale that sets the trajectory for the cosmos of J.R.R. Tolkien's magnificent fantasy series Lord of the Rings and The Hobbit. Like the dark matter at the centre of every origin story, this is a must-listen for fans who want to delve deeper into this mythical world.",Epic Fantasy | Fantasy (Books) | Classic Fiction (Books),",#807 in Audible Audiobooks & Originals (See Top 100 in Audible Audiobooks & Originals),#16 in Epic Fantasy,#545 in Fantasy (Books),#845 in Classic Fiction (Books)",807.0,14 hours and 49 minutes,889.0,Both,1,1,1,the silmarillion,j. r. r. tolkien,1001+,289
"The Sins of the Father: Clifton Chronicles, Book 2",Jeffrey Archer,4.5,4.5,5641.0,8.637993891561942,323.0,"The second book in Jeffrey Archer’s highly acclaimed The Clifton Chronicles, The Sins of the Father takes the reader on a breath-taking journey from the backstreets of Bristol to the boardrooms of Manhattan.",Fiction Sagas | Family Life Fiction | Suspense,",#2,483 in Audible Audiobooks & Originals (See Top 100 in Audible Audiobooks & Originals),#26 in Fiction Sagas,#37 in Family Life Fiction,#85 in Suspense",2483.0,10 hours and 7 minutes,607.0,Both,1,1,1,"the sins of the father: clifton chronicles, book 2",jeffrey archer,1001+,207
The Snail and the Whale,Julia Donaldson,4.8,4.8,3515.0,8.165079258805068,323.0,Unknown,Unknown,Unknown,,Unknown,,Catalog Only,0,0,0,the snail and the whale,julia donaldson,1001+,0
"The Son of Neptune: The Heroes of Olympus, Book 2",Rick Riordan,4.7,4.7,3478.0,8.154500175151941,888.0,"Penguin presents, this downloadable, unabridged audiobook edition of the second title in this number one, bestselling spin-off series from Percy Jackson creator, Rick Riordan. This crazy messed up world of gods and monsters is Percy Jackson's reality, which pretty much sucks for him. Percy Jackson, son of Poseidon, God of the Sea, has woken from a very deep sleep and come face to face with two snake-haired ladies who refuse to die.",Unknown,",            5 star,          ,            ,              79%,            ,",,13 hours and 28 minutes,808.0,Both,1,0,1,"the son of neptune: the heroes of olympus, book 2",rick riordan,1001+,435
The Song of Achilles,Madeline Miller,4.6,4.6,4725.0,8.460834457746854,759.0,Unknown,Unknown,Unknown,,Unknown,,Both,0,0,0,the song of achilles,madeline miller,1001+,0
The Spy and the Traitor,Ben MacIntyre,4.7,4.7,3502.0,8.161375023197486,1093.0,Unknown,Unknown,Unknown,,Unknown,,Both,0,0,0,the spy and the traitor,ben macintyre,1001+,0
"The Starch Solution: Eat the Foods You Love, Regain Your Health, and Lose the Weight for Good!",John McDougall,4.6,4.6,2199.0,7.696212639346407,938.0,Unknown,Unknown,Unknown,,Unknown,,Catalog Only,0,0,0,"the starch solution: eat the foods you love, regain your health, and lose the weight for good!",john mcdougall,1001+,0
The Starless Sea,Erin Morgenstern,4.3,4.3,2039.0,7.620705086838262,888.0,Unknown,Unknown,Unknown,,Unknown,,Catalog Only,0,0,0,the starless sea,erin morgenstern,1001+,0
"The Strange Death of Europe: Immigration, Identity, Islam",Douglas Murray,4.7,4.7,1910.0,7.555381944240273,721.0,"The Strange Death of Europe is a highly personal account of a continent and culture caught in the act of suicide. Declining birth rates, mass immigration, and cultivated self-distrust and self-hatred have come together to make Europeans unable to argue for themselves and incapable of resisting their own comprehensive alteration as a society and an eventual end.",Unknown,Unknown,,Unknown,,Both,1,0,0,"the strange death of europe: immigration, identity, islam",douglas murray,1001+,363
The Subtle Art of Not Giving a F*ck: A Counterintuitive Approach to Living a Good Life,Mark Manson,4.4,4.4,20306.0,9.918720933176717,10378.0,"In this generation-defining self-help guide, a superstar blogger cuts through the crap to show us how to stop trying to be positive all the time so that we can truly become better, happier people.",Personal Success | Personal Development & Self-Help,",#3 in Audible Audiobooks & Originals (See Top 100 in Audible Audiobooks & Originals),#3 in Personal Success,#16 in Personal Development & Self-Help",3.0,5 hours and 17 minutes,317.0,Both,1,1,1,the subtle art of not giving a f*ck: a counterintuitive approach to living a good life,mark manson,1001+,196
The Sun and Her Flowers,Rupi Kaur,4.6,4.6,5216.0,8.559677803022392,233.0,Unknown,Unknown,Unknown,,Unknown,,Both,0,0,0,the sun and her flowers,rupi kaur,1001+,0
The Sympathizer,Viet Thanh Nguyen,4.2,4.2,2441.0,7.80057265467065,721.0,Winner of the Pulitzer Prize for Fiction 2016.,Unknown,Unknown,,Unknown,,Both,1,0,0,the sympathizer,viet thanh nguyen,1001+,46
The Tales of Beedle the Bard,J.K. Rowling,4.6,4.6,3712.0,8.21959545417708,652.0,"Written by J.K. Rowling. Read by Sally Mortemore, Warwick Davis, Evanna Lynch, Jason Isaacs, Bonnie Wright, Noma Dumezweni and Jude Law.",Action & Adventure Fiction for Teens | Contemporary Fantasy | Fairy Tale Collections & Anthologies for Children,",#55 in Audible Audiobooks & Originals (See Top 100 in Audible Audiobooks & Originals),#1 in Action & Adventure Fiction for Teens,#1 in Contemporary Fantasy,#1 in Fairy Tale Collections & Anthologies for Children",55.0,1 hour and 35 minutes,95.0,Both,1,1,1,the tales of beedle the bard,j.k. rowling,1001+,136
The Tattooist of Auschwitz,Heather Morris,4.7,4.7,17578.0,9.774460286799892,1328.0,"The Tattooist of Auschwitz is based on the true story of Lale and Gita Sokolov, two Slovakian Jews who survived Auschwitz and eventually made their home in Australia. In that terrible place, Lale was given the job of tattooing the prisoners marked for survival - literally scratching numbers into his fellow victims' arms in indelible ink to create what would become one of the most potent symbols of the Holocaust. Lale used the infinitesimal freedom of movement that this position awarded him to exchange jewels and money taken from murdered Jews for food to keep others alive. If he had been caught, he would have been killed; many owed him their survival.",Jewish Literature | War & Military Fiction | Historical Fiction,",#437 in Audible Audiobooks & Originals (See Top 100 in Audible Audiobooks & Originals),#1 in Jewish Literature,#3 in War & Military Fiction,#12 in Historical Fiction (Audible Audiobooks & Originals)",437.0,7 hours and 26 minutes,446.0,Both,1,1,1,the tattooist of auschwitz,heather morris,1001+,659
The Tea Girl of Hummingbird Lane,Lisa See,4.6,4.6,2168.0,7.682021510826875,1328.0,Unknown,Unknown,Unknown,,Unknown,,Catalog Only,0,0,0,the tea girl of hummingbird lane,lisa see,1001+,0
The Tea Planter's Wife,Dinah Jefferies,4.3,4.3,1741.0,7.462789157412448,820.0,Unknown,Unknown,Unknown,,Unknown,,Both,0,0,0,the tea planter's wife,dinah jefferies,1001+,0
The Testament,John Grisham,4.6,4.6,1780.0,7.484930283289661,615.0,Unknown,Unknown,Unknown,,Unknown,,Advanced Only,0,0,0,the testament,john grisham,1001+,0
The Testaments,Margaret Atwood,4.6,4.6,10693.0,9.277438115508676,1093.0,Winner of the Booker Prize 2019 The British Book Awards Audiobook of the Year 2020,Dystopian Science Fiction | Literary Fiction | Science Fiction (Books),",#1,330 in Audible Audiobooks & Originals (See Top 100 in Audible Audiobooks & Originals),#6 in Dystopian Science Fiction,#82 in Literary Fiction,#272 in Science Fiction (Books)",1330.0,13 hours and 18 minutes,798.0,Both,1,1,1,the testaments,margaret atwood,1001+,82
The Theory of Everything: The Origin and Fate of the Universe,Stephen W. Hawking,4.6,4.6,2731.0,7.912789220690681,612.0,"Now, Hawking presents an even more comprehensive look at our universe, its creation, and how we see ourselves within it. Imagine sitting in a comfortable room listening to Hawking discuss his latest theories and place them in historical context with science's other great achievements--it would be like hearing Christopher Columbus deliver the news about the new world.",Cosmology | Physics | Earth Sciences Books,",#512 in Audible Audiobooks & Originals (See Top 100 in Audible Audiobooks & Originals),#3 in Cosmology,#5 in Physics (Audible Audiobooks & Originals),#38 in Earth Sciences Books",512.0,3 hours and 30 minutes,210.0,Both,1,1,1,the theory of everything: the origin and fate of the universe,stephen w. hawking,1001+,369
"The Third Wheel: Diary of a Wimpy Kid, Book 7",Jeff Kinney,4.6,4.6,6064.0,8.71028982137815,410.0,Brought to you by Puffin.,Unknown,",            5 star,          ,            ,              76%,            ,",,2 hours and 10 minutes,130.0,Both,1,0,1,"the third wheel: diary of a wimpy kid, book 7",jeff kinney,1001+,25
The Three-Body Problem,Cixin Liu,4.3,4.3,3476.0,8.153925132007862,793.0,"Set against the backdrop of China's Cultural Revolution, a secret military project sends signals into space to establish contact with aliens. An alien civilisation on the brink of destruction captures the signal and plans to invade Earth.",Unknown,Unknown,,Unknown,,Both,1,0,0,the three-body problem,cixin liu,1001+,238
The Tiger Who Came to Tea,Judith Kerr,4.8,4.8,3784.0,8.23880116587155,1338.0,Unknown,Unknown,Unknown,,Unknown,,Catalog Only,0,0,0,the tiger who came to tea,judith kerr,1001+,0
"The Titan's Curse: Percy Jackson, Book 3",Rick Riordan,4.7,4.7,3236.0,8.082402253926244,888.0,"The third fantasy adventure in the Percy Jackson series is now available to download, complete and unabridged, on audio.",Monster Stories for Children | Greek & Roman Fairy Tales for Children | Action & Adventure Fantasy for Children,",#1,515 in Audible Audiobooks & Originals (See Top 100 in Audible Audiobooks & Originals),#4 in Monster Stories for Children,#5 in Greek & Roman Fairy Tales for Children,#11 in Action & Adventure Fantasy for Children",1515.0,8 hours and 48 minutes,528.0,Both,1,1,1,"the titan's curse: percy jackson, book 3",rick riordan,1001+,120
The Turn of the Key,Ruth Ware,4.4,4.4,1916.0,7.558516743045645,888.0,Unknown,Unknown,Unknown,,Unknown,,Both,0,0,0,the turn of the key,ruth ware,1001+,0
"The Tyrant’s Tomb: The Trials of Apollo, Book 4",Rick Riordan,4.8,4.8,3227.0,8.07961802938984,888.0,Penguin presents the audiobook edition of The Tyrant's Tomb by Rick Riordan.,Action & Adventure Fantasy for Children | Children's Fantasy (Books) | Children's Action & Adventure,",#2,221 in Audible Audiobooks & Originals (See Top 100 in Audible Audiobooks & Originals),#17 in Action & Adventure Fantasy for Children,#1,442 in Children's Fantasy (Books),#1,656 in Children's Action & Adventure",2221.0,13 hours and 22 minutes,802.0,Both,1,1,1,"the tyrant’s tomb: the trials of apollo, book 4",rick riordan,1001+,76
"The Ugly Truth: Diary of a Wimpy Kid, Book 5",Jeff Kinney,4.7,4.7,3248.0,8.0861025356691,410.0,Unknown,Unknown,Unknown,,Unknown,,Both,0,0,0,"the ugly truth: diary of a wimpy kid, book 5",jeff kinney,1001+,0
The Undoing Project: A Friendship That Changed the World,Michael Lewis,4.3,4.3,1697.0,7.437206366871292,752.0,"Daniel Kahneman and Amos Tversky met in war-torn 1960s Israel. Both were gifted young psychology professors: Kahneman a rootless son of Holocaust survivors who saw the world as a problem to be solved, Tversky a voluble, instinctual blur of energy.",Business Decision Making & Problem Solving | Microeconomics (Books) | Economics,",#2,058 in Audible Audiobooks & Originals (See Top 100 in Audible Audiobooks & Originals),#33 in Business Decision Making & Problem Solving,#39 in Microeconomics (Books),#74 in Economics (Audible Audiobooks & Originals)",2058.0,10 hours and 17 minutes,617.0,Both,1,1,1,the undoing project: a friendship that changed the world,michael lewis,1001+,247
The Universe Has Your Back: Transform Fear into Faith,Gabrielle Bernstein,4.6,4.6,2560.0,7.848153086199526,586.0,"In her latest book, The Universe Has Your Back, New York Times best-selling author Gabrielle Bernstein teaches listeners how to transform their fear into faith in order to live a divinely guided life. Each story and lesson in the book guides listeners to release the blocks to what they most long for: happiness, security, and clear direction. The lessons help listeners relinquish the need to control so they can relax into a sense of certainty and freedom. Listeners will learn to stop chasing life and truly live. Making the shift from fear to faith will give listeners a sense of power in a world that all too often makes them feel utterly powerless. When the tragedies of the world seem overwhelming, this book will help guide them back to their true power.","Personal Success | Mind, Body & Spirit | Personal Development & Self-Help",",#1,277 in Audible Audiobooks & Originals (See Top 100 in Audible Audiobooks & Originals),#206 in Personal Success,#1,366 in Mind, Body & Spirit,#2,884 in Personal Development & Self-Help",1277.0,4 hours and 31 minutes,271.0,Both,1,1,1,the universe has your back: transform fear into faith,gabrielle bernstein,1001+,762
The Unlikely Pilgrimage of Harold Fry,Rachel Joyce,4.5,4.5,7973.0,8.983941527941301,683.0,Unknown,Unknown,Unknown,,Unknown,,Catalog Only,0,0,0,the unlikely pilgrimage of harold fry,rachel joyce,1001+,0
The Untethered Soul: The Journey Beyond Yourself,Michael A. Singer,4.7,4.7,8026.0,8.990566138131577,820.0,Spiritual teacher Michael A. Singer explores the question of human identity and shows how the development of consciousness can enable us all to dwell in the present moment and achieve happiness and self-realization.,Meditation | Psychology | Meditation (Books),",#261 in Audible Audiobooks & Originals (See Top 100 in Audible Audiobooks & Originals),#8 in Meditation (Audible Audiobooks & Originals),#20 in Psychology (Audible Audiobooks & Originals),#60 in Meditation (Books)",261.0,6 hours and 11 minutes,371.0,Both,1,1,1,the untethered soul: the journey beyond yourself,michael a. singer,1001+,215
"The Visitor: Jack Reacher, Book 4",Lee Child,4.5,4.5,5134.0,8.543835122362658,1093.0,"Random House presents the audiobook edition of The Visitor by Lee Child, read by Jeff Harding.",Vigilante Fiction | Crime Thrillers | Mysteries,",#2,534 in Audible Audiobooks & Originals (See Top 100 in Audible Audiobooks & Originals),#3 in Vigilante Fiction,#36 in Crime Thrillers,#79 in Mysteries",2534.0,14 hours and 17 minutes,857.0,Both,1,1,1,"the visitor: jack reacher, book 4",lee child,1001+,94
The War of Art,Steven Pressfield,4.5,4.5,5127.0,8.542470998600505,233.0,Think of The War of Art as tough love...for yourself.,Creativity | Personal Success | Personal Development & Self-Help,",#168 in Audible Audiobooks & Originals (See Top 100 in Audible Audiobooks & Originals),#2 in Creativity,#44 in Personal Success,#553 in Personal Development & Self-Help",168.0,2 hours and 29 minutes,149.0,Both,1,1,1,the war of art,steven pressfield,1001+,53
The War of the Worlds,H. G. Wells,4.5,4.5,2681.0,7.894318063841624,32.0,Unknown,Unknown,Unknown,,Unknown,,Catalog Only,0,0,0,the war of the worlds,h. g. wells,1001+,0
The Warmth of Other Suns: The Epic Story of America's Great Migration,Isabel Wilkerson,4.8,4.8,3504.0,8.16194579946869,1338.0,"National Book Critics Circle Award, Nonfiction, 2011",Emigration & Immigration Studies | United States Immigrant History | African American Demographic Studies,",#1,239 in Audible Audiobooks & Originals (See Top 100 in Audible Audiobooks & Originals),#1 in Emigration & Immigration Studies,#1 in United States Immigrant History,#2 in African American Demographic Studies",1239.0,22 hours and 40 minutes,1360.0,Both,1,1,1,the warmth of other suns: the epic story of america's great migration,isabel wilkerson,1001+,52
The Water Dancer,Ta-Nehisi Coates,4.6,4.6,4055.0,8.30795254527102,888.0,Unknown,Unknown,Unknown,,Unknown,,Catalog Only,0,0,0,the water dancer,ta-nehisi coates,1001+,0
The Way of the Superior Man,David Deida,4.6,4.6,2243.0,7.716015266642587,492.0,Unknown,Unknown,Unknown,,Unknown,,Both,0,0,0,the way of the superior man,david deida,1001+,0
The Whisper Man,Alex North,4.5,4.5,2284.0,7.734121303328305,683.0,Unknown,Unknown,Unknown,,Unknown,,Catalog Only,0,0,0,the whisper man,alex north,1001+,0
"The Wicked King: The Folk of the Air, Book 2",Caitlin Kelly,4.8,4.8,2133.0,7.665753431861699,1101.0,Unknown,Unknown,Unknown,,Unknown,,Catalog Only,0,0,0,"the wicked king: the folk of the air, book 2",caitlin kelly,1001+,0
The Wife Between Us,Sarah Pekkanen,4.3,4.3,4211.0,8.345692873253865,323.0,Now a New York Times top 10 best seller.,Psychological Fiction | Psychological Thrillers | Women's Fiction,",#2,124 in Audible Audiobooks & Originals (See Top 100 in Audible Audiobooks & Originals),#15 in Psychological Fiction,#33 in Psychological Thrillers,#50 in Women's Fiction",2124.0,11 hours and 13 minutes,673.0,Advanced Only,1,1,1,the wife between us,sarah pekkanen,1001+,40
The Wolf of Wall Street,Jordan Belfort,4.2,4.2,1780.0,7.484930283289661,754.0,Unknown,Unknown,Unknown,,Unknown,,Both,0,0,0,the wolf of wall street,jordan belfort,1001+,0
The Woman in Cabin 10,Ruth Ware,4.0,4.0,5077.0,8.532672762264625,752.0,Unknown,Unknown,Unknown,,Unknown,,Catalog Only,0,0,0,the woman in cabin 10,ruth ware,1001+,0
The Woman in the Window,A. J. Finn,4.3,4.3,11498.0,9.350015354048663,8735.0,What did she see?,Urban Fiction | Amateur Sleuth Mysteries | Psychological Thrillers,",#1,647 in Audible Audiobooks & Originals (See Top 100 in Audible Audiobooks & Originals),#8 in Urban Fiction,#9 in Amateur Sleuth Mysteries,#26 in Psychological Thrillers",1647.0,13 hours and 42 minutes,822.0,Advanced Only,1,1,1,the woman in the window,a. j. finn,1001+,17
The Woman in White,Wilkie Collins,4.3,4.3,2319.0,7.749322464660356,1138.0,"Published in instalments in 1859, The Woman in White is often considered to be one of the very first detective novels. Although critics weren’t impressed at the time, the novel proved to be a hit with the public and has since gone on to become one of the timeless classics of the Victorian era.",Unknown,Unknown,,Unknown,,Both,1,0,0,the woman in white,wilkie collins,1001+,294
The World's Worst Teachers,David Walliams,4.8,4.8,2310.0,7.745435610274381,5373.0,Unknown,Unknown,Unknown,,Unknown,,Catalog Only,0,0,0,the world's worst teachers,david walliams,1001+,0
Then She Was Gone,Lisa Jewell,4.5,4.5,7815.0,8.96392819372262,888.0,Brought to you by Penguin.,"Crime Thrillers | Suspense | Crime, Thriller & Mystery (Books)",",#2,434 in Audible Audiobooks & Originals (See Top 100 in Audible Audiobooks & Originals),#34 in Crime Thrillers,#84 in Suspense,#3,853 in Crime, Thriller & Mystery (Books)",2434.0,10 hours and 13 minutes,613.0,Both,1,1,1,then she was gone,lisa jewell,1001+,26
Think and Grow Rich,Napoleon Hill,4.45,4.45,22448.0,10.019001348748468,166.0,Unknown,Economics | Business Motivation & Self-Improvement | Economics Books,",#38 in Audible Audiobooks & Originals (See Top 100 in Audible Audiobooks & Originals),#1 in Economics (Audible Audiobooks & Originals),#2 in Business Motivation & Self-Improvement,#10 in Economics Books",38.0,10 hours and 15 minutes,615.0,Both,0,1,1,think and grow rich,napoleon hill,1001+,0
"Thinking, Fast and Slow",Daniel Kahneman,4.4,4.4,9865.0,9.196849781793684,1093.0,Brought to you by Penguin.,Business Decision Making & Problem Solving | Psychology | Personal Success,",#13 in Audible Audiobooks & Originals (See Top 100 in Audible Audiobooks & Originals),#1 in Business Decision Making & Problem Solving,#3 in Psychology (Audible Audiobooks & Originals),#8 in Personal Success",13.0,20 hours and 1 minute,1201.0,Both,1,1,1,"thinking, fast and slow",daniel kahneman,1001+,26
Thirteen Reasons Why,Debra Wiseman,4.3,4.3,5896.0,8.682199026000504,879.0,Unknown,Unknown,Unknown,,Unknown,,Catalog Only,0,0,0,thirteen reasons why,debra wiseman,1001+,0
This Is Going to Hurt: Secret Diaries of a Junior Doctor,Adam Kay,4.7,4.7,13811.0,9.533293058509884,323.0,Unknown,Unknown,Unknown,,Unknown,,Catalog Only,0,0,0,this is going to hurt: secret diaries of a junior doctor,adam kay,1001+,0
"This Was a Man: The Clifton Chronicles, Book 7",Jeffrey Archer,4.3,4.3,4612.0,8.43663368355782,323.0,"Pulling together all the threads that he weaved so expertly throughout the previous six stories, this is the last portion of Jeffrey Archer's enthralling series about the lives and loves of the Clifton family.",Fiction Sagas | Family Life Fiction | Historical Fiction,",#1,617 in Audible Audiobooks & Originals (See Top 100 in Audible Audiobooks & Originals),#14 in Fiction Sagas,#19 in Family Life Fiction,#48 in Historical Fiction (Audible Audiobooks & Originals)",1617.0,12 hours and 47 minutes,767.0,Advanced Only,1,1,1,"this was a man: the clifton chronicles, book 7",jeffrey archer,1001+,209
Thrawn (Star Wars),Timothy Zahn,4.7,4.7,2328.0,7.753194269884341,1256.0,"In this definitive novel, listeners will follow Thrawn's rise to power - uncovering the events that created one of the most iconic villains in Star Wars history.",Space Opera Science Fiction | Adventure Science Fiction | Science Fiction (Books),",#3,594 in Audible Audiobooks & Originals (See Top 100 in Audible Audiobooks & Originals),#18 in Space Opera Science Fiction,#23 in Adventure Science Fiction,#994 in Science Fiction (Books)",3594.0,16 hours and 56 minutes,1016.0,Both,1,1,1,thrawn (star wars),timothy zahn,1001+,161
Threat Vector,Tom Clancy,4.5,4.5,3062.0,8.027150106832774,1005.0,Unknown,Unknown,Unknown,,Unknown,,Both,0,0,0,threat vector,tom clancy,1001+,0
Throne of Glass: A Throne of Glass Novel,Sarah J. Maas,4.6,4.6,5405.0,8.595264726836392,1003.0,Unknown,Unknown,Unknown,,Unknown,,Catalog Only,0,0,0,throne of glass: a throne of glass novel,sarah j. maas,1001+,0
Tiddler,Julia Donaldson,4.8,4.8,1624.0,7.393263094763838,190.0,Unknown,Unknown,Unknown,,Unknown,,Both,0,0,0,tiddler,julia donaldson,1001+,0
Time Management (Hindi Edition),Sudhir Dixit,4.4,4.4,1625.0,7.3938782901077555,233.0,Unknown,Unknown,Unknown,,Unknown,,Both,0,0,0,time management (hindi edition),sudhir dixit,1001+,0
Tiny Beautiful Things: Advice on Love and Life from Dear Sugar,Cheryl Strayed,4.7,4.7,1840.0,7.518064181233078,569.0,"Life can be hard: your lover cheats on you; you lose a family member; you can’t pay the bills. And it can be great: you’ve had the hottest sex of your life; you get that plum job; you muster the courage to write your novel. Sugar - the once-anonymous online columnist at The Rumpus, now revealed as Cheryl Strayed, author of the best-selling memoir Wild - is the person thousands turn to for advice. Tiny Beautiful Things gathers the best of ""Dear Sugar"" in one place and includes never-before-published columns and a new introduction by Steve Almond. Rich with humor, insight, compassion - and absolute honesty - this book is a balm for everything life throws our way.",Relationships | Personal Development | Family & Relationships,",#2,040 in Audible Audiobooks & Originals (See Top 100 in Audible Audiobooks & Originals),#63 in Relationships,#430 in Personal Development,#896 in Family & Relationships",2040.0,9 hours and 41 minutes,581.0,Both,1,1,1,tiny beautiful things: advice on love and life from dear sugar,cheryl strayed,1001+,669
To All the Boys I've Loved Before,Jenny Han,4.6,4.6,2522.0,7.833203948641057,820.0,To All the Boys I’ve Loved Before is now a major motion picture streaming on Netflix!,"Movie, TV & Video Game Tie-ins for Teens | Fiction on Dating & Sex for Teens | Fiction on Girls for Children",",#2,046 in Audible Audiobooks & Originals (See Top 100 in Audible Audiobooks & Originals),#1 in Movie, TV & Video Game Tie-ins for Teens,#1 in Fiction on Dating & Sex for Teens,#4 in Fiction on Girls for Children",2046.0,8 hours and 44 minutes,524.0,Both,1,1,1,to all the boys i've loved before,jenny han,1001+,85
To Kill a Mockingbird,Harper Lee,4.5,4.5,20053.0,9.90618391408387,888.0,Brought to you by Penguin.,Unknown,Unknown,,Unknown,,Both,1,0,0,to kill a mockingbird,harper lee,1001+,26
"Tools of Titans: The Tactics, Routines, and Habits of Billionaires, Icons, and World-Class Performers",Tim Ferriss,4.4,4.4,3692.0,8.214194414852564,1506.0,"The latest groundbreaking tome from Tim Ferriss, the number-one New York Times best-selling author of The 4-Hour Workweek.",Developmental Psychology | Business Motivation & Self-Improvement | Personal Success,",#102 in Audible Audiobooks & Originals (See Top 100 in Audible Audiobooks & Originals),#1 in Developmental Psychology (Audible Audiobooks & Originals),#8 in Business Motivation & Self-Improvement,#26 in Personal Success",102.0,22 hours and 41 minutes,1361.0,Both,1,1,1,"tools of titans: the tactics, routines, and habits of billionaires, icons, and world-class performers",tim ferriss,1001+,122
Tower of Dawn: A Throne of Glass Novel,Sarah J. Maas,4.8,4.8,2937.0,7.9854843567338225,1170.0,"In the next installment of the New York Times best-selling Throne of Glass series, follow Chaol on his sweeping journey to a distant empire.",Unknown,Unknown,,Unknown,,Advanced Only,1,0,0,tower of dawn: a throne of glass novel,sarah j. maas,1001+,140
Treasure Island,Robert Louis Stevenson,4.3,4.3,3193.0,8.069029328774958,32.0,Unknown,Unknown,Unknown,,Unknown,,Catalog Only,0,0,0,treasure island,robert louis stevenson,1001+,0
"Tripwire: Jack Reacher, Book 3",Lee Child,4.5,4.5,5833.0,8.671458150427666,1093.0,Brought to you by Penguin.,Crime Thrillers | Suspense | Mysteries,",#938 in Audible Audiobooks & Originals (See Top 100 in Audible Audiobooks & Originals),#15 in Crime Thrillers,#19 in Suspense,#30 in Mysteries",938.0,15 hours and 46 minutes,946.0,Both,1,1,1,"tripwire: jack reacher, book 3",lee child,1001+,26
Trump: The Art of the Deal,Donald J. Trump,4.6,4.6,4893.0,8.495765244002618,1005.0,President-elect Donald J. Trump lays out his professional and personal worldview in this classic work—a firsthand account of the rise of America's foremost deal-maker.,Negotiating | Biographies of Celebrities & Entertainment Professionals | Biographies of Business Leaders,",#3,631 in Audible Audiobooks & Originals (See Top 100 in Audible Audiobooks & Originals),#11 in Negotiating,#34 in Biographies of Celebrities & Entertainment Professionals,#53 in Biographies of Business Leaders",3631.0,9 hours and 59 minutes,599.0,Advanced Only,1,1,1,trump: the art of the deal,donald j. trump,1001+,167
"Trunk Music: Harry Bosch Series, Book 5",Michael Connelly,4.7,4.7,2000.0,7.601402334583733,913.0,"But the LAPD's organized crime unit is curiously uninterested, and when Harry follows a trail of gambling debts to Las Vegas, the case suddenly becomes more complex - and much more personal. A rekindled romance with an old girlfriend opens new perspectives on the murder, and he begins to glimpse a shocking triangle of corruption and collusion. Yanked off the case, Harry himself is soon the one being investigated. But only a bullet can stop Harry when he's searching for the truth.",Legal Thrillers | Police Procedural Mysteries | Crime Thrillers,",#4,680 in Audible Audiobooks & Originals (See Top 100 in Audible Audiobooks & Originals),#11 in Legal Thrillers,#19 in Police Procedural Mysteries,#74 in Crime Thrillers",4680.0,12 hours and 41 minutes,761.0,Both,1,1,1,"trunk music: harry bosch series, book 5",michael connelly,1001+,484
Turn the Ship Around!: A True Story of Turning Followers into Leaders,L. David Marquet,4.7,4.7,1676.0,7.424761761823209,656.0,Unknown,Unknown,Unknown,,Unknown,,Catalog Only,0,0,0,turn the ship around!: a true story of turning followers into leaders,l. david marquet,1001+,0
Turtles All the Way Down,John Green,4.4,4.4,3550.0,8.174984532943087,683.0,"Penguin presents the audiobook edition of Turtles All the Way Down by John Green, read by Kate Rudd.",Fiction on Friendship for Teens | Literary Fiction for Teens | Fiction on Mental Illness for Teens,",#1,051 in Audible Audiobooks & Originals (See Top 100 in Audible Audiobooks & Originals),#1 in Fiction on Friendship for Teens,#1 in Literary Fiction for Teens,#1 in Fiction on Mental Illness for Teens",1051.0,7 hours and 11 minutes,431.0,Both,1,1,1,turtles all the way down,john green,1001+,100
Uncle Tom's Cabin (AmazonClassics Edition),Harriet Beecher Stowe,4.5,4.5,2404.0,7.785305182539862,1003.0,"When a Kentucky farmer is forced to sell two slaves to a plantation owner, it becomes a turning point in the lives of both slaves. For Eliza, it's one of escape - a harrowing flight north with her young son. For Uncle Tom, sent down the Mississippi River, it's a more certain fate, as he struggles to survive against the brutal exploitation of his traders.",Classic Literature | Literary Fiction | Classic Fiction (Books),",#1,242 in Audible Audiobooks & Originals (See Top 100 in Audible Audiobooks & Originals),#60 in Classic Literature,#72 in Literary Fiction,#1,301 in Classic Fiction (Books)",1242.0,18 hours and 29 minutes,1109.0,Both,1,1,1,uncle tom's cabin (amazonclassics edition),harriet beecher stowe,1001+,356
"Unlimited Memory: How to Use Advanced Learning Strategies to Learn Faster, Remember More and be More Productive",Kevin Horsley,4.6,4.6,1959.0,7.580699752224563,233.0,Kevin Horsley broke a world memory record in 2013....,Earth Sciences Books | Family & Relationships | Healthy Living & Wellness,",#26 in Earth Sciences Books,#136 in Family & Relationships,#194 in Healthy Living & Wellness",,2 hours and 28 minutes,148.0,Both,1,1,1,"unlimited memory: how to use advanced learning strategies to learn faster, remember more and be more productive",kevin horsley,1001+,53
"Untamed: Stop Pleasing, Start Living",Glennon Doyle,4.7,4.7,5360.0,8.586905803827538,888.0,Brought to you by Penguin.,Women Biographies | Personal Success | Biographies & Autobiographies (Books),",#143 in Audible Audiobooks & Originals (See Top 100 in Audible Audiobooks & Originals),#3 in Women Biographies,#37 in Personal Success,#188 in Biographies & Autobiographies (Books)",143.0,8 hours and 22 minutes,502.0,Both,1,1,1,"untamed: stop pleasing, start living",glennon doyle,1001+,26
Uprooted,Naomi Novik,4.6,4.6,2804.0,7.9391588179567965,323.0,A dark enchantment blights the land.,"Fantasy Romance | Fairy Tale Fantasy | Myths, Legends & Sagas",",#3,264 in Audible Audiobooks & Originals (See Top 100 in Audible Audiobooks & Originals),#9 in Fantasy Romance,#19 in Fairy Tale Fantasy,#867 in Myths, Legends & Sagas",3264.0,17 hours and 20 minutes,1040.0,Both,1,1,1,uprooted,naomi novik,1001+,36
Verity,Colleen Hoover,4.6,4.6,5558.0,8.62317351495347,668.0,"A number-one best seller in several categories with over 14,000 five-star ratings on Goodreads.","Romantic Suspense | Suspense | Crime, Thriller & Mystery (Books)",",#3,494 in Audible Audiobooks & Originals (See Top 100 in Audible Audiobooks & Originals),#25 in Romantic Suspense (Audible Audiobooks & Originals),#119 in Suspense,#5,955 in Crime, Thriller & Mystery (Books)",3494.0,8 hours and 10 minutes,490.0,Both,1,1,1,verity,colleen hoover,1001+,95
"Voyager: Outlander, Book 3",Diana Gabaldon,4.8,4.8,9486.0,9.157677719392876,1407.0,Unknown,Unknown,Unknown,,Unknown,,Catalog Only,0,0,0,"voyager: outlander, book 3",diana gabaldon,1001+,0
Walden: Life in the Woods,Henry David Thoreau,4.3,4.3,1914.0,7.557472901614746,836.0,Unknown,Unknown,Unknown,,Unknown,,Catalog Only,0,0,0,walden: life in the woods,henry david thoreau,1001+,0
War and Peace (AmazonClassics Edition),Leo Tolstoy,4.3,4.3,2046.0,7.624130585661289,1055.0,"In early nineteenth-century Russia, the threat of Napoleon’s invasion looms, and the lives of millions are about to be changed forever. This includes Pierre Bezúkhov, illegitimate son of an aristocrat; Andrew Bolkónski, ambitious military scion; and Natásha Rostóva, compassionate daughter of a nobleman. All of them are unprepared for what lies ahead. Alongside their fellow compatriots - a catalog of enduring literary characters - Pierre, Andrew, and Natásha will be irrevocably torn between fate and free will.",War & Military Fiction | Classic Literature | Classic Fiction (Books),",#2,206 in Audible Audiobooks & Originals (See Top 100 in Audible Audiobooks & Originals),#17 in War & Military Fiction,#111 in Classic Literature,#2,182 in Classic Fiction (Books)",2206.0,55 hours and 36 minutes,3336.0,Advanced Only,1,1,1,war and peace (amazonclassics edition),leo tolstoy,1001+,514
"We Are Legion (We Are Bob): Bobiverse, Book 1",Dennis E. Taylor,4.6,4.6,1671.0,7.421775793644647,668.0,"There's a reason We Are Legion, We Are Bob was named Audible's Best Science Fiction Book of 2016: its irresistibly irreverent wit! Bob Johansson has just sold his software company for a small fortune and is looking forward to a life of leisure. The first item on his to-do list: spending his newfound windfall. On an urge to splurge, he signs up to have his head cryogenically preserved in case of death. Then he gets himself killed crossing the street. Waking up 117 years later, Bob discovers his mind has been uploaded into a sentient space probe with the ability to replicate itself. Bob and his clones are on a mission to find new homes for humanity and boldly go where no Bob has gone before.",First Contact Science Fiction | Hard Science Fiction | Science Fiction (Books),",#2,464 in Audible Audiobooks & Originals (See Top 100 in Audible Audiobooks & Originals),#3 in First Contact Science Fiction,#5 in Hard Science Fiction,#599 in Science Fiction (Books)",2464.0,9 hours and 56 minutes,596.0,Both,1,1,1,"we are legion (we are bob): bobiverse, book 1",dennis e. taylor,1001+,698
We're Pregnant!: The First Time Dad's Pregnancy Handbook: Everything You Need to Know for Your Partner & Baby,Adrian Kulp,4.7,4.7,1924.0,7.562681246721884,501.0,Unknown,Unknown,Unknown,,Unknown,,Both,0,0,0,we're pregnant!: the first time dad's pregnancy handbook: everything you need to know for your partner & baby,adrian kulp,1001+,0
What Every BODY Is Saying: An Ex-FBI Agent’s Guide to Speed-Reading People,Joe Navarro,4.5,4.5,3401.0,8.132118772955806,10378.0,He says that's his best offer. Is it?,Business Sales | Communication & Social Skills | Business Careers,",#165 in Audible Audiobooks & Originals (See Top 100 in Audible Audiobooks & Originals),#1 in Business Sales,#3 in Communication & Social Skills,#3 in Business Careers",165.0,7 hours and 19 minutes,439.0,Both,1,1,1,what every body is saying: an ex-fbi agent’s guide to speed-reading people,joe navarro,1001+,37
What I Know for Sure,Oprah Winfrey,4.7,4.7,2169.0,7.682482446534506,323.0,"The inspirational wisdom of Oprah Winfrey, collected for the first time in a beautiful book. After film critic Gene Siskel asked her, 'What do you know for sure?' Oprah Winfrey began writing the 'What I Know For Sure' column in O, The Oprah Magazine. Saying that the question offered her a way to take 'stock of her life', Oprah has penned one column a month over the last 14 years, years in which she retired The Oprah Winfrey Show (the highest-rated program of its kind in history), launched her own television network, became America's only black billionaire, was awarded an honorary degree from Harvard University and the Presidential Medal of Freedom, watched friends and colleagues come and go, lost beloved pets and adopted new ones, and celebrated milestone birthdays. Throughout it all, she's continued to offer her profound and inspiring words of wisdom in her 'What I Know For Sure' column in O, The Oprah Magazine. Now, for the first time, these thoughtful gems have been revised, updated, and collected in What I Know For Sure, a beautiful book packed with insight and revelation from Oprah Winfrey. Organized by theme - joy, resilience, connection, gratitude, possibility, awe, clarity, and power - these essays offer a rare and powerful glimpse into the mind of one of the world's most extraordinary women. Candid, moving, exhilarating, uplifting, and dynamic, the words Oprah shares in What I Know For Sure shimmer with the sort of wisdom and truth that listeners will turn to again and again.",Self-Esteem | Literary Essays | Personal Success,",#1,993 in Audible Audiobooks & Originals (See Top 100 in Audible Audiobooks & Originals),#23 in Self-Esteem,#27 in Literary Essays,#293 in Personal Success",1993.0,3 hours and 53 minutes,233.0,Both,1,1,1,what i know for sure,oprah winfrey,1001+,1509
What to Expect the First Year,Heidi Murkoff,4.7,4.7,2986.0,8.00202481821611,1673.0,"Some things about babies, happily, will never change. They still arrive warm, cuddly, soft, and smelling impossibly sweet. But how moms and dads care for their brand new bundles of baby joy has changed—and now, so has the world’s best-selling, best-loved guide to the instructions babies don’t come with…but totally should. In audio, and only on Audible, for the first time ever, What to Expect in the First Year is brought to life by the engaging, comforting narration of author Heidi Murkoff. Accompanied by a full cast of audio talent, Heidi enlivens the empathetic, reality-based advice, practical tips, and reassuring support that makes First Year the definitive, must-have baby bible. Best of all, she’s there for you anywhere, anytime—talking you (and cheering you on) through those long nights and sometimes longer days, through crying jags, gas, and blowout diapers, nap strikes, breastfeeding struggles, stuffy noses, teething, and so much more.",Parenting Infants & Toddlers | Relationships | Family & Relationships,",#409 in Audible Audiobooks & Originals (See Top 100 in Audible Audiobooks & Originals),#2 in Parenting Infants & Toddlers,#12 in Relationships,#162 in Family & Relationships",409.0,36 hours and 47 minutes,2207.0,Both,1,1,1,what to expect the first year,heidi murkoff,1001+,955
What to Expect When You’re Expecting,Heidi Murkoff,4.6,4.6,5253.0,8.566744970245486,1673.0,"It’s all here. Everything you need to know--and can’t wait to find out—about your amazing nine months, from conception to birth and beyond in the world’s best-selling and best-loved pregnancy guide: Heidi Murkoff’s What to Expect When You’re Expecting. And now, only from Audible, you’ll hear it in the reassuring, relatable voice expectant parents turn to for the must-have advice and information they crave and trust.",Pregnancy & Childbirth | Parenting Infants & Toddlers | Relationships,",#730 in Audible Audiobooks & Originals (See Top 100 in Audible Audiobooks & Originals),#3 in Pregnancy & Childbirth,#6 in Parenting Infants & Toddlers,#30 in Relationships",730.0,32 hours and 43 minutes,1963.0,Both,1,1,1,what to expect when you’re expecting,heidi murkoff,1001+,419
"Wheat Belly: Lose the Wheat, Lose the Weight, and Find Your Path Back to Health",William Davis MD,4.4,4.4,6555.0,8.78813593986372,702.0,Unknown,Unknown,Unknown,,Unknown,,Catalog Only,0,0,0,"wheat belly: lose the wheat, lose the weight, and find your path back to health",william davis md,1001+,0
When Breath Becomes Air,Paul Kalanithi,4.6,4.6,11526.0,9.352447388601012,615.0,"Tackling the agonizing transition from skilled surgeon to bewildered patient, When Breath Becomes Air is an unflinching account of what it means to be betrayed by the body you devoted your life to understanding.",Sociology of Death & Dying | Grief & Loss | Cancer,",#123 in Audible Audiobooks & Originals (See Top 100 in Audible Audiobooks & Originals),#1 in Sociology of Death & Dying,#1 in Grief & Loss,#1 in Cancer",123.0,5 hours and 35 minutes,335.0,Both,1,1,1,when breath becomes air,paul kalanithi,1001+,211
When Things Fall Apart: Heart Advice for Difficult Times,Pema Chödrön,4.7,4.7,2116.0,7.6577552711348655,754.0,Unknown,Tibetan Buddhism | Eastern Philosophy | Meditation,",#2,643 in Audible Audiobooks & Originals (See Top 100 in Audible Audiobooks & Originals),#6 in Tibetan Buddhism,#29 in Eastern Philosophy,#68 in Meditation (Audible Audiobooks & Originals)",2643.0,5 hours and 44 minutes,344.0,Both,0,1,1,when things fall apart: heart advice for difficult times,pema chödrön,1001+,0
Where the Forest Meets the Stars,Glendy Vanderah,4.6,4.6,7180.0,8.879193928110318,837.0,Unknown,Unknown,Unknown,,Unknown,,Both,0,0,0,where the forest meets the stars,glendy vanderah,1001+,0
White Fragility: Why It's So Hard for White People to Talk About Racism,Robin DiAngelo,4.5,4.5,4942.0,8.505727713306959,683.0,Penguin presents the audiobook edition of White Fragility by Robin DiAngelo.,Racism & Discrimination Studies | Society & Culture (Books),",#4,290 in Audible Audiobooks & Originals (See Top 100 in Audible Audiobooks & Originals),#10 in Racism & Discrimination Studies,#3,168 in Society & Culture (Books)",4290.0,6 hours and 20 minutes,380.0,Both,1,1,1,white fragility: why it's so hard for white people to talk about racism,robin diangelo,1001+,76
Who Moved My Cheese?,Tony Roberts,4.6,4.6,5925.0,8.68710472813351,615.0,"Random House presents the audiobook edition of Who Moved My Cheese? by Spencer Johnson, read by Tony Roberts and Karen Ziemba, with an introduction read by Kenneth Blanchard.",Workplace Culture | Personal Success | Analysis & Strategy,",#254 in Audible Audiobooks & Originals (See Top 100 in Audible Audiobooks & Originals),#3 in Workplace Culture,#53 in Personal Success,#450 in Analysis & Strategy",254.0,1 hour and 39 minutes,99.0,Both,1,1,1,who moved my cheese?,tony roberts,1001+,174
Who Will Cry When You Die?,Robin Sharma,4.5,4.5,5420.0,8.598035579260339,469.0,"""When you were born, you cried while the world rejoiced. Live your life in such a way that when you die, the world cries while you rejoice."" (Ancient Sanskrit saying)",Unknown,Unknown,,Unknown,,Both,1,0,0,who will cry when you die?,robin sharma,1001+,166
Why I'm No Longer Talking to White People About Race,Reni Eddo-Lodge,4.7,4.7,3069.0,8.029432840581244,569.0,"""I couldn't have a conversation with white folks about the details of a problem if they didn't want to recognise that the problem exists. Worse still was the white person who might be willing to entertain the possibility of said racism but still thinks we enter this conversation as equals. We didn't then, and we don't now.""",Civil Rights & Liberties | Racism & Discrimination Studies | Journalism Books,",#3,933 in Audible Audiobooks & Originals (See Top 100 in Audible Audiobooks & Originals),#4 in Civil Rights & Liberties,#7 in Racism & Discrimination Studies,#121 in Journalism Books",3933.0,5 hours and 53 minutes,353.0,Both,1,1,1,why i'm no longer talking to white people about race,reni eddo-lodge,1001+,325
Why Not Me?,Mindy Kaling,4.6,4.6,1666.0,7.418780882750794,615.0,"Mindy Kaling has found herself at a turning point. So in Why Not Me?, she shares her ongoing journey to find fulfilment and adventure in her adult life, be it falling in love at work, seeking new friendships in unlikely places, or attempting to be the first person in history to lose weight without any behaviour modification whatsoever.",Biographies & Autobiographies (Books),",#5,115 in Biographies & Autobiographies (Books)",,4 hours and 57 minutes,297.0,Both,1,1,1,why not me?,mindy kaling,1001+,337
Why We Sleep: The New Science of Sleep and Dreams,Matthew Walker,4.6,4.6,5105.0,8.53817159780143,888.0,Unknown,Unknown,Unknown,,Unknown,,Catalog Only,0,0,0,why we sleep: the new science of sleep and dreams,matthew walker,1001+,0
"Wicca Book of Spells: A Book of Shadows for Wiccans, Witches, and Other Practitioners of Magic",Lisa Chamberlain,4.6,4.6,2210.0,7.701200180857446,233.0,Unknown,Unknown,Unknown,,Unknown,,Catalog Only,0,0,0,"wicca book of spells: a book of shadows for wiccans, witches, and other practitioners of magic",lisa chamberlain,1001+,0
Wild,Cheryl Strayed,4.4,4.4,13808.0,9.533075832485352,748.0,"A powerful, blazingly honest memoir: the story of an 1100-mile solo hike that broke down a young woman reeling from catastrophe and built her back up again. At 22, Cheryl Strayed thought she had lost everything. After her mother's death, her family scattered and her own marriage was destroyed. Four years later, with nothing more to lose, she decided to hike the Pacific Crest Trail from the Mojave Desert through California and Oregon to Washington State - alone. She had no experience as a long-distance hiker, and the trail was little more than an idea: vague, outlandish, and full of promise. But it was a promise of piecing together a life that had come undone. Strayed faces rattlesnakes and bears, intense heat and record snowfalls, and both the beauty and intense loneliness of the trail.",Grief & Loss | Travel & Tourism | Women Biographies,",#3,496 in Audible Audiobooks & Originals (See Top 100 in Audible Audiobooks & Originals),#7 in Grief & Loss,#17 in Travel & Tourism (Audible Audiobooks & Originals),#22 in Women Biographies",3496.0,12 hours and 59 minutes,779.0,Both,1,1,1,wild,cheryl strayed,1001+,797
Will I Ever Be Good Enough?: Healing the Daughters of Narcissistic Mothers,Karyl McBride,4.7,4.7,1845.0,7.520776415062797,820.0,Unknown,Unknown,Unknown,,Unknown,,Catalog Only,0,0,0,will i ever be good enough?: healing the daughters of narcissistic mothers,karyl mcbride,1001+,0
Winter of the World,Ken Follett,4.5,4.5,9634.0,9.173157580848466,323.0,"Five linked families live out their destinies as the world is shaken by tyranny and war in the mid-20th century. Berlin in 1933 is in upheaval. Eleven-year-old Carla von Ulrich struggles to understand the tensions disrupting her family as Hitler strengthens his grip on Germany. Into this turmoil step her mother’s formidable friend and former British MP, Ethel Leckwith, and her student son, Lloyd, who soon learns for himself the brutal reality of Nazism.",Historical Fiction | Historical Fiction (Books),",#1,992 in Audible Audiobooks & Originals (See Top 100 in Audible Audiobooks & Originals),#69 in Historical Fiction (Audible Audiobooks & Originals),#1,157 in Historical Fiction (Books)",1992.0,31 hours and 43 minutes,1903.0,Both,1,1,1,winter of the world,ken follett,1001+,457
"Winter: The Lunar Chronicles, Book 4",Marissa Meyer,4.8,4.8,1973.0,7.587817219993427,1328.0,Unknown,Unknown,Unknown,,Unknown,,Both,0,0,0,"winter: the lunar chronicles, book 4",marissa meyer,1001+,0
Without Fail: Jack Reacher 6,Lee Child,4.5,4.5,4078.0,8.313607139317558,1093.0,Unknown,Unknown,Unknown,,Unknown,,Catalog Only,0,0,0,without fail: jack reacher 6,lee child,1001+,0
"Wizard's First Rule: Sword of Truth, Book 1",Terry Goodkind,4.5,4.5,1883.0,7.541152455136308,1005.0,Unknown,Unknown,Unknown,,Unknown,,Advanced Only,0,0,0,"wizard's first rule: sword of truth, book 1",terry goodkind,1001+,0
Women Who Run with the Wolves: Myths and Stories of the Wild Woman Archetype,Clarissa Pinkola Estes,4.6,4.6,3661.0,8.205764725234456,585.0,"Drawing from her work as a psychoanalyst and cantadora (keeper of old stories), Dr. Estes uses myths and folktales to illustrate how societies systematically strip away the feminine spirit. Through an exploration into the nature of the wild woman archetype, Dr. Estes helps listeners rediscover and free their own wild nature.",Unknown,Unknown,,Unknown,,Both,1,0,0,women who run with the wolves: myths and stories of the wild woman archetype,clarissa pinkola estes,1001+,326
Wonder,R J Palacio,4.7,4.7,17041.0,9.7434361643879,888.0,"Soon to be a major film starring Julia Roberts, Owen Wilson and Jacob Tremblay.",Children's Literature & Fiction (Books),",#3,288 in Children's Literature & Fiction (Books)",,8 hours and 5 minutes,485.0,Both,1,1,1,wonder,r j palacio,1001+,79
World War Z,Max Brooks,4.4,4.4,6091.0,8.714731714015052,721.0,"Visceral, disturbing and chilling in its realism, World War Z is perhaps the most famous work from the world's foremost expert on our undead counterparts. Paired with the equally gripping The Zombie Survival Guide, there is no better preparation for the inevitable uprising.",Post-Apocalyptic Science Fiction | Horror Fiction | Horror (Books),",#2,050 in Audible Audiobooks & Originals (See Top 100 in Audible Audiobooks & Originals),#4 in Post-Apocalyptic Science Fiction,#16 in Horror Fiction,#275 in Horror (Books)",2050.0,13 hours and 56 minutes,836.0,Both,1,1,1,world war z,max brooks,1001+,274
"World Without End: The Kingsbridge Novels, Book 2",Ken Follett,4.6,4.6,4831.0,8.48301573961465,323.0,Unknown,Unknown,Unknown,,Unknown,,Catalog Only,0,0,0,"world without end: the kingsbridge novels, book 2",ken follett,1001+,0
"Wrecking Ball: Diary of a Wimpy Kid, Book 14",Jeff Kinney,4.7,4.7,9033.0,9.108750516214547,410.0,Brought to you by Penguin.,Humorous Fiction for Children | Family Life Fiction for Children | Audiobooks on Family Life for Children,",#534 in Audible Audiobooks & Originals (See Top 100 in Audible Audiobooks & Originals),#2 in Humorous Fiction for Children,#9 in Family Life Fiction for Children,#9 in Audiobooks on Family Life for Children",534.0,2 hours and 8 minutes,128.0,Both,1,1,1,"wrecking ball: diary of a wimpy kid, book 14",jeff kinney,1001+,26
Wuthering Heights,Emily Bronte,4.4,4.4,5616.0,8.633552992532433,836.0,Unknown,Unknown,Unknown,,Unknown,,Catalog Only,0,0,0,wuthering heights,emily bronte,1001+,0
Yes Please,Amy Poehler,4.3,4.3,3158.0,8.058010800802085,323.0,Unknown,Unknown,Unknown,,Unknown,,Both,0,0,0,yes please,amy poehler,1001+,0
You Are the Best Wife: A true love story,Ajay K Pandey,4.6,4.6,4801.0,8.4767877767812,668.0,Unknown,Unknown,Unknown,,Unknown,,Both,0,0,0,you are the best wife: a true love story,ajay k pandey,1001+,0
You Are the Placebo: Making Your Mind Matter,Dr. Joe Dispenza,4.7,4.7,2110.0,7.65491704784832,836.0,Unknown,Unknown,Unknown,,Unknown,,Both,0,0,0,you are the placebo: making your mind matter,dr. joe dispenza,1001+,0
"You Can Heal Your Life (Unabridged, Adapted for Audio)",Louise L. Hay,4.6,4.6,1866.0,7.532088143541722,586.0,Louise shows you that by changing your thinking...you really can heal your life!,Ageing Health | Personal Development | Family & Relationships,",#170 in Audible Audiobooks & Originals (See Top 100 in Audible Audiobooks & Originals),#2 in Ageing Health,#54 in Personal Development,#78 in Family & Relationships",170.0,4 hours and 59 minutes,299.0,Both,1,1,1,"you can heal your life (unabridged, adapted for audio)",louise l. hay,1001+,80
You Can Win,Shiv Khera,4.6,4.6,1617.0,7.388946097618437,569.0,Unknown,Unknown,Unknown,,Unknown,,Catalog Only,0,0,0,you can win,shiv khera,1001+,0
Zak George’s Dog Training Revolution: The Complete Guide to Raising the Perfect Pet with Love,Zak George,4.6,4.6,2394.0,7.781138509845015,820.0,"Celebrity dog trainer, YouTube sensation, and Animal Planet star Zak George presents a next-generation guide that uses his infectiously energetic style to teach dog-lovers everything they need to know about raising and training their unique pup.",Dogs & Dog Care | Pets & Animal Care (Books),",#826 in Audible Audiobooks & Originals (See Top 100 in Audible Audiobooks & Originals),#1 in Dogs & Dog Care,#9 in Pets & Animal Care (Books)",826.0,6 hours and 44 minutes,404.0,Both,1,1,1,zak george’s dog training revolution: the complete guide to raising the perfect pet with love,zak george,1001+,245
"Zero Day: John Puller, Book 1",David Baldacci,4.4,4.4,4936.0,8.504513138258863,323.0,"John Puller is a former war hero and now the best military investigator in the U.S. Army’s Criminal Investigative Division. He is a loner with few possessions by preference, but he has an indomitable spirit and an unstoppable determination for finding the truth. His father was the most decorated U.S. Marine in history, but now resides in a nursing home far from his battlefield glory. Puller’s older brother, also a military vet, is serving a life sentence in Leavenworth Penitentiary. Puller is called out to a remote, rural area far from any military outpost to investigate into the brutal murder of a family in their home. The dead husband was in the army and the wife worked for a Pentagon contractor. The local homicide detective, a woman with personal demons of her own, clashes with Puller over the investigation. What neither of them knows is what is waiting for them across the street from the murdered family’s home. It is something that will turn an already complicated case on its head. As Puller digs through deception after red herring, he realizes that absolutely nothing, and nobody, he’s so far seen in this small town, are what they seem. He is truly one man against an overwhelming force.",International Mystery & Crime | War & Military Fiction | Suspense,",#1,971 in Audible Audiobooks & Originals (See Top 100 in Audible Audiobooks & Originals),#11 in International Mystery & Crime,#15 in War & Military Fiction,#67 in Suspense",1971.0,13 hours and 7 minutes,787.0,Both,1,1,1,"zero day: john puller, book 1",david baldacci,1001+,1209
Zero to One,Peter Thiel,4.4,4.4,5331.0,8.5814816812986,615.0,"What valuable company is nobody building? The next Bill Gates will not build an operating system. The next Larry Page or Sergey Brin won't make a search engine. If you are copying these guys, you aren't learning from them. It's easier to copy a model than to make something new: doing what we already know how to do takes the world from 1 to 10, adding more of something familiar.",Business Management | Entrepreneurship | Organisational Behaviour,",#25 in Audible Audiobooks & Originals (See Top 100 in Audible Audiobooks & Originals),#1 in Business Management,#2 in Entrepreneurship (Audible Audiobooks & Originals),#2 in Organisational Behaviour",25.0,4 hours and 50 minutes,290.0,Both,1,1,1,zero to one,peter thiel,1001+,380
Zog,Julia Donaldson,4.9,4.9,2251.0,7.719573989259581,190.0,"Zog is the keenest dragon in school. He's also the most accident-prone, flying into trees and even setting his own wing on fire. Luckily, a mysterious little girl always comes by and patches up his bumps and bruises. But will she be able to help Zog with his toughest test: capturing a princess?",Fantasy | Fantasy (Books) | Children's Literature & Fiction (Books),",#1,966 in Audible Audiobooks & Originals (See Top 100 in Audible Audiobooks & Originals),#74 in Fantasy (Audible Audiobooks & Originals),#1,217 in Fantasy (Books),#3,461 in Children's Literature & Fiction (Books)",1966.0,28 minutes,28.0,Advanced Only,1,1,1,zog,julia donaldson,1001+,295
